P:28206; T:0x140027481172032 12:45:41.198 [opensc-pkcs11] ctx.c:760:process_config_file: Used configuration file '/usr/local/etc/opensc.conf'
P:28206; T:0x140027481172032 12:45:41.198 [opensc-pkcs11] ctx.c:1013:sc_context_create: ===================================
P:28206; T:0x140027481172032 12:45:41.198 [opensc-pkcs11] ctx.c:1014:sc_context_create: OpenSC version: 0.27.1
P:28206; T:0x140027481172032 12:45:41.198 [opensc-pkcs11] ctx.c:1015:sc_context_create: Configured for opensc-pkcs11 (/usr/local/bin/pkcs11-tool)
P:28206; T:0x140027481172032 12:45:41.198 [opensc-pkcs11] reader-pcsc.c:919:pcsc_init: PC/SC options: connect_exclusive=0 disconnect_action=0 transaction_end_action=0 reconnect_action=0 enable_pinpad=1 enable_pace=1
P:28206; T:0x140027481172032 12:45:41.198 [opensc-pkcs11] reader-pcsc.c:1426:pcsc_detect_readers: called
P:28206; T:0x140027481172032 12:45:41.198 [opensc-pkcs11] reader-pcsc.c:1439:pcsc_detect_readers: Probing PC/SC readers
P:28206; T:0x140027481172032 12:45:41.198 [opensc-pkcs11] reader-pcsc.c:1494:pcsc_detect_readers: Establish PC/SC context
P:28206; T:0x140027481172032 12:45:41.202 [opensc-pkcs11] reader-pcsc.c:1375:pcsc_add_reader: Adding new PC/SC reader 'Giesecke & Devrient GmbH StarSign CUT S [.] (03201229036013) 00 00'
P:28206; T:0x140027481172032 12:45:41.202 [opensc-pkcs11] reader-pcsc.c:384:refresh_attributes: Giesecke & Devrient GmbH StarSign CUT S [.] (03201229036013) 00 00 check
P:28206; T:0x140027481172032 12:45:41.202 [opensc-pkcs11] reader-pcsc.c:450:refresh_attributes: current  state: 0x00000122
P:28206; T:0x140027481172032 12:45:41.202 [opensc-pkcs11] reader-pcsc.c:451:refresh_attributes: previous state: 0x00000000
P:28206; T:0x140027481172032 12:45:41.202 [opensc-pkcs11] reader-pcsc.c:504:refresh_attributes: card present, changed
P:28206; T:0x140027481172032 12:45:41.206 [opensc-pkcs11] reader-pcsc.c:1595:pcsc_detect_readers: Giesecke & Devrient GmbH StarSign CUT S [.] (03201229036013) 00 00:SCardConnect(SHARED): 0x00000000
P:28206; T:0x140027481172032 12:45:41.206 [opensc-pkcs11] reader-pcsc.c:1174:detect_reader_features: called
P:28206; T:0x140027481172032 12:45:41.206 [opensc-pkcs11] reader-pcsc.c:1176:detect_reader_features: Requesting reader features ... 
P:28206; T:0x140027481172032 12:45:41.206 [opensc-pkcs11] reader-pcsc.c:1194:detect_reader_features: Reader feature 12 found
P:28206; T:0x140027481172032 12:45:41.206 [opensc-pkcs11] reader-pcsc.c:1115:part10_detect_max_data: get dwMaxAPDUDataSize property returned 0
P:28206; T:0x140027481172032 12:45:41.206 [opensc-pkcs11] reader-pcsc.c:1154:part10_get_vendor_product: id_vendor=1059 id_product=0019
P:28206; T:0x140027481172032 12:45:41.206 [opensc-pkcs11] reader-pcsc.c:1329:detect_reader_features: Assuming that the reader supports sending short length APDUs only
P:28206; T:0x140027481172032 12:45:41.206 [opensc-pkcs11] reader-pcsc.c:1342:detect_reader_features: Assuming that the reader supports receiving short length APDUs only
P:28206; T:0x140027481172032 12:45:41.207 [opensc-pkcs11] reader-pcsc.c:1610:pcsc_detect_readers: returning with: 0 (Success)
P:28206; T:0x140027481172032 12:45:41.207 [opensc-pkcs11] misc.c:540:load_pkcs11_parameters: PKCS#11 options: max_virtual_slots=16 slots_per_card=4 lock_login=0 atomic=0 pin_unblock_style=0 create_slots_flags=0x8
P:28206; T:0x140027481172032 12:45:41.207 [opensc-pkcs11] slot.c:421:card_detect_all: Detect all cards
P:28206; T:0x140027481172032 12:45:41.207 [opensc-pkcs11] slot.c:130:create_slot: Creating new slot
P:28206; T:0x140027481172032 12:45:41.207 [opensc-pkcs11] ctx.c:1086:sc_wait_for_event: called
P:28206; T:0x140027481172032 12:45:41.207 [opensc-pkcs11] reader-pcsc.c:1661:pcsc_wait_for_event: called
P:28206; T:0x140027481172032 12:45:41.207 [opensc-pkcs11] reader-pcsc.c:1688:pcsc_wait_for_event: PC/SC event listener 0
P:28206; T:0x140027481172032 12:45:41.207 [opensc-pkcs11] reader-pcsc.c:1715:pcsc_wait_for_event: Trying to watch 1 reader
P:28206; T:0x140027481172032 12:45:41.207 [opensc-pkcs11] reader-pcsc.c:1736:pcsc_wait_for_event: Trying to detect new readers
P:28206; T:0x140027481172032 12:45:41.212 [opensc-pkcs11] reader-pcsc.c:1790:pcsc_wait_for_event: Looping...
P:28206; T:0x140027481172032 12:45:41.212 [opensc-pkcs11] reader-pcsc.c:1796:pcsc_wait_for_event: 'Giesecke & Devrient GmbH StarSign CUT S [.] (03201229036013) 00 00' before=0x00000122 now=0x00000120
P:28206; T:0x140027481172032 12:45:41.212 [opensc-pkcs11] reader-pcsc.c:1796:pcsc_wait_for_event: '\\?PnP?\Notification' before=0x00000000 now=0x00040000
P:28206; T:0x140027481172032 12:45:41.213 [opensc-pkcs11] reader-pcsc.c:1955:pcsc_wait_for_event: return allocated reader states
P:28206; T:0x140027481172032 12:45:41.213 [opensc-pkcs11] reader-pcsc.c:1960:pcsc_wait_for_event: returning with: -1112 (Timeout while waiting for event from card reader)
P:28206; T:0x140027481172032 12:45:41.213 [opensc-pkcs11] slot.c:166:create_slot: VSS Finished initializing this slot
P:28206; T:0x140027481172032 12:45:41.213 [opensc-pkcs11] slot.c:130:create_slot: Creating new slot
P:28206; T:0x140027481172032 12:45:41.213 [opensc-pkcs11] ctx.c:1086:sc_wait_for_event: called
P:28206; T:0x140027481172032 12:45:41.214 [opensc-pkcs11] reader-pcsc.c:1661:pcsc_wait_for_event: called
P:28206; T:0x140027481172032 12:45:41.214 [opensc-pkcs11] reader-pcsc.c:1688:pcsc_wait_for_event: PC/SC event listener 1
P:28206; T:0x140027481172032 12:45:41.214 [opensc-pkcs11] reader-pcsc.c:1715:pcsc_wait_for_event: Trying to watch 1 reader
P:28206; T:0x140027481172032 12:45:41.214 [opensc-pkcs11] reader-pcsc.c:1736:pcsc_wait_for_event: Trying to detect new readers
P:28206; T:0x140027481172032 12:45:41.220 [opensc-pkcs11] reader-pcsc.c:1790:pcsc_wait_for_event: Looping...
P:28206; T:0x140027481172032 12:45:41.220 [opensc-pkcs11] reader-pcsc.c:1796:pcsc_wait_for_event: 'Giesecke & Devrient GmbH StarSign CUT S [.] (03201229036013) 00 00' before=0x00000122 now=0x00000120
P:28206; T:0x140027481172032 12:45:41.220 [opensc-pkcs11] reader-pcsc.c:1796:pcsc_wait_for_event: '\\?PnP?\Notification' before=0x00000000 now=0x00040000
P:28206; T:0x140027481172032 12:45:41.221 [opensc-pkcs11] reader-pcsc.c:1955:pcsc_wait_for_event: return allocated reader states
P:28206; T:0x140027481172032 12:45:41.221 [opensc-pkcs11] reader-pcsc.c:1960:pcsc_wait_for_event: returning with: -1112 (Timeout while waiting for event from card reader)
P:28206; T:0x140027481172032 12:45:41.221 [opensc-pkcs11] slot.c:166:create_slot: VSS Finished initializing this slot
P:28206; T:0x140027481172032 12:45:41.221 [opensc-pkcs11] slot.c:130:create_slot: Creating new slot
P:28206; T:0x140027481172032 12:45:41.221 [opensc-pkcs11] ctx.c:1086:sc_wait_for_event: called
P:28206; T:0x140027481172032 12:45:41.221 [opensc-pkcs11] reader-pcsc.c:1661:pcsc_wait_for_event: called
P:28206; T:0x140027481172032 12:45:41.221 [opensc-pkcs11] reader-pcsc.c:1688:pcsc_wait_for_event: PC/SC event listener 2
P:28206; T:0x140027481172032 12:45:41.221 [opensc-pkcs11] reader-pcsc.c:1715:pcsc_wait_for_event: Trying to watch 1 reader
P:28206; T:0x140027481172032 12:45:41.221 [opensc-pkcs11] reader-pcsc.c:1736:pcsc_wait_for_event: Trying to detect new readers
P:28206; T:0x140027481172032 12:45:41.226 [opensc-pkcs11] reader-pcsc.c:1790:pcsc_wait_for_event: Looping...
P:28206; T:0x140027481172032 12:45:41.226 [opensc-pkcs11] reader-pcsc.c:1796:pcsc_wait_for_event: 'Giesecke & Devrient GmbH StarSign CUT S [.] (03201229036013) 00 00' before=0x00000122 now=0x00000120
P:28206; T:0x140027481172032 12:45:41.226 [opensc-pkcs11] reader-pcsc.c:1796:pcsc_wait_for_event: '\\?PnP?\Notification' before=0x00000000 now=0x00040000
P:28206; T:0x140027481172032 12:45:41.227 [opensc-pkcs11] reader-pcsc.c:1955:pcsc_wait_for_event: return allocated reader states
P:28206; T:0x140027481172032 12:45:41.227 [opensc-pkcs11] reader-pcsc.c:1960:pcsc_wait_for_event: returning with: -1112 (Timeout while waiting for event from card reader)
P:28206; T:0x140027481172032 12:45:41.227 [opensc-pkcs11] slot.c:166:create_slot: VSS Finished initializing this slot
P:28206; T:0x140027481172032 12:45:41.227 [opensc-pkcs11] slot.c:130:create_slot: Creating new slot
P:28206; T:0x140027481172032 12:45:41.227 [opensc-pkcs11] ctx.c:1086:sc_wait_for_event: called
P:28206; T:0x140027481172032 12:45:41.227 [opensc-pkcs11] reader-pcsc.c:1661:pcsc_wait_for_event: called
P:28206; T:0x140027481172032 12:45:41.227 [opensc-pkcs11] reader-pcsc.c:1688:pcsc_wait_for_event: PC/SC event listener 3
P:28206; T:0x140027481172032 12:45:41.227 [opensc-pkcs11] reader-pcsc.c:1715:pcsc_wait_for_event: Trying to watch 1 reader
P:28206; T:0x140027481172032 12:45:41.227 [opensc-pkcs11] reader-pcsc.c:1736:pcsc_wait_for_event: Trying to detect new readers
P:28206; T:0x140027481172032 12:45:41.232 [opensc-pkcs11] reader-pcsc.c:1790:pcsc_wait_for_event: Looping...
P:28206; T:0x140027481172032 12:45:41.232 [opensc-pkcs11] reader-pcsc.c:1796:pcsc_wait_for_event: 'Giesecke & Devrient GmbH StarSign CUT S [.] (03201229036013) 00 00' before=0x00000122 now=0x00000120
P:28206; T:0x140027481172032 12:45:41.232 [opensc-pkcs11] reader-pcsc.c:1796:pcsc_wait_for_event: '\\?PnP?\Notification' before=0x00000000 now=0x00040000
P:28206; T:0x140027481172032 12:45:41.233 [opensc-pkcs11] reader-pcsc.c:1955:pcsc_wait_for_event: return allocated reader states
P:28206; T:0x140027481172032 12:45:41.233 [opensc-pkcs11] reader-pcsc.c:1960:pcsc_wait_for_event: returning with: -1112 (Timeout while waiting for event from card reader)
P:28206; T:0x140027481172032 12:45:41.233 [opensc-pkcs11] slot.c:166:create_slot: VSS Finished initializing this slot
P:28206; T:0x140027481172032 12:45:41.233 [opensc-pkcs11] slot.c:224:card_detect: Giesecke & Devrient GmbH StarSign CUT S [.] (03201229036013) 00 00: Detecting smart card
P:28206; T:0x140027481172032 12:45:41.233 [opensc-pkcs11] sc.c:339:sc_detect_card_presence: called
P:28206; T:0x140027481172032 12:45:41.233 [opensc-pkcs11] reader-pcsc.c:514:pcsc_detect_card_presence: called
P:28206; T:0x140027481172032 12:45:41.233 [opensc-pkcs11] reader-pcsc.c:384:refresh_attributes: Giesecke & Devrient GmbH StarSign CUT S [.] (03201229036013) 00 00 check
P:28206; T:0x140027481172032 12:45:41.234 [opensc-pkcs11] reader-pcsc.c:423:refresh_attributes: returning with: 0 (Success)
P:28206; T:0x140027481172032 12:45:41.234 [opensc-pkcs11] reader-pcsc.c:522:pcsc_detect_card_presence: returning with: 5
P:28206; T:0x140027481172032 12:45:41.234 [opensc-pkcs11] sc.c:350:sc_detect_card_presence: returning with: 5
P:28206; T:0x140027481172032 12:45:41.234 [opensc-pkcs11] slot.c:284:card_detect: Giesecke & Devrient GmbH StarSign CUT S [.] (03201229036013) 00 00: First seen the card 
P:28206; T:0x140027481172032 12:45:41.234 [opensc-pkcs11] slot.c:293:card_detect: Giesecke & Devrient GmbH StarSign CUT S [.] (03201229036013) 00 00: Connecting ... 
P:28206; T:0x140027481172032 12:45:41.234 [opensc-pkcs11] card.c:250:sc_connect_card: called
P:28206; T:0x140027481172032 12:45:41.234 [opensc-pkcs11] reader-pcsc.c:653:pcsc_connect: called
P:28206; T:0x140027481172032 12:45:41.234 [opensc-pkcs11] reader-pcsc.c:384:refresh_attributes: Giesecke & Devrient GmbH StarSign CUT S [.] (03201229036013) 00 00 check
P:28206; T:0x140027481172032 12:45:41.235 [opensc-pkcs11] reader-pcsc.c:423:refresh_attributes: returning with: 0 (Success)
P:28206; T:0x140027481172032 12:45:41.238 [opensc-pkcs11] reader-pcsc.c:677:pcsc_connect: Initial protocol: T=1
P:28206; T:0x140027481172032 12:45:41.238 [opensc-pkcs11] card.c:1292:match_atr_table: ATR     : 3b:f9:96:00:00:81:31:fe:45:53:43:45:37:20:0e:00:20:20:28
P:28206; T:0x140027481172032 12:45:41.238 [opensc-pkcs11] card.c:1303:match_atr_table: ATR try : 3B:FE:18:00:00:81:31:FE:45:80:31:81:54:48:53:4D:31:73:80:21:40:81:07:FA
P:28206; T:0x140027481172032 12:45:41.238 [opensc-pkcs11] card.c:1306:match_atr_table: ignored - wrong length
P:28206; T:0x140027481172032 12:45:41.238 [opensc-pkcs11] card.c:1303:match_atr_table: ATR try : 3B:8E:80:01:80:31:81:54:48:53:4D:31:73:80:21:40:81:07:18
P:28206; T:0x140027481172032 12:45:41.238 [opensc-pkcs11] card.c:1303:match_atr_table: ATR try : 3B:DE:18:FF:81:91:FE:1F:C3:80:31:81:54:48:53:4D:31:73:80:21:40:81:07:1C
P:28206; T:0x140027481172032 12:45:41.238 [opensc-pkcs11] card.c:1306:match_atr_table: ignored - wrong length
P:28206; T:0x140027481172032 12:45:41.238 [opensc-pkcs11] card.c:1303:match_atr_table: ATR try : 3B:DE:96:FF:81:91:FE:1F:C3:80:31:81:54:48:53:4D:31:73:80:21:40:81:07:92
P:28206; T:0x140027481172032 12:45:41.238 [opensc-pkcs11] card.c:1306:match_atr_table: ignored - wrong length
P:28206; T:0x140027481172032 12:45:41.238 [opensc-pkcs11] card.c:1303:match_atr_table: ATR try : 3B:80:80:01:01
P:28206; T:0x140027481172032 12:45:41.238 [opensc-pkcs11] card.c:1306:match_atr_table: ignored - wrong length
P:28206; T:0x140027481172032 12:45:41.238 [opensc-pkcs11] card.c:1303:match_atr_table: ATR try : 3B:84:80:01:47:6f:49:44:00
P:28206; T:0x140027481172032 12:45:41.238 [opensc-pkcs11] card.c:1306:match_atr_table: ignored - wrong length
P:28206; T:0x140027481172032 12:45:41.238 [opensc-pkcs11] card.c:1303:match_atr_table: ATR try : 3B:85:80:01:47:6f:49:44:00:00
P:28206; T:0x140027481172032 12:45:41.238 [opensc-pkcs11] card.c:1306:match_atr_table: ignored - wrong length
P:28206; T:0x140027481172032 12:45:41.238 [opensc-pkcs11] card.c:1303:match_atr_table: ATR try : 3B:86:80:01:47:6f:49:44:00:00:00
P:28206; T:0x140027481172032 12:45:41.238 [opensc-pkcs11] card.c:1306:match_atr_table: ignored - wrong length
P:28206; T:0x140027481172032 12:45:41.238 [opensc-pkcs11] card.c:1303:match_atr_table: ATR try : 3B:87:80:01:47:6f:49:44:00:00:00:00
P:28206; T:0x140027481172032 12:45:41.238 [opensc-pkcs11] card.c:1306:match_atr_table: ignored - wrong length
P:28206; T:0x140027481172032 12:45:41.238 [opensc-pkcs11] card.c:1303:match_atr_table: ATR try : 3B:88:80:01:47:6f:49:44:00:00:00:00:00
P:28206; T:0x140027481172032 12:45:41.238 [opensc-pkcs11] card.c:1306:match_atr_table: ignored - wrong length
P:28206; T:0x140027481172032 12:45:41.238 [opensc-pkcs11] card.c:1303:match_atr_table: ATR try : 3B:89:80:01:47:6f:49:44:00:00:00:00:00:00
P:28206; T:0x140027481172032 12:45:41.238 [opensc-pkcs11] card.c:1306:match_atr_table: ignored - wrong length
P:28206; T:0x140027481172032 12:45:41.239 [opensc-pkcs11] card.c:1303:match_atr_table: ATR try : 3B:8a:80:01:47:6f:49:44:00:00:00:00:00:00:00
P:28206; T:0x140027481172032 12:45:41.239 [opensc-pkcs11] card.c:1306:match_atr_table: ignored - wrong length
P:28206; T:0x140027481172032 12:45:41.239 [opensc-pkcs11] card.c:1303:match_atr_table: ATR try : 3B:8b:80:01:47:6f:49:44:00:00:00:00:00:00:00:00
P:28206; T:0x140027481172032 12:45:41.239 [opensc-pkcs11] card.c:1306:match_atr_table: ignored - wrong length
P:28206; T:0x140027481172032 12:45:41.239 [opensc-pkcs11] card.c:1303:match_atr_table: ATR try : 3B:8c:80:01:47:6f:49:44:00:00:00:00:00:00:00:00:00
P:28206; T:0x140027481172032 12:45:41.239 [opensc-pkcs11] card.c:1306:match_atr_table: ignored - wrong length
P:28206; T:0x140027481172032 12:45:41.239 [opensc-pkcs11] card.c:1303:match_atr_table: ATR try : 3B:8d:80:01:47:6f:49:44:00:00:00:00:00:00:00:00:00:00
P:28206; T:0x140027481172032 12:45:41.239 [opensc-pkcs11] card.c:1306:match_atr_table: ignored - wrong length
P:28206; T:0x140027481172032 12:45:41.239 [opensc-pkcs11] card.c:1303:match_atr_table: ATR try : 3B:8e:80:01:47:6f:49:44:00:00:00:00:00:00:00:00:00:00:00
P:28206; T:0x140027481172032 12:45:41.239 [opensc-pkcs11] card.c:1310:match_atr_table: ATR mask: FF:FF:FF:FF:FF:FF:FF:FF:00:00:00:00:00:00:00:00:00:00:00
P:28206; T:0x140027481172032 12:45:41.239 [opensc-pkcs11] card.c:1303:match_atr_table: ATR try : 3B:8f:80:01:47:6f:49:44:00:00:00:00:00:00:00:00:00:00:00:00
P:28206; T:0x140027481172032 12:45:41.239 [opensc-pkcs11] card.c:1306:match_atr_table: ignored - wrong length
P:28206; T:0x140027481172032 12:45:41.239 [opensc-pkcs11] card.c:275:sc_connect_card: matching configured ATRs
P:28206; T:0x140027481172032 12:45:41.239 [opensc-pkcs11] card.c:319:sc_connect_card: matching built-in ATRs
P:28206; T:0x140027481172032 12:45:41.239 [opensc-pkcs11] card.c:337:sc_connect_card: trying driver 'skeid'
P:28206; T:0x140027481172032 12:45:41.239 [opensc-pkcs11] card.c:1292:match_atr_table: ATR     : 3b:f9:96:00:00:81:31:fe:45:53:43:45:37:20:0e:00:20:20:28
P:28206; T:0x140027481172032 12:45:41.239 [opensc-pkcs11] card.c:1303:match_atr_table: ATR try : 3b:d2:18:00:81:31:fe:58:c9:04:11
P:28206; T:0x140027481172032 12:45:41.239 [opensc-pkcs11] card.c:1306:match_atr_table: ignored - wrong length
P:28206; T:0x140027481172032 12:45:41.239 [opensc-pkcs11] card.c:337:sc_connect_card: trying driver 'dtrust'
P:28206; T:0x140027481172032 12:45:41.239 [opensc-pkcs11] card.c:1292:match_atr_table: ATR     : 3b:f9:96:00:00:81:31:fe:45:53:43:45:37:20:0e:00:20:20:28
P:28206; T:0x140027481172032 12:45:41.239 [opensc-pkcs11] card.c:1303:match_atr_table: ATR try : 3b:d2:18:00:81:31:fe:58:c9:04:11
P:28206; T:0x140027481172032 12:45:41.239 [opensc-pkcs11] card.c:1306:match_atr_table: ignored - wrong length
P:28206; T:0x140027481172032 12:45:41.239 [opensc-pkcs11] card.c:1303:match_atr_table: ATR try : 3b:d2:18:00:81:31:fe:58:cb:01:16
P:28206; T:0x140027481172032 12:45:41.239 [opensc-pkcs11] card.c:1306:match_atr_table: ignored - wrong length
P:28206; T:0x140027481172032 12:45:41.239 [opensc-pkcs11] card.c:1303:match_atr_table: ATR try : 3b:82:80:01:cb:01:c9
P:28206; T:0x140027481172032 12:45:41.239 [opensc-pkcs11] card.c:1306:match_atr_table: ignored - wrong length
P:28206; T:0x140027481172032 12:45:41.239 [opensc-pkcs11] card.c:1303:match_atr_table: ATR try : 07:78:77:74:03:cb:01:09
P:28206; T:0x140027481172032 12:45:41.239 [opensc-pkcs11] card.c:1306:match_atr_table: ignored - wrong length
P:28206; T:0x140027481172032 12:45:41.239 [opensc-pkcs11] card.c:337:sc_connect_card: trying driver 'cardos'
P:28206; T:0x140027481172032 12:45:41.239 [opensc-pkcs11] card.c:1292:match_atr_table: ATR     : 3b:f9:96:00:00:81:31:fe:45:53:43:45:37:20:0e:00:20:20:28
P:28206; T:0x140027481172032 12:45:41.239 [opensc-pkcs11] card.c:1303:match_atr_table: ATR try : 3b:e2:00:ff:c1:10:31:fe:55:c8:02:9c
P:28206; T:0x140027481172032 12:45:41.239 [opensc-pkcs11] card.c:1306:match_atr_table: ignored - wrong length
P:28206; T:0x140027481172032 12:45:41.239 [opensc-pkcs11] card.c:1303:match_atr_table: ATR try : 3b:f2:18:00:ff:c1:0a:31:fe:55:c8:06:8a
P:28206; T:0x140027481172032 12:45:41.239 [opensc-pkcs11] card.c:1306:match_atr_table: ignored - wrong length
P:28206; T:0x140027481172032 12:45:41.239 [opensc-pkcs11] card.c:1303:match_atr_table: ATR try : 3b:d2:18:02:c1:0a:31:fe:58:c8:0d:51
P:28206; T:0x140027481172032 12:45:41.239 [opensc-pkcs11] card.c:1306:match_atr_table: ignored - wrong length
P:28206; T:0x140027481172032 12:45:41.239 [opensc-pkcs11] card.c:1303:match_atr_table: ATR try : 3b:d2:18:00:81:31:fe:58:c9:01:14
P:28206; T:0x140027481172032 12:45:41.239 [opensc-pkcs11] card.c:1306:match_atr_table: ignored - wrong length
P:28206; T:0x140027481172032 12:45:41.239 [opensc-pkcs11] card.c:1303:match_atr_table: ATR try : 3b:d2:18:00:81:31:fe:58:c9:02:17
P:28206; T:0x140027481172032 12:45:41.239 [opensc-pkcs11] card.c:1306:match_atr_table: ignored - wrong length
P:28206; T:0x140027481172032 12:45:41.239 [opensc-pkcs11] card.c:1303:match_atr_table: ATR try : 3b:d2:18:00:81:31:fe:58:c9:03:16
P:28206; T:0x140027481172032 12:45:41.239 [opensc-pkcs11] card.c:1306:match_atr_table: ignored - wrong length
P:28206; T:0x140027481172032 12:45:41.239 [opensc-pkcs11] card.c:1303:match_atr_table: ATR try : 3b:d2:18:00:81:31:fe:58:c9:04:11
P:28206; T:0x140027481172032 12:45:41.239 [opensc-pkcs11] card.c:1306:match_atr_table: ignored - wrong length
P:28206; T:0x140027481172032 12:45:41.239 [opensc-pkcs11] card.c:337:sc_connect_card: trying driver 'gemsafeV1'
P:28206; T:0x140027481172032 12:45:41.239 [opensc-pkcs11] card.c:1292:match_atr_table: ATR     : 3b:f9:96:00:00:81:31:fe:45:53:43:45:37:20:0e:00:20:20:28
P:28206; T:0x140027481172032 12:45:41.239 [opensc-pkcs11] card.c:1303:match_atr_table: ATR try : 3B:7B:94:00:00:80:65:B0:83:01:01:74:83:00:90:00
P:28206; T:0x140027481172032 12:45:41.239 [opensc-pkcs11] card.c:1306:match_atr_table: ignored - wrong length
P:28206; T:0x140027481172032 12:45:41.239 [opensc-pkcs11] card.c:1303:match_atr_table: ATR try : 3B:6B:00:00:80:65:B0:83:01:01:74:83:00:90:00
P:28206; T:0x140027481172032 12:45:41.239 [opensc-pkcs11] card.c:1306:match_atr_table: ignored - wrong length
P:28206; T:0x140027481172032 12:45:41.239 [opensc-pkcs11] card.c:1303:match_atr_table: ATR try : 3b:6d:00:00:80:31:80:65:b0:83:01:02:90:83:00:90:00
P:28206; T:0x140027481172032 12:45:41.239 [opensc-pkcs11] card.c:1306:match_atr_table: ignored - wrong length
P:28206; T:0x140027481172032 12:45:41.239 [opensc-pkcs11] card.c:1303:match_atr_table: ATR try : 3B:6B:00:00:80:65:B0:83:01:03:74:83:00:90:00
P:28206; T:0x140027481172032 12:45:41.239 [opensc-pkcs11] card.c:1306:match_atr_table: ignored - wrong length
P:28206; T:0x140027481172032 12:45:41.239 [opensc-pkcs11] card.c:1303:match_atr_table: ATR try : 3B:7A:94:00:00:80:65:A2:01:01:01:3D:72:D6:43
P:28206; T:0x140027481172032 12:45:41.239 [opensc-pkcs11] card.c:1306:match_atr_table: ignored - wrong length
P:28206; T:0x140027481172032 12:45:41.239 [opensc-pkcs11] card.c:1303:match_atr_table: ATR try : 3B:7D:94:00:00:80:31:80:65:B0:83:01:01:90:83:00:90:00
P:28206; T:0x140027481172032 12:45:41.239 [opensc-pkcs11] card.c:1306:match_atr_table: ignored - wrong length
P:28206; T:0x140027481172032 12:45:41.239 [opensc-pkcs11] card.c:1303:match_atr_table: ATR try : 3B:7D:96:00:00:80:31:80:65:B0:83:11:48:C8:83:00:90:00
P:28206; T:0x140027481172032 12:45:41.239 [opensc-pkcs11] card.c:1306:match_atr_table: ignored - wrong length
P:28206; T:0x140027481172032 12:45:41.239 [opensc-pkcs11] card.c:1303:match_atr_table: ATR try : 3B:7D:95:00:00:80:31:80:65:B0:83:11:C0:A9:83:00
P:28206; T:0x140027481172032 12:45:41.239 [opensc-pkcs11] card.c:1306:match_atr_table: ignored - wrong length
P:28206; T:0x140027481172032 12:45:41.240 [opensc-pkcs11] card.c:1303:match_atr_table: ATR try : 3B:7D:95:00:00:80:31:80:65:B0:83:11:C0:A9:83:00:90:00
P:28206; T:0x140027481172032 12:45:41.240 [opensc-pkcs11] card.c:1306:match_atr_table: ignored - wrong length
P:28206; T:0x140027481172032 12:45:41.240 [opensc-pkcs11] card.c:1303:match_atr_table: ATR try : 3B:7D:95:00:00:80:31:80:65:B0:83:11:00:C8:83:00
P:28206; T:0x140027481172032 12:45:41.240 [opensc-pkcs11] card.c:1306:match_atr_table: ignored - wrong length
P:28206; T:0x140027481172032 12:45:41.240 [opensc-pkcs11] card.c:1303:match_atr_table: ATR try : 3B:7D:95:00:00:80:31:80:65:B0:83:11:00:C8:83:00:90:00
P:28206; T:0x140027481172032 12:45:41.240 [opensc-pkcs11] card.c:1306:match_atr_table: ignored - wrong length
P:28206; T:0x140027481172032 12:45:41.240 [opensc-pkcs11] card.c:1303:match_atr_table: ATR try : 3B:FF:96:00:00:81:31:80:43:80:31:80:65:B0:85:03:00:EF:12:0F:FF:82:90:00:67
P:28206; T:0x140027481172032 12:45:41.240 [opensc-pkcs11] card.c:1306:match_atr_table: ignored - wrong length
P:28206; T:0x140027481172032 12:45:41.240 [opensc-pkcs11] card.c:1303:match_atr_table: ATR try : 3B:FF:96:00:00:81:31:FE:43:80:31:80:65:B0:85:04:01:20:12:0F:FF:82:90:00:D0
P:28206; T:0x140027481172032 12:45:41.240 [opensc-pkcs11] card.c:1306:match_atr_table: ignored - wrong length
P:28206; T:0x140027481172032 12:45:41.240 [opensc-pkcs11] card.c:1303:match_atr_table: ATR try : 3B:7D:96:00:00:80:31:80:65:B0:83:11:00:C8:83:00:90:00
P:28206; T:0x140027481172032 12:45:41.240 [opensc-pkcs11] card.c:1306:match_atr_table: ignored - wrong length
P:28206; T:0x140027481172032 12:45:41.240 [opensc-pkcs11] card.c:1303:match_atr_table: ATR try : 3b:7d:96:00:00:80:31:80:65:b0:83:02:01:f3:83:00:90:00
P:28206; T:0x140027481172032 12:45:41.240 [opensc-pkcs11] card.c:1306:match_atr_table: ignored - wrong length
P:28206; T:0x140027481172032 12:45:41.240 [opensc-pkcs11] card.c:337:sc_connect_card: trying driver 'starcos'
P:28206; T:0x140027481172032 12:45:41.240 [opensc-pkcs11] card.c:1292:match_atr_table: ATR     : 3b:f9:96:00:00:81:31:fe:45:53:43:45:37:20:0e:00:20:20:28
P:28206; T:0x140027481172032 12:45:41.240 [opensc-pkcs11] card.c:1303:match_atr_table: ATR try : 3B:B7:94:00:c0:24:31:fe:65:53:50:4b:32:33:90:00:b4
P:28206; T:0x140027481172032 12:45:41.240 [opensc-pkcs11] card.c:1306:match_atr_table: ignored - wrong length
P:28206; T:0x140027481172032 12:45:41.240 [opensc-pkcs11] card.c:1303:match_atr_table: ATR try : 3B:B7:94:00:81:31:fe:65:53:50:4b:32:33:90:00:d1
P:28206; T:0x140027481172032 12:45:41.240 [opensc-pkcs11] card.c:1306:match_atr_table: ignored - wrong length
P:28206; T:0x140027481172032 12:45:41.240 [opensc-pkcs11] card.c:1303:match_atr_table: ATR try : 3b:b7:18:00:c0:3e:31:fe:65:53:50:4b:32:34:90:00:25
P:28206; T:0x140027481172032 12:45:41.240 [opensc-pkcs11] card.c:1306:match_atr_table: ignored - wrong length
P:28206; T:0x140027481172032 12:45:41.240 [opensc-pkcs11] card.c:1303:match_atr_table: ATR try : 3b:d8:18:ff:81:b1:fe:45:1f:03:80:64:04:1a:b4:03:81:05:61
P:28206; T:0x140027481172032 12:45:41.240 [opensc-pkcs11] card.c:1303:match_atr_table: ATR try : 3b:d3:96:ff:81:b1:fe:45:1f:07:80:81:05:2d
P:28206; T:0x140027481172032 12:45:41.240 [opensc-pkcs11] card.c:1306:match_atr_table: ignored - wrong length
P:28206; T:0x140027481172032 12:45:41.240 [opensc-pkcs11] card.c:1303:match_atr_table: ATR try : 3B:9B:96:C0:0A:31:FE:45:80:67:04:1E:B5:01:00:89:4C:81:05:45
P:28206; T:0x140027481172032 12:45:41.240 [opensc-pkcs11] card.c:1306:match_atr_table: ignored - wrong length
P:28206; T:0x140027481172032 12:45:41.240 [opensc-pkcs11] card.c:1303:match_atr_table: ATR try : 3B:DB:96:FF:81:31:FE:45:80:67:05:34:B5:02:01:C0:A1:81:05:3C
P:28206; T:0x140027481172032 12:45:41.240 [opensc-pkcs11] card.c:1306:match_atr_table: ignored - wrong length
P:28206; T:0x140027481172032 12:45:41.240 [opensc-pkcs11] card.c:1303:match_atr_table: ATR try : 3B:D9:96:FF:81:31:FE:45:80:31:B8:73:86:01:C0:81:05:02
P:28206; T:0x140027481172032 12:45:41.240 [opensc-pkcs11] card.c:1306:match_atr_table: ignored - wrong length
P:28206; T:0x140027481172032 12:45:41.240 [opensc-pkcs11] card.c:1303:match_atr_table: ATR try : 3B:DF:96:FF:81:31:FE:45:80:5B:44:45:2E:42:4E:4F:54:4B:31:31:31:81:05:A0
P:28206; T:0x140027481172032 12:45:41.240 [opensc-pkcs11] card.c:1306:match_atr_table: ignored - wrong length
P:28206; T:0x140027481172032 12:45:41.240 [opensc-pkcs11] card.c:1303:match_atr_table: ATR try : 3B:DF:96:FF:81:31:FE:45:80:5B:44:45:2E:42:4E:4F:54:4B:31:30:30:81:05:A0
P:28206; T:0x140027481172032 12:45:41.240 [opensc-pkcs11] card.c:1306:match_atr_table: ignored - wrong length
P:28206; T:0x140027481172032 12:45:41.240 [opensc-pkcs11] card.c:1303:match_atr_table: ATR try : 3B:D9:96:FF:81:31:FE:45:80:31:B8:73:86:01:E0:81:05:22
P:28206; T:0x140027481172032 12:45:41.240 [opensc-pkcs11] card.c:1306:match_atr_table: ignored - wrong length
P:28206; T:0x140027481172032 12:45:41.240 [opensc-pkcs11] card.c:1303:match_atr_table: ATR try : 3B:D0:97:FF:81:B1:FE:45:1F:07:2B
P:28206; T:0x140027481172032 12:45:41.240 [opensc-pkcs11] card.c:1306:match_atr_table: ignored - wrong length
P:28206; T:0x140027481172032 12:45:41.240 [opensc-pkcs11] card.c:1303:match_atr_table: ATR try : 3B:D0:96:FF:81:B1:FE:45:1F:07:2A
P:28206; T:0x140027481172032 12:45:41.240 [opensc-pkcs11] card.c:1306:match_atr_table: ignored - wrong length
P:28206; T:0x140027481172032 12:45:41.240 [opensc-pkcs11] card.c:1303:match_atr_table: ATR try : 3b:df:96:ff:81:31:fe:45:80:5b:44:45:2e:42:41:5f:53:43:33:35:32:81:05:b5
P:28206; T:0x140027481172032 12:45:41.240 [opensc-pkcs11] card.c:1306:match_atr_table: ignored - wrong length
P:28206; T:0x140027481172032 12:45:41.240 [opensc-pkcs11] card.c:337:sc_connect_card: trying driver 'tcos'
P:28206; T:0x140027481172032 12:45:41.240 [opensc-pkcs11] card.c:1292:match_atr_table: ATR     : 3b:f9:96:00:00:81:31:fe:45:53:43:45:37:20:0e:00:20:20:28
P:28206; T:0x140027481172032 12:45:41.240 [opensc-pkcs11] card.c:1303:match_atr_table: ATR try : 3B:BA:13:00:81:31:86:5D:00:64:05:0A:02:01:31:80:90:00:8B
P:28206; T:0x140027481172032 12:45:41.240 [opensc-pkcs11] card.c:1303:match_atr_table: ATR try : 3B:BA:14:00:81:31:86:5D:00:64:05:14:02:02:31:80:90:00:91
P:28206; T:0x140027481172032 12:45:41.240 [opensc-pkcs11] card.c:1303:match_atr_table: ATR try : 3B:BA:96:00:81:31:86:5D:00:64:05:60:02:03:31:80:90:00:66
P:28206; T:0x140027481172032 12:45:41.240 [opensc-pkcs11] card.c:1303:match_atr_table: ATR try : 3B:BA:96:00:81:31:86:5D:00:64:05:7B:02:03:31:80:90:00:7D
P:28206; T:0x140027481172032 12:45:41.240 [opensc-pkcs11] card.c:1303:match_atr_table: ATR try : 3B:BF:96:00:81:31:FE:5D:00:64:04:11:03:01:31:C0:73:F7:01:D0:00:90:00:7D
P:28206; T:0x140027481172032 12:45:41.240 [opensc-pkcs11] card.c:1306:match_atr_table: ignored - wrong length
P:28206; T:0x140027481172032 12:45:41.240 [opensc-pkcs11] card.c:1303:match_atr_table: ATR try : 3B:BF:96:00:81:31:FE:5D:00:64:04:11:04:0F:31:C0:73:F7:01:D0:00:90:00:74
P:28206; T:0x140027481172032 12:45:41.240 [opensc-pkcs11] card.c:1306:match_atr_table: ignored - wrong length
P:28206; T:0x140027481172032 12:45:41.240 [opensc-pkcs11] card.c:1303:match_atr_table: ATR try : 3B:BF:B6:00:81:31:FE:5D:00:64:04:28:03:02:31:C0:73:F7:01:D0:00:90:00:67
P:28206; T:0x140027481172032 12:45:41.240 [opensc-pkcs11] card.c:1306:match_atr_table: ignored - wrong length
P:28206; T:0x140027481172032 12:45:41.240 [opensc-pkcs11] card.c:337:sc_connect_card: trying driver 'oberthur'
P:28206; T:0x140027481172032 12:45:41.240 [opensc-pkcs11] card.c:1292:match_atr_table: ATR     : 3b:f9:96:00:00:81:31:fe:45:53:43:45:37:20:0e:00:20:20:28
P:28206; T:0x140027481172032 12:45:41.240 [opensc-pkcs11] card.c:1303:match_atr_table: ATR try : 3B:7D:18:00:00:00:31:80:71:8E:64:77:E3:01:00:82:90:00
P:28206; T:0x140027481172032 12:45:41.240 [opensc-pkcs11] card.c:1306:match_atr_table: ignored - wrong length
P:28206; T:0x140027481172032 12:45:41.240 [opensc-pkcs11] card.c:1303:match_atr_table: ATR try : 3B:7D:18:00:00:00:31:80:71:8E:64:77:E3:02:00:82:90:00
P:28206; T:0x140027481172032 12:45:41.240 [opensc-pkcs11] card.c:1306:match_atr_table: ignored - wrong length
P:28206; T:0x140027481172032 12:45:41.240 [opensc-pkcs11] card.c:1303:match_atr_table: ATR try : 3B:7D:11:00:00:00:31:80:71:8E:64:77:E3:01:00:82:90:00
P:28206; T:0x140027481172032 12:45:41.240 [opensc-pkcs11] card.c:1306:match_atr_table: ignored - wrong length
P:28206; T:0x140027481172032 12:45:41.240 [opensc-pkcs11] card.c:1303:match_atr_table: ATR try : 3B:7D:11:00:00:00:31:80:71:8E:64:77:E3:02:00:82:90:00
P:28206; T:0x140027481172032 12:45:41.240 [opensc-pkcs11] card.c:1306:match_atr_table: ignored - wrong length
P:28206; T:0x140027481172032 12:45:41.240 [opensc-pkcs11] card.c:1303:match_atr_table: ATR try : 3B:7B:18:00:00:00:31:C0:64:77:E3:03:00:82:90:00
P:28206; T:0x140027481172032 12:45:41.241 [opensc-pkcs11] card.c:1306:match_atr_table: ignored - wrong length
P:28206; T:0x140027481172032 12:45:41.241 [opensc-pkcs11] card.c:1303:match_atr_table: ATR try : 3B:FB:11:00:00:81:31:FE:45:00:31:C0:64:77:E9:10:00:00:90:00:6A
P:28206; T:0x140027481172032 12:45:41.241 [opensc-pkcs11] card.c:1306:match_atr_table: ignored - wrong length
P:28206; T:0x140027481172032 12:45:41.241 [opensc-pkcs11] card.c:337:sc_connect_card: trying driver 'authentic'
P:28206; T:0x140027481172032 12:45:41.241 [opensc-pkcs11] card-authentic.c:394:authentic_match_card: 
try to match card with ATR (19 bytes):
3B F9 96 00 00 81 31 FE 45 53 43 45 37 20 0E 00 ;.....1.ESCE7 ..
20 20 28                                          (

P:28206; T:0x140027481172032 12:45:41.241 [opensc-pkcs11] card.c:1292:match_atr_table: ATR     : 3b:f9:96:00:00:81:31:fe:45:53:43:45:37:20:0e:00:20:20:28
P:28206; T:0x140027481172032 12:45:41.241 [opensc-pkcs11] card.c:1303:match_atr_table: ATR try : 3B:DD:18:00:81:31:FE:45:80:F9:A0:00:00:00:77:01:00:70:0A:90:00:8B
P:28206; T:0x140027481172032 12:45:41.241 [opensc-pkcs11] card.c:1306:match_atr_table: ignored - wrong length
P:28206; T:0x140027481172032 12:45:41.241 [opensc-pkcs11] card-authentic.c:397:authentic_match_card: card not matched
P:28206; T:0x140027481172032 12:45:41.241 [opensc-pkcs11] card.c:337:sc_connect_card: trying driver 'iasecc'
P:28206; T:0x140027481172032 12:45:41.241 [opensc-pkcs11] card.c:1292:match_atr_table: ATR     : 3b:f9:96:00:00:81:31:fe:45:53:43:45:37:20:0e:00:20:20:28
P:28206; T:0x140027481172032 12:45:41.241 [opensc-pkcs11] card.c:1303:match_atr_table: ATR try : 3B:7F:96:00:00:00:31:B8:64:40:70:14:10:73:94:01:80:82:90:00
P:28206; T:0x140027481172032 12:45:41.241 [opensc-pkcs11] card.c:1306:match_atr_table: ignored - wrong length
P:28206; T:0x140027481172032 12:45:41.241 [opensc-pkcs11] card.c:1303:match_atr_table: ATR try : 3B:DD:00:00:81:31:FE:45:80:F9:A0:00:00:00:77:01:08:00:07:90:00:00
P:28206; T:0x140027481172032 12:45:41.241 [opensc-pkcs11] card.c:1306:match_atr_table: ignored - wrong length
P:28206; T:0x140027481172032 12:45:41.241 [opensc-pkcs11] card.c:1303:match_atr_table: ATR try : 3B:7D:13:00:00:4D:44:57:2D:49:41:53:2D:43:41:52:44:32
P:28206; T:0x140027481172032 12:45:41.241 [opensc-pkcs11] card.c:1306:match_atr_table: ignored - wrong length
P:28206; T:0x140027481172032 12:45:41.241 [opensc-pkcs11] card.c:1303:match_atr_table: ATR try : 3B:7F:18:00:00:00:31:B8:64:50:23:EC:C1:73:94:01:80:82:90:00
P:28206; T:0x140027481172032 12:45:41.241 [opensc-pkcs11] card.c:1306:match_atr_table: ignored - wrong length
P:28206; T:0x140027481172032 12:45:41.241 [opensc-pkcs11] card.c:1303:match_atr_table: ATR try : 3B:DF:96:00:80:31:FE:45:00:31:B8:64:04:1F:EC:C1:73:94:01:80:82:90:00:EC
P:28206; T:0x140027481172032 12:45:41.241 [opensc-pkcs11] card.c:1306:match_atr_table: ignored - wrong length
P:28206; T:0x140027481172032 12:45:41.241 [opensc-pkcs11] card.c:1303:match_atr_table: ATR try : 3B:DF:18:FF:81:91:FE:1F:C3:00:31:B8:64:0C:01:EC:C1:73:94:01:80:82:90:00:B3
P:28206; T:0x140027481172032 12:45:41.241 [opensc-pkcs11] card.c:1306:match_atr_table: ignored - wrong length
P:28206; T:0x140027481172032 12:45:41.241 [opensc-pkcs11] card.c:1303:match_atr_table: ATR try : 3B:DC:18:FF:81:91:FE:1F:C3:80:73:C8:21:13:66:02:04:03:55:00:02:34
P:28206; T:0x140027481172032 12:45:41.241 [opensc-pkcs11] card.c:1306:match_atr_table: ignored - wrong length
P:28206; T:0x140027481172032 12:45:41.241 [opensc-pkcs11] card.c:1303:match_atr_table: ATR try : 3B:DC:18:FF:81:91:FE:1F:C3:80:73:C8:21:13:66:01:0B:03:52:00:05:38
P:28206; T:0x140027481172032 12:45:41.241 [opensc-pkcs11] card.c:1306:match_atr_table: ignored - wrong length
P:28206; T:0x140027481172032 12:45:41.241 [opensc-pkcs11] card.c:1303:match_atr_table: ATR try : 3B:AC:00:40:2A:00:12:25:00:64:80:00:03:10:00:90:00
P:28206; T:0x140027481172032 12:45:41.241 [opensc-pkcs11] card.c:1306:match_atr_table: ignored - wrong length
P:28206; T:0x140027481172032 12:45:41.241 [opensc-pkcs11] card.c:1303:match_atr_table: ATR try : 2B:8F:80:01:00:31:B8:64:04:B0:EC:C1:73:94:01:80:82:90:00:0E
P:28206; T:0x140027481172032 12:45:41.241 [opensc-pkcs11] card.c:1306:match_atr_table: ignored - wrong length
P:28206; T:0x140027481172032 12:45:41.241 [opensc-pkcs11] card-iasecc.c:359:iasecc_match_card: card not matched
P:28206; T:0x140027481172032 12:45:41.241 [opensc-pkcs11] card.c:337:sc_connect_card: trying driver 'belpic'
P:28206; T:0x140027481172032 12:45:41.241 [opensc-pkcs11] card.c:1292:match_atr_table: ATR     : 3b:f9:96:00:00:81:31:fe:45:53:43:45:37:20:0e:00:20:20:28
P:28206; T:0x140027481172032 12:45:41.241 [opensc-pkcs11] card.c:1303:match_atr_table: ATR try : 3B:7F:96:00:00:80:31:80:65:B0:85:04:01:20:12:0F:FF:82:90:00
P:28206; T:0x140027481172032 12:45:41.241 [opensc-pkcs11] card.c:1306:match_atr_table: ignored - wrong length
P:28206; T:0x140027481172032 12:45:41.241 [opensc-pkcs11] card.c:1303:match_atr_table: ATR try : 3B:98:13:40:0A:A5:03:01:01:01:AD:13:11
P:28206; T:0x140027481172032 12:45:41.241 [opensc-pkcs11] card.c:1306:match_atr_table: ignored - wrong length
P:28206; T:0x140027481172032 12:45:41.241 [opensc-pkcs11] card.c:1303:match_atr_table: ATR try : 3B:98:94:40:0A:A5:03:01:01:01:AD:13:10
P:28206; T:0x140027481172032 12:45:41.241 [opensc-pkcs11] card.c:1306:match_atr_table: ignored - wrong length
P:28206; T:0x140027481172032 12:45:41.241 [opensc-pkcs11] card.c:1303:match_atr_table: ATR try : 3B:98:94:40:FF:A5:03:01:01:01:AD:13:10
P:28206; T:0x140027481172032 12:45:41.241 [opensc-pkcs11] card.c:1306:match_atr_table: ignored - wrong length
P:28206; T:0x140027481172032 12:45:41.241 [opensc-pkcs11] card.c:337:sc_connect_card: trying driver 'entersafe'
P:28206; T:0x140027481172032 12:45:41.241 [opensc-pkcs11] card-entersafe.c:137:entersafe_match_card: called
P:28206; T:0x140027481172032 12:45:41.241 [opensc-pkcs11] card.c:1292:match_atr_table: ATR     : 3b:f9:96:00:00:81:31:fe:45:53:43:45:37:20:0e:00:20:20:28
P:28206; T:0x140027481172032 12:45:41.241 [opensc-pkcs11] card.c:1303:match_atr_table: ATR try : 3b:0f:00:65:46:53:05:19:05:71:df:00:00:00:00:00:00
P:28206; T:0x140027481172032 12:45:41.241 [opensc-pkcs11] card.c:1306:match_atr_table: ignored - wrong length
P:28206; T:0x140027481172032 12:45:41.241 [opensc-pkcs11] card.c:1303:match_atr_table: ATR try : 3b:9f:95:81:31:fe:9f:00:65:46:53:05:30:06:71:df:00:00:00:80:6a:82:5e
P:28206; T:0x140027481172032 12:45:41.241 [opensc-pkcs11] card.c:1306:match_atr_table: ignored - wrong length
P:28206; T:0x140027481172032 12:45:41.241 [opensc-pkcs11] card.c:1303:match_atr_table: ATR try : 3b:fc:18:00:00:81:31:80:45:90:67:46:4a:00:64:18:14:00:00:00:00:02
P:28206; T:0x140027481172032 12:45:41.241 [opensc-pkcs11] card.c:1306:match_atr_table: ignored - wrong length
P:28206; T:0x140027481172032 12:45:41.241 [opensc-pkcs11] card.c:1303:match_atr_table: ATR try : 3b:7c:18:00:00:90:67:46:4a:20:28:8c:58:00:00:00:00
P:28206; T:0x140027481172032 12:45:41.241 [opensc-pkcs11] card.c:1306:match_atr_table: ignored - wrong length
P:28206; T:0x140027481172032 12:45:41.241 [opensc-pkcs11] card.c:1303:match_atr_table: ATR try : 3B:FC:18:00:00:81:31:80:45:90:67:46:4A:21:28:8C:58:00:00:00:00:B7
P:28206; T:0x140027481172032 12:45:41.241 [opensc-pkcs11] card.c:1306:match_atr_table: ignored - wrong length
P:28206; T:0x140027481172032 12:45:41.241 [opensc-pkcs11] card.c:1303:match_atr_table: ATR try : 3B:FC:18:00:00:81:31:80:45:90:67:46:4A:20:25:c3:30:00:00:00:00
P:28206; T:0x140027481172032 12:45:41.241 [opensc-pkcs11] card.c:1306:match_atr_table: ignored - wrong length
P:28206; T:0x140027481172032 12:45:41.241 [opensc-pkcs11] card.c:1303:match_atr_table: ATR try : 3B:FC:18:00:00:81:31:80:45:90:67:46:4A:00:6A:04:24:00:00:00:00:20
P:28206; T:0x140027481172032 12:45:41.241 [opensc-pkcs11] card.c:1306:match_atr_table: ignored - wrong length
P:28206; T:0x140027481172032 12:45:41.241 [opensc-pkcs11] card.c:1303:match_atr_table: ATR try : 3B:FC:18:00:00:81:31:80:45:90:67:46:4A:00:68:08:04:00:00:00:00:0E
P:28206; T:0x140027481172032 12:45:41.241 [opensc-pkcs11] card.c:1306:match_atr_table: ignored - wrong length
P:28206; T:0x140027481172032 12:45:41.241 [opensc-pkcs11] card.c:1303:match_atr_table: ATR try : 3B:FC:18:00:00:81:31:80:45:90:67:46:4A:10:27:61:30:00:00:00:00:0C
P:28206; T:0x140027481172032 12:45:41.241 [opensc-pkcs11] card.c:1306:match_atr_table: ignored - wrong length
P:28206; T:0x140027481172032 12:45:41.241 [opensc-pkcs11] card.c:1303:match_atr_table: ATR try : 3b:fc:18:00:00:81:31:80:45:90:67:46:4a:00:68:08:06:00:00:00:00:0c
P:28206; T:0x140027481172032 12:45:41.241 [opensc-pkcs11] card.c:1306:match_atr_table: ignored - wrong length
P:28206; T:0x140027481172032 12:45:41.241 [opensc-pkcs11] card.c:337:sc_connect_card: trying driver 'epass2003'
P:28206; T:0x140027481172032 12:45:41.241 [opensc-pkcs11] card-epass2003.c:1692:epass2003_match_card: called
P:28206; T:0x140027481172032 12:45:41.242 [opensc-pkcs11] card.c:1292:match_atr_table: ATR     : 3b:f9:96:00:00:81:31:fe:45:53:43:45:37:20:0e:00:20:20:28
P:28206; T:0x140027481172032 12:45:41.242 [opensc-pkcs11] card.c:1303:match_atr_table: ATR try : 3B:9F:95:81:31:FE:9F:00:66:46:53:05:00:00:00:71:df:00:00:00:00:00:00
P:28206; T:0x140027481172032 12:45:41.242 [opensc-pkcs11] card.c:1306:match_atr_table: ignored - wrong length
P:28206; T:0x140027481172032 12:45:41.242 [opensc-pkcs11] card.c:337:sc_connect_card: trying driver 'rutoken'
P:28206; T:0x140027481172032 12:45:41.242 [opensc-pkcs11] card-rutoken.c:104:rutoken_match_card: called
P:28206; T:0x140027481172032 12:45:41.242 [opensc-pkcs11] card.c:1292:match_atr_table: ATR     : 3b:f9:96:00:00:81:31:fe:45:53:43:45:37:20:0e:00:20:20:28
P:28206; T:0x140027481172032 12:45:41.242 [opensc-pkcs11] card.c:1303:match_atr_table: ATR try : 3b:6f:00:ff:00:56:72:75:54:6f:6b:6e:73:30:20:00:00:90:00
P:28206; T:0x140027481172032 12:45:41.242 [opensc-pkcs11] card.c:1303:match_atr_table: ATR try : 3b:6f:00:ff:00:56:75:61:54:6f:6b:6e:73:30:20:00:00:90:00
P:28206; T:0x140027481172032 12:45:41.242 [opensc-pkcs11] card-rutoken.c:110:rutoken_match_card: returning with: 0 (Success)
P:28206; T:0x140027481172032 12:45:41.242 [opensc-pkcs11] card.c:337:sc_connect_card: trying driver 'rutoken_ecp'
P:28206; T:0x140027481172032 12:45:41.242 [opensc-pkcs11] card.c:1292:match_atr_table: ATR     : 3b:f9:96:00:00:81:31:fe:45:53:43:45:37:20:0e:00:20:20:28
P:28206; T:0x140027481172032 12:45:41.242 [opensc-pkcs11] card.c:1303:match_atr_table: ATR try : 3B:8B:01:52:75:74:6F:6B:65:6E:20:45:43:50:A0
P:28206; T:0x140027481172032 12:45:41.242 [opensc-pkcs11] card.c:1306:match_atr_table: ignored - wrong length
P:28206; T:0x140027481172032 12:45:41.242 [opensc-pkcs11] card.c:1303:match_atr_table: ATR try : 3B:8B:01:52:75:74:6F:6B:65:6E:20:44:53:20:C1
P:28206; T:0x140027481172032 12:45:41.242 [opensc-pkcs11] card.c:1306:match_atr_table: ignored - wrong length
P:28206; T:0x140027481172032 12:45:41.242 [opensc-pkcs11] card.c:1303:match_atr_table: ATR try : 3B:9C:96:00:52:75:74:6F:6B:65:6E:45:43:50:73:63
P:28206; T:0x140027481172032 12:45:41.242 [opensc-pkcs11] card.c:1306:match_atr_table: ignored - wrong length
P:28206; T:0x140027481172032 12:45:41.242 [opensc-pkcs11] card.c:1303:match_atr_table: ATR try : 3B:9C:94:80:11:40:52:75:74:6F:6B:65:6E:45:43:50:73:63:C3
P:28206; T:0x140027481172032 12:45:41.242 [opensc-pkcs11] card.c:1310:match_atr_table: ATR mask: 00:00:00:00:00:00:FF:FF:FF:FF:FF:FF:FF:FF:FF:FF:FF:FF:00
P:28206; T:0x140027481172032 12:45:41.242 [opensc-pkcs11] card.c:1303:match_atr_table: ATR try : 3B:88:80:01:52:74:53:43:77:81:83:20:6A
P:28206; T:0x140027481172032 12:45:41.242 [opensc-pkcs11] card.c:1306:match_atr_table: ignored - wrong length
P:28206; T:0x140027481172032 12:45:41.242 [opensc-pkcs11] card.c:1303:match_atr_table: ATR try : 3B:8B:01:52:75:74:6F:6B:65:6E:6C:69:74:65:C2
P:28206; T:0x140027481172032 12:45:41.242 [opensc-pkcs11] card.c:1306:match_atr_table: ignored - wrong length
P:28206; T:0x140027481172032 12:45:41.242 [opensc-pkcs11] card.c:1303:match_atr_table: ATR try : 3B:9E:96:00:52:75:74:6F:6B:65:6E:4C:69:74:65:53:43:32
P:28206; T:0x140027481172032 12:45:41.242 [opensc-pkcs11] card.c:1306:match_atr_table: ignored - wrong length
P:28206; T:0x140027481172032 12:45:41.242 [opensc-pkcs11] card-rtecp.c:80:rtecp_match_card: returning with: 0 (Success)
P:28206; T:0x140027481172032 12:45:41.242 [opensc-pkcs11] card.c:337:sc_connect_card: trying driver 'myeid'
P:28206; T:0x140027481172032 12:45:41.242 [opensc-pkcs11] card.c:337:sc_connect_card: trying driver 'dnie'
P:28206; T:0x140027481172032 12:45:41.242 [opensc-pkcs11] card-dnie.c:741:dnie_match_card: called
P:28206; T:0x140027481172032 12:45:41.242 [opensc-pkcs11] card.c:1292:match_atr_table: ATR     : 3b:f9:96:00:00:81:31:fe:45:53:43:45:37:20:0e:00:20:20:28
P:28206; T:0x140027481172032 12:45:41.242 [opensc-pkcs11] card.c:1303:match_atr_table: ATR try : 3B:7F:00:00:00:00:6A:44:4E:49:65:00:00:00:00:00:00:03:90:00
P:28206; T:0x140027481172032 12:45:41.242 [opensc-pkcs11] card.c:1306:match_atr_table: ignored - wrong length
P:28206; T:0x140027481172032 12:45:41.242 [opensc-pkcs11] card.c:1303:match_atr_table: ATR try : 3B:7F:00:00:00:00:6A:44:4E:49:65:00:00:00:00:00:00:0F:65:81
P:28206; T:0x140027481172032 12:45:41.242 [opensc-pkcs11] card.c:1306:match_atr_table: ignored - wrong length
P:28206; T:0x140027481172032 12:45:41.242 [opensc-pkcs11] card-dnie.c:744:dnie_match_card: returning with: 0 (Success)
P:28206; T:0x140027481172032 12:45:41.242 [opensc-pkcs11] card.c:337:sc_connect_card: trying driver 'MaskTech'
P:28206; T:0x140027481172032 12:45:41.242 [opensc-pkcs11] card.c:1292:match_atr_table: ATR     : 3b:f9:96:00:00:81:31:fe:45:53:43:45:37:20:0e:00:20:20:28
P:28206; T:0x140027481172032 12:45:41.242 [opensc-pkcs11] card.c:1303:match_atr_table: ATR try : 3B:89:80:01:4D:54:43:4F:53:70:02:00:04:31
P:28206; T:0x140027481172032 12:45:41.242 [opensc-pkcs11] card.c:1306:match_atr_table: ignored - wrong length
P:28206; T:0x140027481172032 12:45:41.242 [opensc-pkcs11] card.c:1303:match_atr_table: ATR try : 3B:88:80:01:00:00:00:00:77:81:80:00:6E
P:28206; T:0x140027481172032 12:45:41.242 [opensc-pkcs11] card.c:1306:match_atr_table: ignored - wrong length
P:28206; T:0x140027481172032 12:45:41.242 [opensc-pkcs11] card.c:1303:match_atr_table: ATR try : 3B:9D:13:81:31:60:35:80:31:C0:69:4D:54:43:4F:53:73:02:00:00:40
P:28206; T:0x140027481172032 12:45:41.242 [opensc-pkcs11] card.c:1306:match_atr_table: ignored - wrong length
P:28206; T:0x140027481172032 12:45:41.242 [opensc-pkcs11] card.c:337:sc_connect_card: trying driver 'idprime'
P:28206; T:0x140027481172032 12:45:41.242 [opensc-pkcs11] card-idprime.c:753:idprime_match_card: called
P:28206; T:0x140027481172032 12:45:41.242 [opensc-pkcs11] card.c:1292:match_atr_table: ATR     : 3b:f9:96:00:00:81:31:fe:45:53:43:45:37:20:0e:00:20:20:28
P:28206; T:0x140027481172032 12:45:41.242 [opensc-pkcs11] card.c:1303:match_atr_table: ATR try : 3b:7f:96:00:00:80:31:80:65:b0:84:41:3d:f6:12:0f:fe:82:90:00
P:28206; T:0x140027481172032 12:45:41.242 [opensc-pkcs11] card.c:1306:match_atr_table: ignored - wrong length
P:28206; T:0x140027481172032 12:45:41.242 [opensc-pkcs11] card.c:1303:match_atr_table: ATR try : 3b:7f:96:00:00:80:31:80:65:b0:84:56:51:10:12:0f:fe:82:90:00
P:28206; T:0x140027481172032 12:45:41.242 [opensc-pkcs11] card.c:1306:match_atr_table: ignored - wrong length
P:28206; T:0x140027481172032 12:45:41.242 [opensc-pkcs11] card.c:1303:match_atr_table: ATR try : 3b:7f:96:00:00:80:31:80:65:b0:84:61:60:fb:12:0f:fe:82:90:00
P:28206; T:0x140027481172032 12:45:41.242 [opensc-pkcs11] card.c:1306:match_atr_table: ignored - wrong length
P:28206; T:0x140027481172032 12:45:41.242 [opensc-pkcs11] card.c:1303:match_atr_table: ATR try : 3b:ff:96:00:00:81:31:fe:43:80:31:80:65:b0:84:65:66:fb:12:01:78:82:90:00:85
P:28206; T:0x140027481172032 12:45:41.242 [opensc-pkcs11] card.c:1306:match_atr_table: ignored - wrong length
P:28206; T:0x140027481172032 12:45:41.242 [opensc-pkcs11] card.c:1303:match_atr_table: ATR try : 3b:7f:96:00:00:80:31:80:65:b0:85:03:00:ef:12:0f:fe:82:90:00
P:28206; T:0x140027481172032 12:45:41.242 [opensc-pkcs11] card.c:1306:match_atr_table: ignored - wrong length
P:28206; T:0x140027481172032 12:45:41.242 [opensc-pkcs11] card.c:1303:match_atr_table: ATR try : 3b:7f:96:00:00:80:31:80:65:b0:85:59:56:fb:12:0f:fe:82:90:00
P:28206; T:0x140027481172032 12:45:41.242 [opensc-pkcs11] card.c:1306:match_atr_table: ignored - wrong length
P:28206; T:0x140027481172032 12:45:41.242 [opensc-pkcs11] card.c:1303:match_atr_table: ATR try : 3b:7f:96:00:00:80:31:80:65:b0:85:05:00:39:12:0f:fe:82:90:00
P:28206; T:0x140027481172032 12:45:41.242 [opensc-pkcs11] card.c:1306:match_atr_table: ignored - wrong length
P:28206; T:0x140027481172032 12:45:41.242 [opensc-pkcs11] card.c:1303:match_atr_table: ATR try : 3b:ff:96:00:00:81:31:fe:43:80:31:80:65:b0:85:59:56:fb:12:0f:fe:82:90:00:00
P:28206; T:0x140027481172032 12:45:41.242 [opensc-pkcs11] card.c:1306:match_atr_table: ignored - wrong length
P:28206; T:0x140027481172032 12:45:41.242 [opensc-pkcs11] card.c:1303:match_atr_table: ATR try : 3b:7f:96:00:00:80:31:80:65:b0:84:41:3d:f6:12:0f:fe:82:90:00
P:28206; T:0x140027481172032 12:45:41.242 [opensc-pkcs11] card.c:1306:match_atr_table: ignored - wrong length
P:28206; T:0x140027481172032 12:45:41.242 [opensc-pkcs11] card.c:1303:match_atr_table: ATR try : 3b:ff:96:00:00:81:31:80:43:80:31:80:65:b0:85:03:00:ef:12:0f:fe:82:90:00:66
P:28206; T:0x140027481172032 12:45:41.242 [opensc-pkcs11] card.c:1306:match_atr_table: ignored - wrong length
P:28206; T:0x140027481172032 12:45:41.242 [opensc-pkcs11] card.c:337:sc_connect_card: trying driver 'cedulauy'
P:28206; T:0x140027481172032 12:45:41.242 [opensc-pkcs11] card.c:1292:match_atr_table: ATR     : 3b:f9:96:00:00:81:31:fe:45:53:43:45:37:20:0e:00:20:20:28
P:28206; T:0x140027481172032 12:45:41.243 [opensc-pkcs11] card.c:1303:match_atr_table: ATR try : 3B:7F:94:00:00:80:31:80:65:B0:85:03:00:EF:12:0F:FF:82:90:00
P:28206; T:0x140027481172032 12:45:41.243 [opensc-pkcs11] card.c:1306:match_atr_table: ignored - wrong length
P:28206; T:0x140027481172032 12:45:41.243 [opensc-pkcs11] card.c:337:sc_connect_card: trying driver 'starsign'
P:28206; T:0x140027481172032 12:45:41.243 [opensc-pkcs11] card.c:1292:match_atr_table: ATR     : 3b:f9:96:00:00:81:31:fe:45:53:43:45:37:20:0e:00:20:20:28
P:28206; T:0x140027481172032 12:45:41.243 [opensc-pkcs11] card.c:1303:match_atr_table: ATR try : 3B:F9:96:00:00:81:31:FE:45:53:43:45:37:20:0E:00:20:20:28
P:28206; T:0x140027481172032 12:45:41.243 [opensc-pkcs11] card.c:351:sc_connect_card: matched: G&D StarSign CUT S
P:28206; T:0x140027481172032 12:45:41.243 [opensc-pkcs11] apdu.c:550:sc_transmit_apdu: called
P:28206; T:0x140027481172032 12:45:41.243 [opensc-pkcs11] card.c:466:sc_lock: called
P:28206; T:0x140027481172032 12:45:41.243 [opensc-pkcs11] reader-pcsc.c:728:pcsc_lock: called
P:28206; T:0x140027481172032 12:45:41.243 [opensc-pkcs11] card.c:505:sc_lock: returning with: 0 (Success)
P:28206; T:0x140027481172032 12:45:41.243 [opensc-pkcs11] apdu.c:515:sc_transmit: called
P:28206; T:0x140027481172032 12:45:41.243 [opensc-pkcs11] apdu.c:363:sc_single_transmit: called
P:28206; T:0x140027481172032 12:45:41.243 [opensc-pkcs11] apdu.c:367:sc_single_transmit: CLA:0, INS:DA, P1:1, P2:0, data(60) 0x7f5aafba28c0
P:28206; T:0x140027481172032 12:45:41.243 [opensc-pkcs11] reader-pcsc.c:347:pcsc_transmit: reader 'Giesecke & Devrient GmbH StarSign CUT S [.] (03201229036013) 00 00'
P:28206; T:0x140027481172032 12:45:41.243 [opensc-pkcs11] reader-pcsc.c:348:pcsc_transmit: 
Outgoing APDU (65 bytes):
00 DA 01 00 3C 49 20 61 6D 20 41 2E 45 2E 54 2E ....<I am A.E.T.
20 45 75 72 6F 70 65 20 42 2E 56 2E 20 53 61 66  Europe B.V. Saf
65 53 69 67 6E 20 6F 72 20 42 6C 75 65 58 20 61 eSign or BlueX a
70 70 72 6F 76 65 64 20 73 6F 66 74 77 61 72 65 pproved software
2E                                              .

P:28206; T:0x140027481172032 12:45:41.243 [opensc-pkcs11] reader-pcsc.c:260:pcsc_internal_transmit: called
P:28206; T:0x140027481172032 12:45:41.247 [opensc-pkcs11] reader-pcsc.c:357:pcsc_transmit: 
Incoming APDU (2 bytes):
6D 00 m.

P:28206; T:0x140027481172032 12:45:41.247 [opensc-pkcs11] apdu.c:382:sc_single_transmit: returning with: 0 (Success)
P:28206; T:0x140027481172032 12:45:41.247 [opensc-pkcs11] apdu.c:539:sc_transmit: returning with: 0 (Success)
P:28206; T:0x140027481172032 12:45:41.247 [opensc-pkcs11] card.c:515:sc_unlock: called
P:28206; T:0x140027481172032 12:45:41.247 [opensc-pkcs11] reader-pcsc.c:770:pcsc_unlock: called
P:28206; T:0x140027481172032 12:45:41.247 [opensc-pkcs11] apdu.c:550:sc_transmit_apdu: called
P:28206; T:0x140027481172032 12:45:41.247 [opensc-pkcs11] card.c:466:sc_lock: called
P:28206; T:0x140027481172032 12:45:41.247 [opensc-pkcs11] reader-pcsc.c:728:pcsc_lock: called
P:28206; T:0x140027481172032 12:45:41.247 [opensc-pkcs11] card.c:505:sc_lock: returning with: 0 (Success)
P:28206; T:0x140027481172032 12:45:41.247 [opensc-pkcs11] apdu.c:515:sc_transmit: called
P:28206; T:0x140027481172032 12:45:41.247 [opensc-pkcs11] apdu.c:363:sc_single_transmit: called
P:28206; T:0x140027481172032 12:45:41.247 [opensc-pkcs11] apdu.c:367:sc_single_transmit: CLA:0, INS:A4, P1:4, P2:0, data(12) 0x7ffe64134454
P:28206; T:0x140027481172032 12:45:41.247 [opensc-pkcs11] reader-pcsc.c:347:pcsc_transmit: reader 'Giesecke & Devrient GmbH StarSign CUT S [.] (03201229036013) 00 00'
P:28206; T:0x140027481172032 12:45:41.247 [opensc-pkcs11] reader-pcsc.c:348:pcsc_transmit: 
Outgoing APDU (18 bytes):
00 A4 04 00 0C A0 00 00 00 63 50 4B 43 53 2D 31 .........cPKCS-1
35 00                                           5.

P:28206; T:0x140027481172032 12:45:41.247 [opensc-pkcs11] reader-pcsc.c:260:pcsc_internal_transmit: called
P:28206; T:0x140027481172032 12:45:41.257 [opensc-pkcs11] reader-pcsc.c:357:pcsc_transmit: 
Incoming APDU (2 bytes):
90 00 ..

P:28206; T:0x140027481172032 12:45:41.257 [opensc-pkcs11] apdu.c:382:sc_single_transmit: returning with: 0 (Success)
P:28206; T:0x140027481172032 12:45:41.257 [opensc-pkcs11] apdu.c:539:sc_transmit: returning with: 0 (Success)
P:28206; T:0x140027481172032 12:45:41.257 [opensc-pkcs11] card.c:515:sc_unlock: called
P:28206; T:0x140027481172032 12:45:41.257 [opensc-pkcs11] reader-pcsc.c:770:pcsc_unlock: called
P:28206; T:0x140027481172032 12:45:41.257 [opensc-pkcs11] apdu.c:550:sc_transmit_apdu: called
P:28206; T:0x140027481172032 12:45:41.257 [opensc-pkcs11] card.c:466:sc_lock: called
P:28206; T:0x140027481172032 12:45:41.257 [opensc-pkcs11] reader-pcsc.c:728:pcsc_lock: called
P:28206; T:0x140027481172032 12:45:41.257 [opensc-pkcs11] card.c:505:sc_lock: returning with: 0 (Success)
P:28206; T:0x140027481172032 12:45:41.257 [opensc-pkcs11] apdu.c:515:sc_transmit: called
P:28206; T:0x140027481172032 12:45:41.257 [opensc-pkcs11] apdu.c:363:sc_single_transmit: called
P:28206; T:0x140027481172032 12:45:41.257 [opensc-pkcs11] apdu.c:367:sc_single_transmit: CLA:0, INS:DA, P1:1, P2:0, data(60) 0x7f5aafba28c0
P:28206; T:0x140027481172032 12:45:41.257 [opensc-pkcs11] reader-pcsc.c:347:pcsc_transmit: reader 'Giesecke & Devrient GmbH StarSign CUT S [.] (03201229036013) 00 00'
P:28206; T:0x140027481172032 12:45:41.257 [opensc-pkcs11] reader-pcsc.c:348:pcsc_transmit: 
Outgoing APDU (65 bytes):
00 DA 01 00 3C 49 20 61 6D 20 41 2E 45 2E 54 2E ....<I am A.E.T.
20 45 75 72 6F 70 65 20 42 2E 56 2E 20 53 61 66  Europe B.V. Saf
65 53 69 67 6E 20 6F 72 20 42 6C 75 65 58 20 61 eSign or BlueX a
70 70 72 6F 76 65 64 20 73 6F 66 74 77 61 72 65 pproved software
2E                                              .

P:28206; T:0x140027481172032 12:45:41.258 [opensc-pkcs11] reader-pcsc.c:260:pcsc_internal_transmit: called
P:28206; T:0x140027481172032 12:45:41.262 [opensc-pkcs11] reader-pcsc.c:357:pcsc_transmit: 
Incoming APDU (2 bytes):
6D 00 m.

P:28206; T:0x140027481172032 12:45:41.262 [opensc-pkcs11] apdu.c:382:sc_single_transmit: returning with: 0 (Success)
P:28206; T:0x140027481172032 12:45:41.262 [opensc-pkcs11] apdu.c:539:sc_transmit: returning with: 0 (Success)
P:28206; T:0x140027481172032 12:45:41.262 [opensc-pkcs11] card.c:515:sc_unlock: called
P:28206; T:0x140027481172032 12:45:41.262 [opensc-pkcs11] reader-pcsc.c:770:pcsc_unlock: called
P:28206; T:0x140027481172032 12:45:41.262 [opensc-pkcs11] apdu.c:550:sc_transmit_apdu: called
P:28206; T:0x140027481172032 12:45:41.262 [opensc-pkcs11] card.c:466:sc_lock: called
P:28206; T:0x140027481172032 12:45:41.262 [opensc-pkcs11] reader-pcsc.c:728:pcsc_lock: called
P:28206; T:0x140027481172032 12:45:41.262 [opensc-pkcs11] card.c:505:sc_lock: returning with: 0 (Success)
P:28206; T:0x140027481172032 12:45:41.262 [opensc-pkcs11] apdu.c:515:sc_transmit: called
P:28206; T:0x140027481172032 12:45:41.262 [opensc-pkcs11] apdu.c:363:sc_single_transmit: called
P:28206; T:0x140027481172032 12:45:41.262 [opensc-pkcs11] apdu.c:367:sc_single_transmit: CLA:0, INS:70, P1:0, P2:0, data(0) (nil)
P:28206; T:0x140027481172032 12:45:41.262 [opensc-pkcs11] reader-pcsc.c:347:pcsc_transmit: reader 'Giesecke & Devrient GmbH StarSign CUT S [.] (03201229036013) 00 00'
P:28206; T:0x140027481172032 12:45:41.262 [opensc-pkcs11] reader-pcsc.c:348:pcsc_transmit: 
Outgoing APDU (5 bytes):
00 70 00 00 01 .p...

P:28206; T:0x140027481172032 12:45:41.262 [opensc-pkcs11] reader-pcsc.c:260:pcsc_internal_transmit: called
P:28206; T:0x140027481172032 12:45:41.263 [opensc-pkcs11] reader-pcsc.c:357:pcsc_transmit: 
Incoming APDU (2 bytes):
6A 81 j.

P:28206; T:0x140027481172032 12:45:41.263 [opensc-pkcs11] apdu.c:382:sc_single_transmit: returning with: 0 (Success)
P:28206; T:0x140027481172032 12:45:41.263 [opensc-pkcs11] apdu.c:539:sc_transmit: returning with: 0 (Success)
P:28206; T:0x140027481172032 12:45:41.263 [opensc-pkcs11] card.c:515:sc_unlock: called
P:28206; T:0x140027481172032 12:45:41.263 [opensc-pkcs11] reader-pcsc.c:770:pcsc_unlock: called
P:28206; T:0x140027481172032 12:45:41.263 [opensc-pkcs11] apdu.c:550:sc_transmit_apdu: called
P:28206; T:0x140027481172032 12:45:41.263 [opensc-pkcs11] card.c:466:sc_lock: called
P:28206; T:0x140027481172032 12:45:41.263 [opensc-pkcs11] reader-pcsc.c:728:pcsc_lock: called
P:28206; T:0x140027481172032 12:45:41.263 [opensc-pkcs11] card.c:505:sc_lock: returning with: 0 (Success)
P:28206; T:0x140027481172032 12:45:41.263 [opensc-pkcs11] apdu.c:515:sc_transmit: called
P:28206; T:0x140027481172032 12:45:41.263 [opensc-pkcs11] apdu.c:363:sc_single_transmit: called
P:28206; T:0x140027481172032 12:45:41.263 [opensc-pkcs11] apdu.c:367:sc_single_transmit: CLA:1, INS:A4, P1:4, P2:0, data(12) 0x7ffe64134454
P:28206; T:0x140027481172032 12:45:41.263 [opensc-pkcs11] reader-pcsc.c:347:pcsc_transmit: reader 'Giesecke & Devrient GmbH StarSign CUT S [.] (03201229036013) 00 00'
P:28206; T:0x140027481172032 12:45:41.263 [opensc-pkcs11] reader-pcsc.c:348:pcsc_transmit: 
Outgoing APDU (17 bytes):
01 A4 04 00 0C A0 00 00 00 63 50 4B 43 53 2D 31 .........cPKCS-1
35                                              5

P:28206; T:0x140027481172032 12:45:41.263 [opensc-pkcs11] reader-pcsc.c:260:pcsc_internal_transmit: called
P:28206; T:0x140027481172032 12:45:41.273 [opensc-pkcs11] reader-pcsc.c:357:pcsc_transmit: 
Incoming APDU (2 bytes):
90 00 ..

P:28206; T:0x140027481172032 12:45:41.273 [opensc-pkcs11] apdu.c:382:sc_single_transmit: returning with: 0 (Success)
P:28206; T:0x140027481172032 12:45:41.273 [opensc-pkcs11] apdu.c:539:sc_transmit: returning with: 0 (Success)
P:28206; T:0x140027481172032 12:45:41.273 [opensc-pkcs11] card.c:515:sc_unlock: called
P:28206; T:0x140027481172032 12:45:41.273 [opensc-pkcs11] reader-pcsc.c:770:pcsc_unlock: called
P:28206; T:0x140027481172032 12:45:41.274 [opensc-pkcs11] card.c:378:sc_connect_card: card info name:'G&D StarSign CUT S', type:46000, flags:0x0, max_send/recv_size:255/256
P:28206; T:0x140027481172032 12:45:41.274 [opensc-pkcs11] card.c:1634:sc_card_sm_check: called
P:28206; T:0x140027481172032 12:45:41.274 [opensc-pkcs11] card.c:1639:sc_card_sm_check: returning with: 0 (Success)
P:28206; T:0x140027481172032 12:45:41.274 [opensc-pkcs11] card.c:393:sc_connect_card: returning with: 0 (Success)
P:28206; T:0x140027481172032 12:45:41.274 [opensc-pkcs11] slot.c:313:card_detect: Giesecke & Devrient GmbH StarSign CUT S [.] (03201229036013) 00 00: Connected SC card 0x55cd05b14970
P:28206; T:0x140027481172032 12:45:41.274 [opensc-pkcs11] dir.c:171:sc_enum_apps: called
P:28206; T:0x140027481172032 12:45:41.274 [opensc-pkcs11] card.c:836:sc_select_file: called; type=2, path=3f002f00
P:28206; T:0x140027481172032 12:45:41.274 [opensc-pkcs11] card-starsign.c:135:starsign_select_file: STARSIGN SELECT FILE EXECUTING type=2 len=4
P:28206; T:0x140027481172032 12:45:41.274 [opensc-pkcs11] card-starsign.c:142:starsign_select_file: STARSIGN SELECT FILE: Attempting full path selection from MF
P:28206; T:0x140027481172032 12:45:41.274 [opensc-pkcs11] apdu.c:550:sc_transmit_apdu: called
P:28206; T:0x140027481172032 12:45:41.274 [opensc-pkcs11] card.c:466:sc_lock: called
P:28206; T:0x140027481172032 12:45:41.274 [opensc-pkcs11] reader-pcsc.c:728:pcsc_lock: called
P:28206; T:0x140027481172032 12:45:41.274 [opensc-pkcs11] card.c:505:sc_lock: returning with: 0 (Success)
P:28206; T:0x140027481172032 12:45:41.274 [opensc-pkcs11] apdu.c:515:sc_transmit: called
P:28206; T:0x140027481172032 12:45:41.274 [opensc-pkcs11] apdu.c:363:sc_single_transmit: called
P:28206; T:0x140027481172032 12:45:41.274 [opensc-pkcs11] apdu.c:367:sc_single_transmit: CLA:1, INS:A4, P1:8, P2:C, data(4) 0x7ffe641349d0
P:28206; T:0x140027481172032 12:45:41.274 [opensc-pkcs11] reader-pcsc.c:347:pcsc_transmit: reader 'Giesecke & Devrient GmbH StarSign CUT S [.] (03201229036013) 00 00'
P:28206; T:0x140027481172032 12:45:41.274 [opensc-pkcs11] reader-pcsc.c:348:pcsc_transmit: 
Outgoing APDU (9 bytes):
01 A4 08 0C 04 3F 00 2F 00 .....?./.

P:28206; T:0x140027481172032 12:45:41.274 [opensc-pkcs11] reader-pcsc.c:260:pcsc_internal_transmit: called
P:28206; T:0x140027481172032 12:45:41.278 [opensc-pkcs11] reader-pcsc.c:357:pcsc_transmit: 
Incoming APDU (2 bytes):
6A 81 j.

P:28206; T:0x140027481172032 12:45:41.278 [opensc-pkcs11] apdu.c:382:sc_single_transmit: returning with: 0 (Success)
P:28206; T:0x140027481172032 12:45:41.278 [opensc-pkcs11] apdu.c:539:sc_transmit: returning with: 0 (Success)
P:28206; T:0x140027481172032 12:45:41.278 [opensc-pkcs11] card.c:515:sc_unlock: called
P:28206; T:0x140027481172032 12:45:41.278 [opensc-pkcs11] reader-pcsc.c:770:pcsc_unlock: called
P:28206; T:0x140027481172032 12:45:41.278 [opensc-pkcs11] iso7816.c:128:iso7816_check_sw: Function not supported
P:28206; T:0x140027481172032 12:45:41.278 [opensc-pkcs11] card-starsign.c:153:starsign_select_file: STARSIGN SELECT FILE: Full path selection failed (-1208), falling back to component-by-component
P:28206; T:0x140027481172032 12:45:41.278 [opensc-pkcs11] apdu.c:550:sc_transmit_apdu: called
P:28206; T:0x140027481172032 12:45:41.278 [opensc-pkcs11] card.c:466:sc_lock: called
P:28206; T:0x140027481172032 12:45:41.278 [opensc-pkcs11] reader-pcsc.c:728:pcsc_lock: called
P:28206; T:0x140027481172032 12:45:41.278 [opensc-pkcs11] card.c:505:sc_lock: returning with: 0 (Success)
P:28206; T:0x140027481172032 12:45:41.278 [opensc-pkcs11] apdu.c:515:sc_transmit: called
P:28206; T:0x140027481172032 12:45:41.278 [opensc-pkcs11] apdu.c:363:sc_single_transmit: called
P:28206; T:0x140027481172032 12:45:41.278 [opensc-pkcs11] apdu.c:367:sc_single_transmit: CLA:1, INS:A4, P1:0, P2:C, data(2) 0x7ffe641349d2
P:28206; T:0x140027481172032 12:45:41.278 [opensc-pkcs11] reader-pcsc.c:347:pcsc_transmit: reader 'Giesecke & Devrient GmbH StarSign CUT S [.] (03201229036013) 00 00'
P:28206; T:0x140027481172032 12:45:41.278 [opensc-pkcs11] reader-pcsc.c:348:pcsc_transmit: 
Outgoing APDU (7 bytes):
01 A4 00 0C 02 2F 00 ...../.

P:28206; T:0x140027481172032 12:45:41.278 [opensc-pkcs11] reader-pcsc.c:260:pcsc_internal_transmit: called
P:28206; T:0x140027481172032 12:45:41.294 [opensc-pkcs11] reader-pcsc.c:357:pcsc_transmit: 
Incoming APDU (2 bytes):
6A 82 j.

P:28206; T:0x140027481172032 12:45:41.294 [opensc-pkcs11] apdu.c:382:sc_single_transmit: returning with: 0 (Success)
P:28206; T:0x140027481172032 12:45:41.294 [opensc-pkcs11] apdu.c:539:sc_transmit: returning with: 0 (Success)
P:28206; T:0x140027481172032 12:45:41.294 [opensc-pkcs11] card.c:515:sc_unlock: called
P:28206; T:0x140027481172032 12:45:41.294 [opensc-pkcs11] reader-pcsc.c:770:pcsc_unlock: called
P:28206; T:0x140027481172032 12:45:41.294 [opensc-pkcs11] iso7816.c:128:iso7816_check_sw: File or application not found
P:28206; T:0x140027481172032 12:45:41.294 [opensc-pkcs11] card-starsign.c:185:starsign_select_file: STARSIGN SELECT FILE: P1=0x00 failed, retrying with P1=0x01 (Select DF) for FID 2F00
P:28206; T:0x140027481172032 12:45:41.294 [opensc-pkcs11] apdu.c:550:sc_transmit_apdu: called
P:28206; T:0x140027481172032 12:45:41.294 [opensc-pkcs11] card.c:466:sc_lock: called
P:28206; T:0x140027481172032 12:45:41.294 [opensc-pkcs11] reader-pcsc.c:728:pcsc_lock: called
P:28206; T:0x140027481172032 12:45:41.294 [opensc-pkcs11] card.c:505:sc_lock: returning with: 0 (Success)
P:28206; T:0x140027481172032 12:45:41.294 [opensc-pkcs11] apdu.c:515:sc_transmit: called
P:28206; T:0x140027481172032 12:45:41.294 [opensc-pkcs11] apdu.c:363:sc_single_transmit: called
P:28206; T:0x140027481172032 12:45:41.294 [opensc-pkcs11] apdu.c:367:sc_single_transmit: CLA:1, INS:A4, P1:1, P2:C, data(2) 0x7ffe641349d2
P:28206; T:0x140027481172032 12:45:41.294 [opensc-pkcs11] reader-pcsc.c:347:pcsc_transmit: reader 'Giesecke & Devrient GmbH StarSign CUT S [.] (03201229036013) 00 00'
P:28206; T:0x140027481172032 12:45:41.294 [opensc-pkcs11] reader-pcsc.c:348:pcsc_transmit: 
Outgoing APDU (7 bytes):
01 A4 01 0C 02 2F 00 ...../.

P:28206; T:0x140027481172032 12:45:41.294 [opensc-pkcs11] reader-pcsc.c:260:pcsc_internal_transmit: called
P:28206; T:0x140027481172032 12:45:41.310 [opensc-pkcs11] reader-pcsc.c:357:pcsc_transmit: 
Incoming APDU (2 bytes):
6A 82 j.

P:28206; T:0x140027481172032 12:45:41.310 [opensc-pkcs11] apdu.c:382:sc_single_transmit: returning with: 0 (Success)
P:28206; T:0x140027481172032 12:45:41.310 [opensc-pkcs11] apdu.c:539:sc_transmit: returning with: 0 (Success)
P:28206; T:0x140027481172032 12:45:41.310 [opensc-pkcs11] card.c:515:sc_unlock: called
P:28206; T:0x140027481172032 12:45:41.310 [opensc-pkcs11] reader-pcsc.c:770:pcsc_unlock: called
P:28206; T:0x140027481172032 12:45:41.310 [opensc-pkcs11] iso7816.c:128:iso7816_check_sw: File or application not found
P:28206; T:0x140027481172032 12:45:41.310 [opensc-pkcs11] card-starsign.c:197:starsign_select_file: STARSIGN SELECT FILE: P1=0x01 failed, retrying with P1=0x02 (Select EF) for FID 2F00
P:28206; T:0x140027481172032 12:45:41.310 [opensc-pkcs11] apdu.c:550:sc_transmit_apdu: called
P:28206; T:0x140027481172032 12:45:41.310 [opensc-pkcs11] card.c:466:sc_lock: called
P:28206; T:0x140027481172032 12:45:41.310 [opensc-pkcs11] reader-pcsc.c:728:pcsc_lock: called
P:28206; T:0x140027481172032 12:45:41.310 [opensc-pkcs11] card.c:505:sc_lock: returning with: 0 (Success)
P:28206; T:0x140027481172032 12:45:41.310 [opensc-pkcs11] apdu.c:515:sc_transmit: called
P:28206; T:0x140027481172032 12:45:41.310 [opensc-pkcs11] apdu.c:363:sc_single_transmit: called
P:28206; T:0x140027481172032 12:45:41.310 [opensc-pkcs11] apdu.c:367:sc_single_transmit: CLA:1, INS:A4, P1:2, P2:C, data(2) 0x7ffe641349d2
P:28206; T:0x140027481172032 12:45:41.310 [opensc-pkcs11] reader-pcsc.c:347:pcsc_transmit: reader 'Giesecke & Devrient GmbH StarSign CUT S [.] (03201229036013) 00 00'
P:28206; T:0x140027481172032 12:45:41.310 [opensc-pkcs11] reader-pcsc.c:348:pcsc_transmit: 
Outgoing APDU (7 bytes):
01 A4 02 0C 02 2F 00 ...../.

P:28206; T:0x140027481172032 12:45:41.310 [opensc-pkcs11] reader-pcsc.c:260:pcsc_internal_transmit: called
P:28206; T:0x140027481172032 12:45:41.326 [opensc-pkcs11] reader-pcsc.c:357:pcsc_transmit: 
Incoming APDU (2 bytes):
6A 82 j.

P:28206; T:0x140027481172032 12:45:41.326 [opensc-pkcs11] apdu.c:382:sc_single_transmit: returning with: 0 (Success)
P:28206; T:0x140027481172032 12:45:41.326 [opensc-pkcs11] apdu.c:539:sc_transmit: returning with: 0 (Success)
P:28206; T:0x140027481172032 12:45:41.326 [opensc-pkcs11] card.c:515:sc_unlock: called
P:28206; T:0x140027481172032 12:45:41.326 [opensc-pkcs11] reader-pcsc.c:770:pcsc_unlock: called
P:28206; T:0x140027481172032 12:45:41.326 [opensc-pkcs11] iso7816.c:128:iso7816_check_sw: File or application not found
P:28206; T:0x140027481172032 12:45:41.326 [opensc-pkcs11] card.c:858:sc_select_file: 'SELECT' error: -1201 (File not found)
P:28206; T:0x140027481172032 12:45:41.326 [opensc-pkcs11] dir.c:180:sc_enum_apps: Cannot select EF.DIR file: -1201 (File not found)
P:28206; T:0x140027481172032 12:45:41.326 [opensc-pkcs11] slot.c:320:card_detect: Giesecke & Devrient GmbH StarSign CUT S [.] (03201229036013) 00 00: Detecting Framework. 0 on-card applications
P:28206; T:0x140027481172032 12:45:41.326 [opensc-pkcs11] slot.c:321:card_detect: Giesecke & Devrient GmbH StarSign CUT S [.] (03201229036013) 00 00: generic application <none>
P:28206; T:0x140027481172032 12:45:41.326 [opensc-pkcs11] slot.c:335:card_detect: Giesecke & Devrient GmbH StarSign CUT S [.] (03201229036013) 00 00: Detected framework 0. Creating tokens.
P:28206; T:0x140027481172032 12:45:41.326 [opensc-pkcs11] slot.c:350:card_detect: Giesecke & Devrient GmbH StarSign CUT S [.] (03201229036013) 00 00: Try to bind 'generic' token.
P:28206; T:0x140027481172032 12:45:41.326 [opensc-pkcs11] framework-pkcs15.c:331:pkcs15_bind: Bind PKCS#15 '<anonymous>' application
P:28206; T:0x140027481172032 12:45:41.326 [opensc-pkcs11] pkcs15.c:1285:sc_pkcs15_bind: called
P:28206; T:0x140027481172032 12:45:41.326 [opensc-pkcs11] pkcs15.c:1286:sc_pkcs15_bind: application(aid:'empty')
P:28206; T:0x140027481172032 12:45:41.326 [opensc-pkcs11] pkcs15.c:1336:sc_pkcs15_bind: PKCS#15 options: use_file_cache=0 use_pin_cache=1 pin_cache_counter=10 pin_cache_ignore_user_consent=0 pin_protected_certificate=0
P:28206; T:0x140027481172032 12:45:41.326 [opensc-pkcs11] card.c:466:sc_lock: called
P:28206; T:0x140027481172032 12:45:41.326 [opensc-pkcs11] reader-pcsc.c:728:pcsc_lock: called
P:28206; T:0x140027481172032 12:45:41.326 [opensc-pkcs11] card.c:505:sc_lock: returning with: 0 (Success)
P:28206; T:0x140027481172032 12:45:41.326 [opensc-pkcs11] pkcs15.c:1349:sc_pkcs15_bind: PKCS#15 emulation enabled
P:28206; T:0x140027481172032 12:45:41.326 [opensc-pkcs11] pkcs15.c:989:sc_pkcs15_bind_internal: called
P:28206; T:0x140027481172032 12:45:41.326 [opensc-pkcs11] pkcs15.c:1027:sc_pkcs15_bind_internal: application path '3f005015'
P:28206; T:0x140027481172032 12:45:41.326 [opensc-pkcs11] card.c:836:sc_select_file: called; type=2, path=3f005015
P:28206; T:0x140027481172032 12:45:41.326 [opensc-pkcs11] card-starsign.c:135:starsign_select_file: STARSIGN SELECT FILE EXECUTING type=2 len=4
P:28206; T:0x140027481172032 12:45:41.326 [opensc-pkcs11] card-starsign.c:142:starsign_select_file: STARSIGN SELECT FILE: Attempting full path selection from MF
P:28206; T:0x140027481172032 12:45:41.326 [opensc-pkcs11] apdu.c:550:sc_transmit_apdu: called
P:28206; T:0x140027481172032 12:45:41.326 [opensc-pkcs11] card.c:466:sc_lock: called
P:28206; T:0x140027481172032 12:45:41.326 [opensc-pkcs11] card.c:505:sc_lock: returning with: 0 (Success)
P:28206; T:0x140027481172032 12:45:41.326 [opensc-pkcs11] apdu.c:515:sc_transmit: called
P:28206; T:0x140027481172032 12:45:41.326 [opensc-pkcs11] apdu.c:363:sc_single_transmit: called
P:28206; T:0x140027481172032 12:45:41.327 [opensc-pkcs11] apdu.c:367:sc_single_transmit: CLA:1, INS:A4, P1:8, P2:C, data(4) 0x55cd05aaf2a0
P:28206; T:0x140027481172032 12:45:41.327 [opensc-pkcs11] reader-pcsc.c:347:pcsc_transmit: reader 'Giesecke & Devrient GmbH StarSign CUT S [.] (03201229036013) 00 00'
P:28206; T:0x140027481172032 12:45:41.327 [opensc-pkcs11] reader-pcsc.c:348:pcsc_transmit: 
Outgoing APDU (9 bytes):
01 A4 08 0C 04 3F 00 50 15 .....?.P.

P:28206; T:0x140027481172032 12:45:41.327 [opensc-pkcs11] reader-pcsc.c:260:pcsc_internal_transmit: called
P:28206; T:0x140027481172032 12:45:41.330 [opensc-pkcs11] reader-pcsc.c:357:pcsc_transmit: 
Incoming APDU (2 bytes):
6A 81 j.

P:28206; T:0x140027481172032 12:45:41.330 [opensc-pkcs11] apdu.c:382:sc_single_transmit: returning with: 0 (Success)
P:28206; T:0x140027481172032 12:45:41.330 [opensc-pkcs11] apdu.c:539:sc_transmit: returning with: 0 (Success)
P:28206; T:0x140027481172032 12:45:41.330 [opensc-pkcs11] card.c:515:sc_unlock: called
P:28206; T:0x140027481172032 12:45:41.330 [opensc-pkcs11] iso7816.c:128:iso7816_check_sw: Function not supported
P:28206; T:0x140027481172032 12:45:41.330 [opensc-pkcs11] card-starsign.c:153:starsign_select_file: STARSIGN SELECT FILE: Full path selection failed (-1208), falling back to component-by-component
P:28206; T:0x140027481172032 12:45:41.330 [opensc-pkcs11] card.c:871:sc_select_file: returning with: 0 (Success)
P:28206; T:0x140027481172032 12:45:41.330 [opensc-pkcs11] pkcs15.c:1053:sc_pkcs15_bind_internal: absolute path to EF(ODF) 3f0050155031
P:28206; T:0x140027481172032 12:45:41.330 [opensc-pkcs11] card.c:836:sc_select_file: called; type=2, path=3f0050155031
P:28206; T:0x140027481172032 12:45:41.331 [opensc-pkcs11] card-starsign.c:135:starsign_select_file: STARSIGN SELECT FILE EXECUTING type=2 len=6
P:28206; T:0x140027481172032 12:45:41.331 [opensc-pkcs11] card-starsign.c:142:starsign_select_file: STARSIGN SELECT FILE: Attempting full path selection from MF
P:28206; T:0x140027481172032 12:45:41.331 [opensc-pkcs11] apdu.c:550:sc_transmit_apdu: called
P:28206; T:0x140027481172032 12:45:41.331 [opensc-pkcs11] card.c:466:sc_lock: called
P:28206; T:0x140027481172032 12:45:41.331 [opensc-pkcs11] card.c:505:sc_lock: returning with: 0 (Success)
P:28206; T:0x140027481172032 12:45:41.331 [opensc-pkcs11] apdu.c:515:sc_transmit: called
P:28206; T:0x140027481172032 12:45:41.331 [opensc-pkcs11] apdu.c:363:sc_single_transmit: called
P:28206; T:0x140027481172032 12:45:41.331 [opensc-pkcs11] apdu.c:367:sc_single_transmit: CLA:1, INS:A4, P1:8, P2:C, data(6) 0x7ffe64133fa0
P:28206; T:0x140027481172032 12:45:41.331 [opensc-pkcs11] reader-pcsc.c:347:pcsc_transmit: reader 'Giesecke & Devrient GmbH StarSign CUT S [.] (03201229036013) 00 00'
P:28206; T:0x140027481172032 12:45:41.331 [opensc-pkcs11] reader-pcsc.c:348:pcsc_transmit: 
Outgoing APDU (11 bytes):
01 A4 08 0C 06 3F 00 50 15 50 31 .....?.P.P1

P:28206; T:0x140027481172032 12:45:41.331 [opensc-pkcs11] reader-pcsc.c:260:pcsc_internal_transmit: called
P:28206; T:0x140027481172032 12:45:41.334 [opensc-pkcs11] reader-pcsc.c:357:pcsc_transmit: 
Incoming APDU (2 bytes):
6A 81 j.

P:28206; T:0x140027481172032 12:45:41.334 [opensc-pkcs11] apdu.c:382:sc_single_transmit: returning with: 0 (Success)
P:28206; T:0x140027481172032 12:45:41.334 [opensc-pkcs11] apdu.c:539:sc_transmit: returning with: 0 (Success)
P:28206; T:0x140027481172032 12:45:41.334 [opensc-pkcs11] card.c:515:sc_unlock: called
P:28206; T:0x140027481172032 12:45:41.334 [opensc-pkcs11] iso7816.c:128:iso7816_check_sw: Function not supported
P:28206; T:0x140027481172032 12:45:41.334 [opensc-pkcs11] card-starsign.c:153:starsign_select_file: STARSIGN SELECT FILE: Full path selection failed (-1208), falling back to component-by-component
P:28206; T:0x140027481172032 12:45:41.335 [opensc-pkcs11] apdu.c:550:sc_transmit_apdu: called
P:28206; T:0x140027481172032 12:45:41.335 [opensc-pkcs11] card.c:466:sc_lock: called
P:28206; T:0x140027481172032 12:45:41.335 [opensc-pkcs11] card.c:505:sc_lock: returning with: 0 (Success)
P:28206; T:0x140027481172032 12:45:41.335 [opensc-pkcs11] apdu.c:515:sc_transmit: called
P:28206; T:0x140027481172032 12:45:41.335 [opensc-pkcs11] apdu.c:363:sc_single_transmit: called
P:28206; T:0x140027481172032 12:45:41.335 [opensc-pkcs11] apdu.c:367:sc_single_transmit: CLA:1, INS:A4, P1:0, P2:C, data(2) 0x7ffe64133fa4
P:28206; T:0x140027481172032 12:45:41.335 [opensc-pkcs11] reader-pcsc.c:347:pcsc_transmit: reader 'Giesecke & Devrient GmbH StarSign CUT S [.] (03201229036013) 00 00'
P:28206; T:0x140027481172032 12:45:41.335 [opensc-pkcs11] reader-pcsc.c:348:pcsc_transmit: 
Outgoing APDU (7 bytes):
01 A4 00 0C 02 50 31 .....P1

P:28206; T:0x140027481172032 12:45:41.335 [opensc-pkcs11] reader-pcsc.c:260:pcsc_internal_transmit: called
P:28206; T:0x140027481172032 12:45:41.339 [opensc-pkcs11] reader-pcsc.c:357:pcsc_transmit: 
Incoming APDU (2 bytes):
90 00 ..

P:28206; T:0x140027481172032 12:45:41.339 [opensc-pkcs11] apdu.c:382:sc_single_transmit: returning with: 0 (Success)
P:28206; T:0x140027481172032 12:45:41.339 [opensc-pkcs11] apdu.c:539:sc_transmit: returning with: 0 (Success)
P:28206; T:0x140027481172032 12:45:41.339 [opensc-pkcs11] card.c:515:sc_unlock: called
P:28206; T:0x140027481172032 12:45:41.339 [opensc-pkcs11] card.c:871:sc_select_file: returning with: 0 (Success)
P:28206; T:0x140027481172032 12:45:41.339 [opensc-pkcs11] card.c:615:sc_read_binary: called; 32768 bytes at index 0
P:28206; T:0x140027481172032 12:45:41.339 [opensc-pkcs11] card.c:466:sc_lock: called
P:28206; T:0x140027481172032 12:45:41.339 [opensc-pkcs11] card.c:505:sc_lock: returning with: 0 (Success)
P:28206; T:0x140027481172032 12:45:41.339 [opensc-pkcs11] apdu.c:550:sc_transmit_apdu: called
P:28206; T:0x140027481172032 12:45:41.339 [opensc-pkcs11] card.c:466:sc_lock: called
P:28206; T:0x140027481172032 12:45:41.339 [opensc-pkcs11] card.c:505:sc_lock: returning with: 0 (Success)
P:28206; T:0x140027481172032 12:45:41.339 [opensc-pkcs11] apdu.c:515:sc_transmit: called
P:28206; T:0x140027481172032 12:45:41.339 [opensc-pkcs11] apdu.c:363:sc_single_transmit: called
P:28206; T:0x140027481172032 12:45:41.339 [opensc-pkcs11] apdu.c:367:sc_single_transmit: CLA:1, INS:B0, P1:0, P2:0, data(0) (nil)
P:28206; T:0x140027481172032 12:45:41.339 [opensc-pkcs11] reader-pcsc.c:347:pcsc_transmit: reader 'Giesecke & Devrient GmbH StarSign CUT S [.] (03201229036013) 00 00'
P:28206; T:0x140027481172032 12:45:41.339 [opensc-pkcs11] reader-pcsc.c:348:pcsc_transmit: 
Outgoing APDU (5 bytes):
01 B0 00 00 00 .....

P:28206; T:0x140027481172032 12:45:41.339 [opensc-pkcs11] reader-pcsc.c:260:pcsc_internal_transmit: called
P:28206; T:0x140027481172032 12:45:41.344 [opensc-pkcs11] reader-pcsc.c:357:pcsc_transmit: 
Incoming APDU (52 bytes):
A0 06 30 04 04 02 44 00 A1 06 30 04 04 02 44 01 ..0...D...0...D.
A3 06 30 04 04 02 44 03 A4 06 30 04 04 02 44 04 ..0...D...0...D.
A7 06 30 04 04 02 44 07 A8 06 30 04 04 02 44 08 ..0...D...0...D.
00 00 90 00                                     ....

P:28206; T:0x140027481172032 12:45:41.344 [opensc-pkcs11] apdu.c:382:sc_single_transmit: returning with: 0 (Success)
P:28206; T:0x140027481172032 12:45:41.344 [opensc-pkcs11] apdu.c:539:sc_transmit: returning with: 0 (Success)
P:28206; T:0x140027481172032 12:45:41.344 [opensc-pkcs11] card.c:515:sc_unlock: called
P:28206; T:0x140027481172032 12:45:41.344 [opensc-pkcs11] iso7816.c:164:iso7816_read_binary: returning with: 50
P:28206; T:0x140027481172032 12:45:41.344 [opensc-pkcs11] apdu.c:550:sc_transmit_apdu: called
P:28206; T:0x140027481172032 12:45:41.344 [opensc-pkcs11] card.c:466:sc_lock: called
P:28206; T:0x140027481172032 12:45:41.344 [opensc-pkcs11] card.c:505:sc_lock: returning with: 0 (Success)
P:28206; T:0x140027481172032 12:45:41.344 [opensc-pkcs11] apdu.c:515:sc_transmit: called
P:28206; T:0x140027481172032 12:45:41.344 [opensc-pkcs11] apdu.c:363:sc_single_transmit: called
P:28206; T:0x140027481172032 12:45:41.344 [opensc-pkcs11] apdu.c:367:sc_single_transmit: CLA:1, INS:B0, P1:0, P2:32, data(0) (nil)
P:28206; T:0x140027481172032 12:45:41.344 [opensc-pkcs11] reader-pcsc.c:347:pcsc_transmit: reader 'Giesecke & Devrient GmbH StarSign CUT S [.] (03201229036013) 00 00'
P:28206; T:0x140027481172032 12:45:41.344 [opensc-pkcs11] reader-pcsc.c:348:pcsc_transmit: 
Outgoing APDU (5 bytes):
01 B0 00 32 00 ...2.

P:28206; T:0x140027481172032 12:45:41.344 [opensc-pkcs11] reader-pcsc.c:260:pcsc_internal_transmit: called
P:28206; T:0x140027481172032 12:45:41.348 [opensc-pkcs11] reader-pcsc.c:357:pcsc_transmit: 
Incoming APDU (2 bytes):
6A 86 j.

P:28206; T:0x140027481172032 12:45:41.348 [opensc-pkcs11] apdu.c:382:sc_single_transmit: returning with: 0 (Success)
P:28206; T:0x140027481172032 12:45:41.348 [opensc-pkcs11] apdu.c:539:sc_transmit: returning with: 0 (Success)
P:28206; T:0x140027481172032 12:45:41.348 [opensc-pkcs11] card.c:515:sc_unlock: called
P:28206; T:0x140027481172032 12:45:41.348 [opensc-pkcs11] iso7816.c:128:iso7816_check_sw: Incorrect parameters P1-P2
P:28206; T:0x140027481172032 12:45:41.348 [opensc-pkcs11] iso7816.c:161:iso7816_read_binary: returning with: 0 (Success)
P:28206; T:0x140027481172032 12:45:41.348 [opensc-pkcs11] card.c:515:sc_unlock: called
P:28206; T:0x140027481172032 12:45:41.348 [opensc-pkcs11] card.c:664:sc_read_binary: returning with: 50
P:28206; T:0x140027481172032 12:45:41.348 [opensc-pkcs11] asn1.c:1730:asn1_decode: called, left=50, depth 0, choice
P:28206; T:0x140027481172032 12:45:41.348 [opensc-pkcs11] asn1.c:1754:asn1_decode: Looking for 'privateKeys', tag 0xa0000000, CHOICE
P:28206; T:0x140027481172032 12:45:41.348 [opensc-pkcs11] asn1.c:1500:asn1_decode_entry: decoding 'privateKeys', raw data:300404024400
P:28206; T:0x140027481172032 12:45:41.348 [opensc-pkcs11] asn1.c:1730:asn1_decode:  called, left=6, depth 1
P:28206; T:0x140027481172032 12:45:41.348 [opensc-pkcs11] asn1.c:1754:asn1_decode: Looking for 'path', tag 0x20000010
P:28206; T:0x140027481172032 12:45:41.348 [opensc-pkcs11] asn1.c:1500:asn1_decode_entry:  decoding 'path', raw data:04024400
P:28206; T:0x140027481172032 12:45:41.348 [opensc-pkcs11] asn1.c:1730:asn1_decode:   called, left=4, depth 2
P:28206; T:0x140027481172032 12:45:41.348 [opensc-pkcs11] asn1.c:1754:asn1_decode: Looking for 'path', tag 0x4, OPTIONAL
P:28206; T:0x140027481172032 12:45:41.348 [opensc-pkcs11] asn1.c:1500:asn1_decode_entry:   decoding 'path', raw data:4400
P:28206; T:0x140027481172032 12:45:41.348 [opensc-pkcs11] asn1.c:1754:asn1_decode: Looking for 'index', tag 0x2, OPTIONAL
P:28206; T:0x140027481172032 12:45:41.348 [opensc-pkcs11] asn1.c:1775:asn1_decode: 'index' not present
P:28206; T:0x140027481172032 12:45:41.348 [opensc-pkcs11] asn1.c:1754:asn1_decode: Looking for 'length', tag 0x80000000, OPTIONAL
P:28206; T:0x140027481172032 12:45:41.349 [opensc-pkcs11] asn1.c:1775:asn1_decode: 'length' not present
P:28206; T:0x140027481172032 12:45:41.349 [opensc-pkcs11] asn1.c:1754:asn1_decode: Looking for 'pathExtended', tag 0xa0000001, OPTIONAL
P:28206; T:0x140027481172032 12:45:41.349 [opensc-pkcs11] asn1.c:1775:asn1_decode: 'pathExtended' not present
P:28206; T:0x140027481172032 12:45:41.349 [opensc-pkcs11] asn1.c:1811:asn1_decode: returning with: 0 (Success)
P:28206; T:0x140027481172032 12:45:41.349 [opensc-pkcs11] asn1.c:1811:asn1_decode: returning with: 0 (Success)
P:28206; T:0x140027481172032 12:45:41.349 [opensc-pkcs11] asn1.c:1810:asn1_decode: returning with: 0 (Success)
P:28206; T:0x140027481172032 12:45:41.349 [opensc-pkcs11] asn1.c:1730:asn1_decode: called, left=42, depth 0, choice
P:28206; T:0x140027481172032 12:45:41.349 [opensc-pkcs11] asn1.c:1754:asn1_decode: Looking for 'privateKeys', tag 0xa0000000, CHOICE
P:28206; T:0x140027481172032 12:45:41.349 [opensc-pkcs11] asn1.c:1775:asn1_decode: 'privateKeys' not present
P:28206; T:0x140027481172032 12:45:41.349 [opensc-pkcs11] asn1.c:1754:asn1_decode: Looking for 'publicKeys', tag 0xa0000001, CHOICE
P:28206; T:0x140027481172032 12:45:41.349 [opensc-pkcs11] asn1.c:1500:asn1_decode_entry: decoding 'publicKeys', raw data:300404024401
P:28206; T:0x140027481172032 12:45:41.349 [opensc-pkcs11] asn1.c:1730:asn1_decode:  called, left=6, depth 1
P:28206; T:0x140027481172032 12:45:41.349 [opensc-pkcs11] asn1.c:1754:asn1_decode: Looking for 'path', tag 0x20000010
P:28206; T:0x140027481172032 12:45:41.349 [opensc-pkcs11] asn1.c:1500:asn1_decode_entry:  decoding 'path', raw data:04024401
P:28206; T:0x140027481172032 12:45:41.349 [opensc-pkcs11] asn1.c:1730:asn1_decode:   called, left=4, depth 2
P:28206; T:0x140027481172032 12:45:41.349 [opensc-pkcs11] asn1.c:1754:asn1_decode: Looking for 'path', tag 0x4, OPTIONAL
P:28206; T:0x140027481172032 12:45:41.349 [opensc-pkcs11] asn1.c:1500:asn1_decode_entry:   decoding 'path', raw data:4401
P:28206; T:0x140027481172032 12:45:41.349 [opensc-pkcs11] asn1.c:1754:asn1_decode: Looking for 'index', tag 0x2, OPTIONAL
P:28206; T:0x140027481172032 12:45:41.349 [opensc-pkcs11] asn1.c:1775:asn1_decode: 'index' not present
P:28206; T:0x140027481172032 12:45:41.349 [opensc-pkcs11] asn1.c:1754:asn1_decode: Looking for 'length', tag 0x80000000, OPTIONAL
P:28206; T:0x140027481172032 12:45:41.349 [opensc-pkcs11] asn1.c:1775:asn1_decode: 'length' not present
P:28206; T:0x140027481172032 12:45:41.349 [opensc-pkcs11] asn1.c:1754:asn1_decode: Looking for 'pathExtended', tag 0xa0000001, OPTIONAL
P:28206; T:0x140027481172032 12:45:41.349 [opensc-pkcs11] asn1.c:1775:asn1_decode: 'pathExtended' not present
P:28206; T:0x140027481172032 12:45:41.349 [opensc-pkcs11] asn1.c:1811:asn1_decode: returning with: 0 (Success)
P:28206; T:0x140027481172032 12:45:41.349 [opensc-pkcs11] asn1.c:1811:asn1_decode: returning with: 0 (Success)
P:28206; T:0x140027481172032 12:45:41.349 [opensc-pkcs11] asn1.c:1810:asn1_decode: returning with: 1
P:28206; T:0x140027481172032 12:45:41.349 [opensc-pkcs11] asn1.c:1730:asn1_decode: called, left=34, depth 0, choice
P:28206; T:0x140027481172032 12:45:41.349 [opensc-pkcs11] asn1.c:1754:asn1_decode: Looking for 'privateKeys', tag 0xa0000000, CHOICE
P:28206; T:0x140027481172032 12:45:41.349 [opensc-pkcs11] asn1.c:1775:asn1_decode: 'privateKeys' not present
P:28206; T:0x140027481172032 12:45:41.349 [opensc-pkcs11] asn1.c:1754:asn1_decode: Looking for 'publicKeys', tag 0xa0000001, CHOICE
P:28206; T:0x140027481172032 12:45:41.349 [opensc-pkcs11] asn1.c:1775:asn1_decode: 'publicKeys' not present
P:28206; T:0x140027481172032 12:45:41.349 [opensc-pkcs11] asn1.c:1754:asn1_decode: Looking for 'trustedPublicKeys', tag 0xa0000002, CHOICE
P:28206; T:0x140027481172032 12:45:41.349 [opensc-pkcs11] asn1.c:1775:asn1_decode: 'trustedPublicKeys' not present
P:28206; T:0x140027481172032 12:45:41.349 [opensc-pkcs11] asn1.c:1754:asn1_decode: Looking for 'secretKeys', tag 0xa0000003, CHOICE
P:28206; T:0x140027481172032 12:45:41.349 [opensc-pkcs11] asn1.c:1500:asn1_decode_entry: decoding 'secretKeys', raw data:300404024403
P:28206; T:0x140027481172032 12:45:41.349 [opensc-pkcs11] asn1.c:1730:asn1_decode:  called, left=6, depth 1
P:28206; T:0x140027481172032 12:45:41.349 [opensc-pkcs11] asn1.c:1754:asn1_decode: Looking for 'path', tag 0x20000010
P:28206; T:0x140027481172032 12:45:41.349 [opensc-pkcs11] asn1.c:1500:asn1_decode_entry:  decoding 'path', raw data:04024403
P:28206; T:0x140027481172032 12:45:41.349 [opensc-pkcs11] asn1.c:1730:asn1_decode:   called, left=4, depth 2
P:28206; T:0x140027481172032 12:45:41.349 [opensc-pkcs11] asn1.c:1754:asn1_decode: Looking for 'path', tag 0x4, OPTIONAL
P:28206; T:0x140027481172032 12:45:41.349 [opensc-pkcs11] asn1.c:1500:asn1_decode_entry:   decoding 'path', raw data:4403
P:28206; T:0x140027481172032 12:45:41.349 [opensc-pkcs11] asn1.c:1754:asn1_decode: Looking for 'index', tag 0x2, OPTIONAL
P:28206; T:0x140027481172032 12:45:41.349 [opensc-pkcs11] asn1.c:1775:asn1_decode: 'index' not present
P:28206; T:0x140027481172032 12:45:41.349 [opensc-pkcs11] asn1.c:1754:asn1_decode: Looking for 'length', tag 0x80000000, OPTIONAL
P:28206; T:0x140027481172032 12:45:41.349 [opensc-pkcs11] asn1.c:1775:asn1_decode: 'length' not present
P:28206; T:0x140027481172032 12:45:41.349 [opensc-pkcs11] asn1.c:1754:asn1_decode: Looking for 'pathExtended', tag 0xa0000001, OPTIONAL
P:28206; T:0x140027481172032 12:45:41.349 [opensc-pkcs11] asn1.c:1775:asn1_decode: 'pathExtended' not present
P:28206; T:0x140027481172032 12:45:41.349 [opensc-pkcs11] asn1.c:1811:asn1_decode: returning with: 0 (Success)
P:28206; T:0x140027481172032 12:45:41.349 [opensc-pkcs11] asn1.c:1811:asn1_decode: returning with: 0 (Success)
P:28206; T:0x140027481172032 12:45:41.349 [opensc-pkcs11] asn1.c:1810:asn1_decode: returning with: 3
P:28206; T:0x140027481172032 12:45:41.349 [opensc-pkcs11] asn1.c:1730:asn1_decode: called, left=26, depth 0, choice
P:28206; T:0x140027481172032 12:45:41.349 [opensc-pkcs11] asn1.c:1754:asn1_decode: Looking for 'privateKeys', tag 0xa0000000, CHOICE
P:28206; T:0x140027481172032 12:45:41.349 [opensc-pkcs11] asn1.c:1775:asn1_decode: 'privateKeys' not present
P:28206; T:0x140027481172032 12:45:41.349 [opensc-pkcs11] asn1.c:1754:asn1_decode: Looking for 'publicKeys', tag 0xa0000001, CHOICE
P:28206; T:0x140027481172032 12:45:41.349 [opensc-pkcs11] asn1.c:1775:asn1_decode: 'publicKeys' not present
P:28206; T:0x140027481172032 12:45:41.349 [opensc-pkcs11] asn1.c:1754:asn1_decode: Looking for 'trustedPublicKeys', tag 0xa0000002, CHOICE
P:28206; T:0x140027481172032 12:45:41.349 [opensc-pkcs11] asn1.c:1775:asn1_decode: 'trustedPublicKeys' not present
P:28206; T:0x140027481172032 12:45:41.349 [opensc-pkcs11] asn1.c:1754:asn1_decode: Looking for 'secretKeys', tag 0xa0000003, CHOICE
P:28206; T:0x140027481172032 12:45:41.349 [opensc-pkcs11] asn1.c:1775:asn1_decode: 'secretKeys' not present
P:28206; T:0x140027481172032 12:45:41.349 [opensc-pkcs11] asn1.c:1754:asn1_decode: Looking for 'certificates', tag 0xa0000004, CHOICE
P:28206; T:0x140027481172032 12:45:41.349 [opensc-pkcs11] asn1.c:1500:asn1_decode_entry: decoding 'certificates', raw data:300404024404
P:28206; T:0x140027481172032 12:45:41.349 [opensc-pkcs11] asn1.c:1730:asn1_decode:  called, left=6, depth 1
P:28206; T:0x140027481172032 12:45:41.349 [opensc-pkcs11] asn1.c:1754:asn1_decode: Looking for 'path', tag 0x20000010
P:28206; T:0x140027481172032 12:45:41.349 [opensc-pkcs11] asn1.c:1500:asn1_decode_entry:  decoding 'path', raw data:04024404
P:28206; T:0x140027481172032 12:45:41.349 [opensc-pkcs11] asn1.c:1730:asn1_decode:   called, left=4, depth 2
P:28206; T:0x140027481172032 12:45:41.349 [opensc-pkcs11] asn1.c:1754:asn1_decode: Looking for 'path', tag 0x4, OPTIONAL
P:28206; T:0x140027481172032 12:45:41.349 [opensc-pkcs11] asn1.c:1500:asn1_decode_entry:   decoding 'path', raw data:4404
P:28206; T:0x140027481172032 12:45:41.350 [opensc-pkcs11] asn1.c:1754:asn1_decode: Looking for 'index', tag 0x2, OPTIONAL
P:28206; T:0x140027481172032 12:45:41.350 [opensc-pkcs11] asn1.c:1775:asn1_decode: 'index' not present
P:28206; T:0x140027481172032 12:45:41.350 [opensc-pkcs11] asn1.c:1754:asn1_decode: Looking for 'length', tag 0x80000000, OPTIONAL
P:28206; T:0x140027481172032 12:45:41.350 [opensc-pkcs11] asn1.c:1775:asn1_decode: 'length' not present
P:28206; T:0x140027481172032 12:45:41.350 [opensc-pkcs11] asn1.c:1754:asn1_decode: Looking for 'pathExtended', tag 0xa0000001, OPTIONAL
P:28206; T:0x140027481172032 12:45:41.350 [opensc-pkcs11] asn1.c:1775:asn1_decode: 'pathExtended' not present
P:28206; T:0x140027481172032 12:45:41.350 [opensc-pkcs11] asn1.c:1811:asn1_decode: returning with: 0 (Success)
P:28206; T:0x140027481172032 12:45:41.350 [opensc-pkcs11] asn1.c:1811:asn1_decode: returning with: 0 (Success)
P:28206; T:0x140027481172032 12:45:41.350 [opensc-pkcs11] asn1.c:1810:asn1_decode: returning with: 4
P:28206; T:0x140027481172032 12:45:41.350 [opensc-pkcs11] asn1.c:1730:asn1_decode: called, left=18, depth 0, choice
P:28206; T:0x140027481172032 12:45:41.350 [opensc-pkcs11] asn1.c:1754:asn1_decode: Looking for 'privateKeys', tag 0xa0000000, CHOICE
P:28206; T:0x140027481172032 12:45:41.350 [opensc-pkcs11] asn1.c:1775:asn1_decode: 'privateKeys' not present
P:28206; T:0x140027481172032 12:45:41.350 [opensc-pkcs11] asn1.c:1754:asn1_decode: Looking for 'publicKeys', tag 0xa0000001, CHOICE
P:28206; T:0x140027481172032 12:45:41.350 [opensc-pkcs11] asn1.c:1775:asn1_decode: 'publicKeys' not present
P:28206; T:0x140027481172032 12:45:41.350 [opensc-pkcs11] asn1.c:1754:asn1_decode: Looking for 'trustedPublicKeys', tag 0xa0000002, CHOICE
P:28206; T:0x140027481172032 12:45:41.350 [opensc-pkcs11] asn1.c:1775:asn1_decode: 'trustedPublicKeys' not present
P:28206; T:0x140027481172032 12:45:41.350 [opensc-pkcs11] asn1.c:1754:asn1_decode: Looking for 'secretKeys', tag 0xa0000003, CHOICE
P:28206; T:0x140027481172032 12:45:41.350 [opensc-pkcs11] asn1.c:1775:asn1_decode: 'secretKeys' not present
P:28206; T:0x140027481172032 12:45:41.350 [opensc-pkcs11] asn1.c:1754:asn1_decode: Looking for 'certificates', tag 0xa0000004, CHOICE
P:28206; T:0x140027481172032 12:45:41.350 [opensc-pkcs11] asn1.c:1775:asn1_decode: 'certificates' not present
P:28206; T:0x140027481172032 12:45:41.350 [opensc-pkcs11] asn1.c:1754:asn1_decode: Looking for 'trustedCertificates', tag 0xa0000005, CHOICE
P:28206; T:0x140027481172032 12:45:41.350 [opensc-pkcs11] asn1.c:1775:asn1_decode: 'trustedCertificates' not present
P:28206; T:0x140027481172032 12:45:41.350 [opensc-pkcs11] asn1.c:1754:asn1_decode: Looking for 'usefulCertificates', tag 0xa0000006, CHOICE
P:28206; T:0x140027481172032 12:45:41.350 [opensc-pkcs11] asn1.c:1775:asn1_decode: 'usefulCertificates' not present
P:28206; T:0x140027481172032 12:45:41.350 [opensc-pkcs11] asn1.c:1754:asn1_decode: Looking for 'dataObjects', tag 0xa0000007, CHOICE
P:28206; T:0x140027481172032 12:45:41.350 [opensc-pkcs11] asn1.c:1500:asn1_decode_entry: decoding 'dataObjects', raw data:300404024407
P:28206; T:0x140027481172032 12:45:41.350 [opensc-pkcs11] asn1.c:1730:asn1_decode:  called, left=6, depth 1
P:28206; T:0x140027481172032 12:45:41.350 [opensc-pkcs11] asn1.c:1754:asn1_decode: Looking for 'path', tag 0x20000010
P:28206; T:0x140027481172032 12:45:41.350 [opensc-pkcs11] asn1.c:1500:asn1_decode_entry:  decoding 'path', raw data:04024407
P:28206; T:0x140027481172032 12:45:41.350 [opensc-pkcs11] asn1.c:1730:asn1_decode:   called, left=4, depth 2
P:28206; T:0x140027481172032 12:45:41.350 [opensc-pkcs11] asn1.c:1754:asn1_decode: Looking for 'path', tag 0x4, OPTIONAL
P:28206; T:0x140027481172032 12:45:41.350 [opensc-pkcs11] asn1.c:1500:asn1_decode_entry:   decoding 'path', raw data:4407
P:28206; T:0x140027481172032 12:45:41.350 [opensc-pkcs11] asn1.c:1754:asn1_decode: Looking for 'index', tag 0x2, OPTIONAL
P:28206; T:0x140027481172032 12:45:41.350 [opensc-pkcs11] asn1.c:1775:asn1_decode: 'index' not present
P:28206; T:0x140027481172032 12:45:41.350 [opensc-pkcs11] asn1.c:1754:asn1_decode: Looking for 'length', tag 0x80000000, OPTIONAL
P:28206; T:0x140027481172032 12:45:41.350 [opensc-pkcs11] asn1.c:1775:asn1_decode: 'length' not present
P:28206; T:0x140027481172032 12:45:41.350 [opensc-pkcs11] asn1.c:1754:asn1_decode: Looking for 'pathExtended', tag 0xa0000001, OPTIONAL
P:28206; T:0x140027481172032 12:45:41.350 [opensc-pkcs11] asn1.c:1775:asn1_decode: 'pathExtended' not present
P:28206; T:0x140027481172032 12:45:41.350 [opensc-pkcs11] asn1.c:1811:asn1_decode: returning with: 0 (Success)
P:28206; T:0x140027481172032 12:45:41.350 [opensc-pkcs11] asn1.c:1811:asn1_decode: returning with: 0 (Success)
P:28206; T:0x140027481172032 12:45:41.350 [opensc-pkcs11] asn1.c:1810:asn1_decode: returning with: 7
P:28206; T:0x140027481172032 12:45:41.350 [opensc-pkcs11] asn1.c:1730:asn1_decode: called, left=10, depth 0, choice
P:28206; T:0x140027481172032 12:45:41.350 [opensc-pkcs11] asn1.c:1754:asn1_decode: Looking for 'privateKeys', tag 0xa0000000, CHOICE
P:28206; T:0x140027481172032 12:45:41.350 [opensc-pkcs11] asn1.c:1775:asn1_decode: 'privateKeys' not present
P:28206; T:0x140027481172032 12:45:41.350 [opensc-pkcs11] asn1.c:1754:asn1_decode: Looking for 'publicKeys', tag 0xa0000001, CHOICE
P:28206; T:0x140027481172032 12:45:41.350 [opensc-pkcs11] asn1.c:1775:asn1_decode: 'publicKeys' not present
P:28206; T:0x140027481172032 12:45:41.350 [opensc-pkcs11] asn1.c:1754:asn1_decode: Looking for 'trustedPublicKeys', tag 0xa0000002, CHOICE
P:28206; T:0x140027481172032 12:45:41.350 [opensc-pkcs11] asn1.c:1775:asn1_decode: 'trustedPublicKeys' not present
P:28206; T:0x140027481172032 12:45:41.350 [opensc-pkcs11] asn1.c:1754:asn1_decode: Looking for 'secretKeys', tag 0xa0000003, CHOICE
P:28206; T:0x140027481172032 12:45:41.350 [opensc-pkcs11] asn1.c:1775:asn1_decode: 'secretKeys' not present
P:28206; T:0x140027481172032 12:45:41.350 [opensc-pkcs11] asn1.c:1754:asn1_decode: Looking for 'certificates', tag 0xa0000004, CHOICE
P:28206; T:0x140027481172032 12:45:41.350 [opensc-pkcs11] asn1.c:1775:asn1_decode: 'certificates' not present
P:28206; T:0x140027481172032 12:45:41.350 [opensc-pkcs11] asn1.c:1754:asn1_decode: Looking for 'trustedCertificates', tag 0xa0000005, CHOICE
P:28206; T:0x140027481172032 12:45:41.350 [opensc-pkcs11] asn1.c:1775:asn1_decode: 'trustedCertificates' not present
P:28206; T:0x140027481172032 12:45:41.350 [opensc-pkcs11] asn1.c:1754:asn1_decode: Looking for 'usefulCertificates', tag 0xa0000006, CHOICE
P:28206; T:0x140027481172032 12:45:41.350 [opensc-pkcs11] asn1.c:1775:asn1_decode: 'usefulCertificates' not present
P:28206; T:0x140027481172032 12:45:41.350 [opensc-pkcs11] asn1.c:1754:asn1_decode: Looking for 'dataObjects', tag 0xa0000007, CHOICE
P:28206; T:0x140027481172032 12:45:41.350 [opensc-pkcs11] asn1.c:1775:asn1_decode: 'dataObjects' not present
P:28206; T:0x140027481172032 12:45:41.350 [opensc-pkcs11] asn1.c:1754:asn1_decode: Looking for 'authObjects', tag 0xa0000008, CHOICE
P:28206; T:0x140027481172032 12:45:41.350 [opensc-pkcs11] asn1.c:1500:asn1_decode_entry: decoding 'authObjects', raw data:300404024408
P:28206; T:0x140027481172032 12:45:41.350 [opensc-pkcs11] asn1.c:1730:asn1_decode:  called, left=6, depth 1
P:28206; T:0x140027481172032 12:45:41.350 [opensc-pkcs11] asn1.c:1754:asn1_decode: Looking for 'path', tag 0x20000010
P:28206; T:0x140027481172032 12:45:41.350 [opensc-pkcs11] asn1.c:1500:asn1_decode_entry:  decoding 'path', raw data:04024408
P:28206; T:0x140027481172032 12:45:41.350 [opensc-pkcs11] asn1.c:1730:asn1_decode:   called, left=4, depth 2
P:28206; T:0x140027481172032 12:45:41.350 [opensc-pkcs11] asn1.c:1754:asn1_decode: Looking for 'path', tag 0x4, OPTIONAL
P:28206; T:0x140027481172032 12:45:41.350 [opensc-pkcs11] asn1.c:1500:asn1_decode_entry:   decoding 'path', raw data:4408
P:28206; T:0x140027481172032 12:45:41.350 [opensc-pkcs11] asn1.c:1754:asn1_decode: Looking for 'index', tag 0x2, OPTIONAL
P:28206; T:0x140027481172032 12:45:41.350 [opensc-pkcs11] asn1.c:1775:asn1_decode: 'index' not present
P:28206; T:0x140027481172032 12:45:41.350 [opensc-pkcs11] asn1.c:1754:asn1_decode: Looking for 'length', tag 0x80000000, OPTIONAL
P:28206; T:0x140027481172032 12:45:41.350 [opensc-pkcs11] asn1.c:1775:asn1_decode: 'length' not present
P:28206; T:0x140027481172032 12:45:41.350 [opensc-pkcs11] asn1.c:1754:asn1_decode: Looking for 'pathExtended', tag 0xa0000001, OPTIONAL
P:28206; T:0x140027481172032 12:45:41.350 [opensc-pkcs11] asn1.c:1775:asn1_decode: 'pathExtended' not present
P:28206; T:0x140027481172032 12:45:41.350 [opensc-pkcs11] asn1.c:1811:asn1_decode: returning with: 0 (Success)
P:28206; T:0x140027481172032 12:45:41.351 [opensc-pkcs11] asn1.c:1811:asn1_decode: returning with: 0 (Success)
P:28206; T:0x140027481172032 12:45:41.351 [opensc-pkcs11] asn1.c:1810:asn1_decode: returning with: 8
P:28206; T:0x140027481172032 12:45:41.351 [opensc-pkcs11] asn1.c:1730:asn1_decode: called, left=2, depth 0, choice
P:28206; T:0x140027481172032 12:45:41.351 [opensc-pkcs11] pkcs15.c:1116:sc_pkcs15_bind_internal: The following DFs were found:
P:28206; T:0x140027481172032 12:45:41.351 [opensc-pkcs11] pkcs15.c:1118:sc_pkcs15_bind_internal:   DF type 0, path 3f0050154400, index 0, count -1
P:28206; T:0x140027481172032 12:45:41.351 [opensc-pkcs11] pkcs15.c:1118:sc_pkcs15_bind_internal:   DF type 1, path 3f0050154401, index 0, count -1
P:28206; T:0x140027481172032 12:45:41.351 [opensc-pkcs11] pkcs15.c:1118:sc_pkcs15_bind_internal:   DF type 3, path 3f0050154403, index 0, count -1
P:28206; T:0x140027481172032 12:45:41.351 [opensc-pkcs11] pkcs15.c:1118:sc_pkcs15_bind_internal:   DF type 4, path 3f0050154404, index 0, count -1
P:28206; T:0x140027481172032 12:45:41.351 [opensc-pkcs11] pkcs15.c:1118:sc_pkcs15_bind_internal:   DF type 7, path 3f0050154407, index 0, count -1
P:28206; T:0x140027481172032 12:45:41.351 [opensc-pkcs11] pkcs15.c:1118:sc_pkcs15_bind_internal:   DF type 8, path 3f0050154408, index 0, count -1
P:28206; T:0x140027481172032 12:45:41.351 [opensc-pkcs11] pkcs15.c:1128:sc_pkcs15_bind_internal: absolute path to EF(TokenInfo) 3f0050155032
P:28206; T:0x140027481172032 12:45:41.351 [opensc-pkcs11] card.c:836:sc_select_file: called; type=2, path=3f0050155032
P:28206; T:0x140027481172032 12:45:41.351 [opensc-pkcs11] card-starsign.c:135:starsign_select_file: STARSIGN SELECT FILE EXECUTING type=2 len=6
P:28206; T:0x140027481172032 12:45:41.351 [opensc-pkcs11] card-starsign.c:142:starsign_select_file: STARSIGN SELECT FILE: Attempting full path selection from MF
P:28206; T:0x140027481172032 12:45:41.351 [opensc-pkcs11] apdu.c:550:sc_transmit_apdu: called
P:28206; T:0x140027481172032 12:45:41.351 [opensc-pkcs11] card.c:466:sc_lock: called
P:28206; T:0x140027481172032 12:45:41.351 [opensc-pkcs11] card.c:505:sc_lock: returning with: 0 (Success)
P:28206; T:0x140027481172032 12:45:41.351 [opensc-pkcs11] apdu.c:515:sc_transmit: called
P:28206; T:0x140027481172032 12:45:41.351 [opensc-pkcs11] apdu.c:363:sc_single_transmit: called
P:28206; T:0x140027481172032 12:45:41.351 [opensc-pkcs11] apdu.c:367:sc_single_transmit: CLA:1, INS:A4, P1:8, P2:C, data(6) 0x7ffe64133fa0
P:28206; T:0x140027481172032 12:45:41.351 [opensc-pkcs11] reader-pcsc.c:347:pcsc_transmit: reader 'Giesecke & Devrient GmbH StarSign CUT S [.] (03201229036013) 00 00'
P:28206; T:0x140027481172032 12:45:41.351 [opensc-pkcs11] reader-pcsc.c:348:pcsc_transmit: 
Outgoing APDU (11 bytes):
01 A4 08 0C 06 3F 00 50 15 50 32 .....?.P.P2

P:28206; T:0x140027481172032 12:45:41.351 [opensc-pkcs11] reader-pcsc.c:260:pcsc_internal_transmit: called
P:28206; T:0x140027481172032 12:45:41.355 [opensc-pkcs11] reader-pcsc.c:357:pcsc_transmit: 
Incoming APDU (2 bytes):
6A 81 j.

P:28206; T:0x140027481172032 12:45:41.355 [opensc-pkcs11] apdu.c:382:sc_single_transmit: returning with: 0 (Success)
P:28206; T:0x140027481172032 12:45:41.355 [opensc-pkcs11] apdu.c:539:sc_transmit: returning with: 0 (Success)
P:28206; T:0x140027481172032 12:45:41.355 [opensc-pkcs11] card.c:515:sc_unlock: called
P:28206; T:0x140027481172032 12:45:41.355 [opensc-pkcs11] iso7816.c:128:iso7816_check_sw: Function not supported
P:28206; T:0x140027481172032 12:45:41.355 [opensc-pkcs11] card-starsign.c:153:starsign_select_file: STARSIGN SELECT FILE: Full path selection failed (-1208), falling back to component-by-component
P:28206; T:0x140027481172032 12:45:41.355 [opensc-pkcs11] apdu.c:550:sc_transmit_apdu: called
P:28206; T:0x140027481172032 12:45:41.355 [opensc-pkcs11] card.c:466:sc_lock: called
P:28206; T:0x140027481172032 12:45:41.355 [opensc-pkcs11] card.c:505:sc_lock: returning with: 0 (Success)
P:28206; T:0x140027481172032 12:45:41.355 [opensc-pkcs11] apdu.c:515:sc_transmit: called
P:28206; T:0x140027481172032 12:45:41.355 [opensc-pkcs11] apdu.c:363:sc_single_transmit: called
P:28206; T:0x140027481172032 12:45:41.355 [opensc-pkcs11] apdu.c:367:sc_single_transmit: CLA:1, INS:A4, P1:0, P2:C, data(2) 0x7ffe64133fa4
P:28206; T:0x140027481172032 12:45:41.355 [opensc-pkcs11] reader-pcsc.c:347:pcsc_transmit: reader 'Giesecke & Devrient GmbH StarSign CUT S [.] (03201229036013) 00 00'
P:28206; T:0x140027481172032 12:45:41.355 [opensc-pkcs11] reader-pcsc.c:348:pcsc_transmit: 
Outgoing APDU (7 bytes):
01 A4 00 0C 02 50 32 .....P2

P:28206; T:0x140027481172032 12:45:41.355 [opensc-pkcs11] reader-pcsc.c:260:pcsc_internal_transmit: called
P:28206; T:0x140027481172032 12:45:41.360 [opensc-pkcs11] reader-pcsc.c:357:pcsc_transmit: 
Incoming APDU (2 bytes):
90 00 ..

P:28206; T:0x140027481172032 12:45:41.360 [opensc-pkcs11] apdu.c:382:sc_single_transmit: returning with: 0 (Success)
P:28206; T:0x140027481172032 12:45:41.360 [opensc-pkcs11] apdu.c:539:sc_transmit: returning with: 0 (Success)
P:28206; T:0x140027481172032 12:45:41.360 [opensc-pkcs11] card.c:515:sc_unlock: called
P:28206; T:0x140027481172032 12:45:41.360 [opensc-pkcs11] card.c:871:sc_select_file: returning with: 0 (Success)
P:28206; T:0x140027481172032 12:45:41.360 [opensc-pkcs11] card.c:615:sc_read_binary: called; 32768 bytes at index 0
P:28206; T:0x140027481172032 12:45:41.360 [opensc-pkcs11] card.c:466:sc_lock: called
P:28206; T:0x140027481172032 12:45:41.360 [opensc-pkcs11] card.c:505:sc_lock: returning with: 0 (Success)
P:28206; T:0x140027481172032 12:45:41.360 [opensc-pkcs11] apdu.c:550:sc_transmit_apdu: called
P:28206; T:0x140027481172032 12:45:41.360 [opensc-pkcs11] card.c:466:sc_lock: called
P:28206; T:0x140027481172032 12:45:41.360 [opensc-pkcs11] card.c:505:sc_lock: returning with: 0 (Success)
P:28206; T:0x140027481172032 12:45:41.360 [opensc-pkcs11] apdu.c:515:sc_transmit: called
P:28206; T:0x140027481172032 12:45:41.360 [opensc-pkcs11] apdu.c:363:sc_single_transmit: called
P:28206; T:0x140027481172032 12:45:41.360 [opensc-pkcs11] apdu.c:367:sc_single_transmit: CLA:1, INS:B0, P1:0, P2:0, data(0) (nil)
P:28206; T:0x140027481172032 12:45:41.360 [opensc-pkcs11] reader-pcsc.c:347:pcsc_transmit: reader 'Giesecke & Devrient GmbH StarSign CUT S [.] (03201229036013) 00 00'
P:28206; T:0x140027481172032 12:45:41.360 [opensc-pkcs11] reader-pcsc.c:348:pcsc_transmit: 
Outgoing APDU (5 bytes):
01 B0 00 00 00 .....

P:28206; T:0x140027481172032 12:45:41.360 [opensc-pkcs11] reader-pcsc.c:260:pcsc_internal_transmit: called
P:28206; T:0x140027481172032 12:45:41.364 [opensc-pkcs11] reader-pcsc.c:357:pcsc_transmit: 
Incoming APDU (119 bytes):
30 71 02 01 00 04 08 00 1F 00 31 00 28 E5 10 0C 0q........1.(...
12 41 2E 45 2E 54 2E 20 45 75 72 6F 70 65 20 42 .A.E.T. Europe B
2E 56 2E 80 20 44 49 45 47 4F 20 52 49 42 45 49 .V.. DIEGO RIBEI
52 4F 20 44 45 20 53 4F 55 5A 41 20 20 20 20 20 RO DE SOUZA     
20 20 20 20 20 03 02 04 50 83 28 43 6F 70 79 72      ...P.(Copyr
69 67 68 74 20 A9 20 31 39 39 37 2D 32 30 31 35 ight . 1997-2015
20 41 2E 45 2E 54 2E 20 45 75 72 6F 70 65 20 42  A.E.T. Europe B
2E 56 2E 00 00 90 00                            .V.....

P:28206; T:0x140027481172032 12:45:41.364 [opensc-pkcs11] apdu.c:382:sc_single_transmit: returning with: 0 (Success)
P:28206; T:0x140027481172032 12:45:41.364 [opensc-pkcs11] apdu.c:539:sc_transmit: returning with: 0 (Success)
P:28206; T:0x140027481172032 12:45:41.364 [opensc-pkcs11] card.c:515:sc_unlock: called
P:28206; T:0x140027481172032 12:45:41.365 [opensc-pkcs11] iso7816.c:164:iso7816_read_binary: returning with: 117
P:28206; T:0x140027481172032 12:45:41.365 [opensc-pkcs11] apdu.c:550:sc_transmit_apdu: called
P:28206; T:0x140027481172032 12:45:41.365 [opensc-pkcs11] card.c:466:sc_lock: called
P:28206; T:0x140027481172032 12:45:41.365 [opensc-pkcs11] card.c:505:sc_lock: returning with: 0 (Success)
P:28206; T:0x140027481172032 12:45:41.365 [opensc-pkcs11] apdu.c:515:sc_transmit: called
P:28206; T:0x140027481172032 12:45:41.365 [opensc-pkcs11] apdu.c:363:sc_single_transmit: called
P:28206; T:0x140027481172032 12:45:41.365 [opensc-pkcs11] apdu.c:367:sc_single_transmit: CLA:1, INS:B0, P1:0, P2:75, data(0) (nil)
P:28206; T:0x140027481172032 12:45:41.365 [opensc-pkcs11] reader-pcsc.c:347:pcsc_transmit: reader 'Giesecke & Devrient GmbH StarSign CUT S [.] (03201229036013) 00 00'
P:28206; T:0x140027481172032 12:45:41.365 [opensc-pkcs11] reader-pcsc.c:348:pcsc_transmit: 
Outgoing APDU (5 bytes):
01 B0 00 75 00 ...u.

P:28206; T:0x140027481172032 12:45:41.365 [opensc-pkcs11] reader-pcsc.c:260:pcsc_internal_transmit: called
P:28206; T:0x140027481172032 12:45:41.369 [opensc-pkcs11] reader-pcsc.c:357:pcsc_transmit: 
Incoming APDU (2 bytes):
6A 86 j.

P:28206; T:0x140027481172032 12:45:41.369 [opensc-pkcs11] apdu.c:382:sc_single_transmit: returning with: 0 (Success)
P:28206; T:0x140027481172032 12:45:41.369 [opensc-pkcs11] apdu.c:539:sc_transmit: returning with: 0 (Success)
P:28206; T:0x140027481172032 12:45:41.369 [opensc-pkcs11] card.c:515:sc_unlock: called
P:28206; T:0x140027481172032 12:45:41.369 [opensc-pkcs11] iso7816.c:128:iso7816_check_sw: Incorrect parameters P1-P2
P:28206; T:0x140027481172032 12:45:41.369 [opensc-pkcs11] iso7816.c:161:iso7816_read_binary: returning with: 0 (Success)
P:28206; T:0x140027481172032 12:45:41.369 [opensc-pkcs11] card.c:515:sc_unlock: called
P:28206; T:0x140027481172032 12:45:41.369 [opensc-pkcs11] card.c:664:sc_read_binary: returning with: 117
P:28206; T:0x140027481172032 12:45:41.369 [opensc-pkcs11] asn1.c:1730:asn1_decode: called, left=117, depth 0
P:28206; T:0x140027481172032 12:45:41.369 [opensc-pkcs11] asn1.c:1754:asn1_decode: Looking for 'TokenInfo', tag 0x20000010
P:28206; T:0x140027481172032 12:45:41.369 [opensc-pkcs11] asn1.c:1500:asn1_decode_entry: decoding 'TokenInfo', raw data:0201000408001F00310028E5100C1241...
P:28206; T:0x140027481172032 12:45:41.369 [opensc-pkcs11] asn1.c:1730:asn1_decode:  called, left=113, depth 1
P:28206; T:0x140027481172032 12:45:41.369 [opensc-pkcs11] asn1.c:1754:asn1_decode: Looking for 'version', tag 0x2
P:28206; T:0x140027481172032 12:45:41.369 [opensc-pkcs11] asn1.c:1500:asn1_decode_entry:  decoding 'version', raw data:00
P:28206; T:0x140027481172032 12:45:41.369 [opensc-pkcs11] asn1.c:1529:asn1_decode_entry:  decoding 'version' returned 0
P:28206; T:0x140027481172032 12:45:41.369 [opensc-pkcs11] asn1.c:1754:asn1_decode: Looking for 'serialNumber', tag 0x4, OPTIONAL
P:28206; T:0x140027481172032 12:45:41.369 [opensc-pkcs11] asn1.c:1500:asn1_decode_entry:  decoding 'serialNumber', raw data:001F00310028E510
P:28206; T:0x140027481172032 12:45:41.369 [opensc-pkcs11] asn1.c:1754:asn1_decode: Looking for 'manufacturerID', tag 0xc, OPTIONAL
P:28206; T:0x140027481172032 12:45:41.369 [opensc-pkcs11] asn1.c:1500:asn1_decode_entry:  decoding 'manufacturerID', raw data:412E452E542E204575726F706520422E...
P:28206; T:0x140027481172032 12:45:41.369 [opensc-pkcs11] asn1.c:1754:asn1_decode: Looking for 'label', tag 0x80000000, OPTIONAL
P:28206; T:0x140027481172032 12:45:41.369 [opensc-pkcs11] asn1.c:1500:asn1_decode_entry:  decoding 'label', raw data:444945474F205249424549524F204445...
P:28206; T:0x140027481172032 12:45:41.369 [opensc-pkcs11] asn1.c:1754:asn1_decode: Looking for 'label-tw', tag 0xa0000000, OPTIONAL
P:28206; T:0x140027481172032 12:45:41.369 [opensc-pkcs11] asn1.c:1775:asn1_decode: 'label-tw' not present
P:28206; T:0x140027481172032 12:45:41.369 [opensc-pkcs11] asn1.c:1754:asn1_decode: Looking for 'tokenflags', tag 0x3
P:28206; T:0x140027481172032 12:45:41.369 [opensc-pkcs11] asn1.c:1500:asn1_decode_entry:  decoding 'tokenflags', raw data:0450
P:28206; T:0x140027481172032 12:45:41.369 [opensc-pkcs11] asn1.c:1754:asn1_decode: Looking for 'seInfo', tag 0x20000010, OPTIONAL
P:28206; T:0x140027481172032 12:45:41.369 [opensc-pkcs11] asn1.c:1775:asn1_decode: 'seInfo' not present
P:28206; T:0x140027481172032 12:45:41.369 [opensc-pkcs11] asn1.c:1754:asn1_decode: Looking for 'recordInfo', tag 0xa0000001, OPTIONAL
P:28206; T:0x140027481172032 12:45:41.369 [opensc-pkcs11] asn1.c:1775:asn1_decode: 'recordInfo' not present
P:28206; T:0x140027481172032 12:45:41.369 [opensc-pkcs11] asn1.c:1754:asn1_decode: Looking for 'supportedAlgorithms', tag 0xa0000002, OPTIONAL
P:28206; T:0x140027481172032 12:45:41.369 [opensc-pkcs11] asn1.c:1775:asn1_decode: 'supportedAlgorithms' not present
P:28206; T:0x140027481172032 12:45:41.369 [opensc-pkcs11] asn1.c:1754:asn1_decode: Looking for 'issuerId', tag 0x80000003, OPTIONAL
P:28206; T:0x140027481172032 12:45:41.369 [opensc-pkcs11] asn1.c:1500:asn1_decode_entry:  decoding 'issuerId', raw data:436F7079726967687420A92031393937...
P:28206; T:0x140027481172032 12:45:41.369 [opensc-pkcs11] asn1.c:1754:asn1_decode: Looking for 'holderId', tag 0x80000004, OPTIONAL
P:28206; T:0x140027481172032 12:45:41.369 [opensc-pkcs11] asn1.c:1775:asn1_decode: 'holderId' not present
P:28206; T:0x140027481172032 12:45:41.369 [opensc-pkcs11] asn1.c:1754:asn1_decode: Looking for 'lastUpdate', tag 0xa0000005, OPTIONAL
P:28206; T:0x140027481172032 12:45:41.369 [opensc-pkcs11] asn1.c:1775:asn1_decode: 'lastUpdate' not present
P:28206; T:0x140027481172032 12:45:41.369 [opensc-pkcs11] asn1.c:1754:asn1_decode: Looking for 'preferredLanguage', tag 0x13, OPTIONAL
P:28206; T:0x140027481172032 12:45:41.369 [opensc-pkcs11] asn1.c:1775:asn1_decode: 'preferredLanguage' not present
P:28206; T:0x140027481172032 12:45:41.369 [opensc-pkcs11] asn1.c:1754:asn1_decode: Looking for 'profileIndication', tag 0xa0000006, OPTIONAL
P:28206; T:0x140027481172032 12:45:41.369 [opensc-pkcs11] asn1.c:1775:asn1_decode: 'profileIndication' not present
P:28206; T:0x140027481172032 12:45:41.369 [opensc-pkcs11] asn1.c:1811:asn1_decode: returning with: 0 (Success)
P:28206; T:0x140027481172032 12:45:41.369 [opensc-pkcs11] asn1.c:1811:asn1_decode: returning with: 0 (Success)
P:28206; T:0x140027481172032 12:45:41.369 [opensc-pkcs11] pkcs15.c:241:sc_pkcs15_parse_tokeninfo: TokenInfo.serialNunmber '001f00310028e510'
P:28206; T:0x140027481172032 12:45:41.370 [opensc-pkcs11] pkcs15.c:292:sc_pkcs15_parse_tokeninfo: LastUpdate.path ''
P:28206; T:0x140027481172032 12:45:41.370 [opensc-pkcs11] pkcs15.c:293:sc_pkcs15_parse_tokeninfo: ProfileIndication.name '(null)'
P:28206; T:0x140027481172032 12:45:41.370 [opensc-pkcs11] pkcs15.c:1222:sc_pkcs15_bind_internal: returning with: 0 (Success)
P:28206; T:0x140027481172032 12:45:41.370 [opensc-pkcs11] card.c:515:sc_unlock: called
P:28206; T:0x140027481172032 12:45:41.370 [opensc-pkcs11] reader-pcsc.c:770:pcsc_unlock: called
P:28206; T:0x140027481172032 12:45:41.370 [opensc-pkcs11] pkcs15.c:1375:sc_pkcs15_bind: returning with: 0 (Success)
P:28206; T:0x140027481172032 12:45:41.371 [opensc-pkcs11] mechanism.c:1802:sc_pkcs11_register_sign_and_hash_mechanism: called
P:28206; T:0x140027481172032 12:45:41.371 [opensc-pkcs11] mechanism.c:1803:sc_pkcs11_register_sign_and_hash_mechanism: mech = 0x6, hash_mech = 0x220
P:28206; T:0x140027481172032 12:45:41.371 [opensc-pkcs11] mechanism.c:1834:sc_pkcs11_register_sign_and_hash_mechanism: returning with: 0 (Success)
P:28206; T:0x140027481172032 12:45:41.371 [opensc-pkcs11] mechanism.c:1802:sc_pkcs11_register_sign_and_hash_mechanism: called
P:28206; T:0x140027481172032 12:45:41.371 [opensc-pkcs11] mechanism.c:1803:sc_pkcs11_register_sign_and_hash_mechanism: mech = 0x40, hash_mech = 0x250
P:28206; T:0x140027481172032 12:45:41.371 [opensc-pkcs11] mechanism.c:1834:sc_pkcs11_register_sign_and_hash_mechanism: returning with: 0 (Success)
P:28206; T:0x140027481172032 12:45:41.371 [opensc-pkcs11] mechanism.c:1802:sc_pkcs11_register_sign_and_hash_mechanism: called
P:28206; T:0x140027481172032 12:45:41.371 [opensc-pkcs11] mechanism.c:1803:sc_pkcs11_register_sign_and_hash_mechanism: mech = 0x41, hash_mech = 0x260
P:28206; T:0x140027481172032 12:45:41.371 [opensc-pkcs11] mechanism.c:1834:sc_pkcs11_register_sign_and_hash_mechanism: returning with: 0 (Success)
P:28206; T:0x140027481172032 12:45:41.371 [opensc-pkcs11] mechanism.c:1802:sc_pkcs11_register_sign_and_hash_mechanism: called
P:28206; T:0x140027481172032 12:45:41.371 [opensc-pkcs11] mechanism.c:1803:sc_pkcs11_register_sign_and_hash_mechanism: mech = 0x42, hash_mech = 0x270
P:28206; T:0x140027481172032 12:45:41.371 [opensc-pkcs11] mechanism.c:1834:sc_pkcs11_register_sign_and_hash_mechanism: returning with: 0 (Success)
P:28206; T:0x140027481172032 12:45:41.371 [opensc-pkcs11] mechanism.c:1802:sc_pkcs11_register_sign_and_hash_mechanism: called
P:28206; T:0x140027481172032 12:45:41.371 [opensc-pkcs11] mechanism.c:1803:sc_pkcs11_register_sign_and_hash_mechanism: mech = 0x5, hash_mech = 0x210
P:28206; T:0x140027481172032 12:45:41.371 [opensc-pkcs11] mechanism.c:1834:sc_pkcs11_register_sign_and_hash_mechanism: returning with: 0 (Success)
P:28206; T:0x140027481172032 12:45:41.371 [opensc-pkcs11] mechanism.c:1802:sc_pkcs11_register_sign_and_hash_mechanism: called
P:28206; T:0x140027481172032 12:45:41.371 [opensc-pkcs11] mechanism.c:1803:sc_pkcs11_register_sign_and_hash_mechanism: mech = 0xe, hash_mech = 0x220
P:28206; T:0x140027481172032 12:45:41.371 [opensc-pkcs11] mechanism.c:1834:sc_pkcs11_register_sign_and_hash_mechanism: returning with: 0 (Success)
P:28206; T:0x140027481172032 12:45:41.371 [opensc-pkcs11] mechanism.c:1802:sc_pkcs11_register_sign_and_hash_mechanism: called
P:28206; T:0x140027481172032 12:45:41.371 [opensc-pkcs11] mechanism.c:1803:sc_pkcs11_register_sign_and_hash_mechanism: mech = 0x43, hash_mech = 0x250
P:28206; T:0x140027481172032 12:45:41.371 [opensc-pkcs11] mechanism.c:1834:sc_pkcs11_register_sign_and_hash_mechanism: returning with: 0 (Success)
P:28206; T:0x140027481172032 12:45:41.371 [opensc-pkcs11] mechanism.c:1802:sc_pkcs11_register_sign_and_hash_mechanism: called
P:28206; T:0x140027481172032 12:45:41.371 [opensc-pkcs11] mechanism.c:1803:sc_pkcs11_register_sign_and_hash_mechanism: mech = 0x44, hash_mech = 0x260
P:28206; T:0x140027481172032 12:45:41.371 [opensc-pkcs11] mechanism.c:1834:sc_pkcs11_register_sign_and_hash_mechanism: returning with: 0 (Success)
P:28206; T:0x140027481172032 12:45:41.371 [opensc-pkcs11] mechanism.c:1802:sc_pkcs11_register_sign_and_hash_mechanism: called
P:28206; T:0x140027481172032 12:45:41.371 [opensc-pkcs11] mechanism.c:1803:sc_pkcs11_register_sign_and_hash_mechanism: mech = 0x45, hash_mech = 0x270
P:28206; T:0x140027481172032 12:45:41.371 [opensc-pkcs11] mechanism.c:1834:sc_pkcs11_register_sign_and_hash_mechanism: returning with: 0 (Success)
P:28206; T:0x140027481172032 12:45:41.371 [opensc-pkcs11] slot.c:363:card_detect: Giesecke & Devrient GmbH StarSign CUT S [.] (03201229036013) 00 00: Creating 'generic' token.
P:28206; T:0x140027481172032 12:45:41.371 [opensc-pkcs11] framework-pkcs15.c:1648:pkcs15_create_tokens: create PKCS#15 tokens; fws:0x55cd05b157f0,(nil),(nil)
P:28206; T:0x140027481172032 12:45:41.371 [opensc-pkcs11] framework-pkcs15.c:1650:pkcs15_create_tokens: create slots flags 0x8
P:28206; T:0x140027481172032 12:45:41.371 [opensc-pkcs11] framework-pkcs15.c:1665:pkcs15_create_tokens: Use FW data with index 0; fw_data->p15_card 0x55cd05b153e0
P:28206; T:0x140027481172032 12:45:41.371 [opensc-pkcs11] pkcs15.c:1817:sc_pkcs15_find_pin_by_flags: called
P:28206; T:0x140027481172032 12:45:41.371 [opensc-pkcs11] pkcs15.c:1818:sc_pkcs15_find_pin_by_flags: Find PIN flags:0x10, mask:0xD2, index:-1
P:28206; T:0x140027481172032 12:45:41.371 [opensc-pkcs11] pkcs15.c:2147:sc_pkcs15_parse_df: called; path=3f0050154408, type=8, enum=0
P:28206; T:0x140027481172032 12:45:41.371 [opensc-pkcs11] pkcs15.c:2485:sc_pkcs15_read_file: called
P:28206; T:0x140027481172032 12:45:41.371 [opensc-pkcs11] pkcs15.c:2486:sc_pkcs15_read_file: path=3f0050154408, index=0, count=-1
P:28206; T:0x140027481172032 12:45:41.371 [opensc-pkcs11] card.c:466:sc_lock: called
P:28206; T:0x140027481172032 12:45:41.371 [opensc-pkcs11] reader-pcsc.c:728:pcsc_lock: called
P:28206; T:0x140027481172032 12:45:41.371 [opensc-pkcs11] card.c:505:sc_lock: returning with: 0 (Success)
P:28206; T:0x140027481172032 12:45:41.371 [opensc-pkcs11] card.c:836:sc_select_file: called; type=2, path=3f0050154408
P:28206; T:0x140027481172032 12:45:41.371 [opensc-pkcs11] card-starsign.c:135:starsign_select_file: STARSIGN SELECT FILE EXECUTING type=2 len=6
P:28206; T:0x140027481172032 12:45:41.371 [opensc-pkcs11] card-starsign.c:142:starsign_select_file: STARSIGN SELECT FILE: Attempting full path selection from MF
P:28206; T:0x140027481172032 12:45:41.371 [opensc-pkcs11] apdu.c:550:sc_transmit_apdu: called
P:28206; T:0x140027481172032 12:45:41.371 [opensc-pkcs11] card.c:466:sc_lock: called
P:28206; T:0x140027481172032 12:45:41.371 [opensc-pkcs11] card.c:505:sc_lock: returning with: 0 (Success)
P:28206; T:0x140027481172032 12:45:41.371 [opensc-pkcs11] apdu.c:515:sc_transmit: called
P:28206; T:0x140027481172032 12:45:41.371 [opensc-pkcs11] apdu.c:363:sc_single_transmit: called
P:28206; T:0x140027481172032 12:45:41.371 [opensc-pkcs11] apdu.c:367:sc_single_transmit: CLA:1, INS:A4, P1:8, P2:C, data(6) 0x55cd05b1ec50
P:28206; T:0x140027481172032 12:45:41.372 [opensc-pkcs11] reader-pcsc.c:347:pcsc_transmit: reader 'Giesecke & Devrient GmbH StarSign CUT S [.] (03201229036013) 00 00'
P:28206; T:0x140027481172032 12:45:41.372 [opensc-pkcs11] reader-pcsc.c:348:pcsc_transmit: 
Outgoing APDU (11 bytes):
01 A4 08 0C 06 3F 00 50 15 44 08 .....?.P.D.

P:28206; T:0x140027481172032 12:45:41.372 [opensc-pkcs11] reader-pcsc.c:260:pcsc_internal_transmit: called
P:28206; T:0x140027481172032 12:45:41.375 [opensc-pkcs11] reader-pcsc.c:357:pcsc_transmit: 
Incoming APDU (2 bytes):
6A 81 j.

P:28206; T:0x140027481172032 12:45:41.375 [opensc-pkcs11] apdu.c:382:sc_single_transmit: returning with: 0 (Success)
P:28206; T:0x140027481172032 12:45:41.375 [opensc-pkcs11] apdu.c:539:sc_transmit: returning with: 0 (Success)
P:28206; T:0x140027481172032 12:45:41.375 [opensc-pkcs11] card.c:515:sc_unlock: called
P:28206; T:0x140027481172032 12:45:41.375 [opensc-pkcs11] iso7816.c:128:iso7816_check_sw: Function not supported
P:28206; T:0x140027481172032 12:45:41.375 [opensc-pkcs11] card-starsign.c:153:starsign_select_file: STARSIGN SELECT FILE: Full path selection failed (-1208), falling back to component-by-component
P:28206; T:0x140027481172032 12:45:41.375 [opensc-pkcs11] apdu.c:550:sc_transmit_apdu: called
P:28206; T:0x140027481172032 12:45:41.375 [opensc-pkcs11] card.c:466:sc_lock: called
P:28206; T:0x140027481172032 12:45:41.375 [opensc-pkcs11] card.c:505:sc_lock: returning with: 0 (Success)
P:28206; T:0x140027481172032 12:45:41.375 [opensc-pkcs11] apdu.c:515:sc_transmit: called
P:28206; T:0x140027481172032 12:45:41.375 [opensc-pkcs11] apdu.c:363:sc_single_transmit: called
P:28206; T:0x140027481172032 12:45:41.375 [opensc-pkcs11] apdu.c:367:sc_single_transmit: CLA:1, INS:A4, P1:0, P2:C, data(2) 0x55cd05b1ec54
P:28206; T:0x140027481172032 12:45:41.375 [opensc-pkcs11] reader-pcsc.c:347:pcsc_transmit: reader 'Giesecke & Devrient GmbH StarSign CUT S [.] (03201229036013) 00 00'
P:28206; T:0x140027481172032 12:45:41.375 [opensc-pkcs11] reader-pcsc.c:348:pcsc_transmit: 
Outgoing APDU (7 bytes):
01 A4 00 0C 02 44 08 .....D.

P:28206; T:0x140027481172032 12:45:41.376 [opensc-pkcs11] reader-pcsc.c:260:pcsc_internal_transmit: called
P:28206; T:0x140027481172032 12:45:41.382 [opensc-pkcs11] reader-pcsc.c:357:pcsc_transmit: 
Incoming APDU (2 bytes):
90 00 ..

P:28206; T:0x140027481172032 12:45:41.382 [opensc-pkcs11] apdu.c:382:sc_single_transmit: returning with: 0 (Success)
P:28206; T:0x140027481172032 12:45:41.382 [opensc-pkcs11] apdu.c:539:sc_transmit: returning with: 0 (Success)
P:28206; T:0x140027481172032 12:45:41.382 [opensc-pkcs11] card.c:515:sc_unlock: called
P:28206; T:0x140027481172032 12:45:41.382 [opensc-pkcs11] card.c:871:sc_select_file: returning with: 0 (Success)
P:28206; T:0x140027481172032 12:45:41.382 [opensc-pkcs11] card.c:615:sc_read_binary: called; 32768 bytes at index 0
P:28206; T:0x140027481172032 12:45:41.382 [opensc-pkcs11] card.c:466:sc_lock: called
P:28206; T:0x140027481172032 12:45:41.382 [opensc-pkcs11] card.c:505:sc_lock: returning with: 0 (Success)
P:28206; T:0x140027481172032 12:45:41.382 [opensc-pkcs11] apdu.c:550:sc_transmit_apdu: called
P:28206; T:0x140027481172032 12:45:41.382 [opensc-pkcs11] card.c:466:sc_lock: called
P:28206; T:0x140027481172032 12:45:41.382 [opensc-pkcs11] card.c:505:sc_lock: returning with: 0 (Success)
P:28206; T:0x140027481172032 12:45:41.382 [opensc-pkcs11] apdu.c:515:sc_transmit: called
P:28206; T:0x140027481172032 12:45:41.382 [opensc-pkcs11] apdu.c:363:sc_single_transmit: called
P:28206; T:0x140027481172032 12:45:41.382 [opensc-pkcs11] apdu.c:367:sc_single_transmit: CLA:1, INS:B0, P1:0, P2:0, data(0) (nil)
P:28206; T:0x140027481172032 12:45:41.382 [opensc-pkcs11] reader-pcsc.c:347:pcsc_transmit: reader 'Giesecke & Devrient GmbH StarSign CUT S [.] (03201229036013) 00 00'
P:28206; T:0x140027481172032 12:45:41.382 [opensc-pkcs11] reader-pcsc.c:348:pcsc_transmit: 
Outgoing APDU (5 bytes):
01 B0 00 00 00 .....

P:28206; T:0x140027481172032 12:45:41.382 [opensc-pkcs11] reader-pcsc.c:260:pcsc_internal_transmit: called
P:28206; T:0x140027481172032 12:45:41.387 [opensc-pkcs11] reader-pcsc.c:357:pcsc_transmit: 
Incoming APDU (257 bytes):
30 47 30 11 0C 08 55 73 65 72 20 50 69 6E 03 02 0G0...User Pin..
06 C0 04 01 01 30 03 04 01 02 A1 2D 30 2B 03 03 .....0.....-0+..
04 CC 90 0A 01 01 02 01 04 02 01 0F 80 01 02 04 ................
01 00 18 0F 32 30 32 31 31 30 31 38 31 39 30 34 ....202110181904
30 36 5A 30 04 04 02 3F 00 30 42 30 0C 0C 06 53 06Z0...?.0B0...S
4F 20 50 69 6E 03 02 06 C0 30 03 04 01 01 A1 2D O Pin....0.....-
30 2B 03 03 04 CD 90 0A 01 01 02 01 04 02 01 0F 0+..............
80 01 01 04 01 00 18 0F 32 30 32 36 30 37 33 31 ........20260731
31 34 31 39 32 33 5A 30 04 04 02 3F 00 00 00 00 141923Z0...?....
00 00 00 00 00 00 00 00 00 00 00 00 00 00 00 00 ................
00 00 00 00 00 00 00 00 00 00 00 00 00 00 00 00 ................
00 00 00 00 00 00 00 00 00 00 00 00 00 00 00 00 ................
00 00 00 00 00 00 00 00 00 00 00 00 00 00 00 00 ................
00 00 00 00 00 00 00 00 00 00 00 00 00 00 00 00 ................
00 00 00 00 00 00 00 00 00 00 00 00 00 00 00 00 ................
00 00 00 00 00 00 00 00 00 00 00 00 00 00 00 90 ................
00                                              .

P:28206; T:0x140027481172032 12:45:41.387 [opensc-pkcs11] apdu.c:382:sc_single_transmit: returning with: 0 (Success)
P:28206; T:0x140027481172032 12:45:41.387 [opensc-pkcs11] apdu.c:539:sc_transmit: returning with: 0 (Success)
P:28206; T:0x140027481172032 12:45:41.387 [opensc-pkcs11] card.c:515:sc_unlock: called
P:28206; T:0x140027481172032 12:45:41.387 [opensc-pkcs11] iso7816.c:164:iso7816_read_binary: returning with: 255
P:28206; T:0x140027481172032 12:45:41.387 [opensc-pkcs11] apdu.c:550:sc_transmit_apdu: called
P:28206; T:0x140027481172032 12:45:41.387 [opensc-pkcs11] card.c:466:sc_lock: called
P:28206; T:0x140027481172032 12:45:41.387 [opensc-pkcs11] card.c:505:sc_lock: returning with: 0 (Success)
P:28206; T:0x140027481172032 12:45:41.387 [opensc-pkcs11] apdu.c:515:sc_transmit: called
P:28206; T:0x140027481172032 12:45:41.387 [opensc-pkcs11] apdu.c:363:sc_single_transmit: called
P:28206; T:0x140027481172032 12:45:41.387 [opensc-pkcs11] apdu.c:367:sc_single_transmit: CLA:1, INS:B0, P1:0, P2:FF, data(0) (nil)
P:28206; T:0x140027481172032 12:45:41.388 [opensc-pkcs11] reader-pcsc.c:347:pcsc_transmit: reader 'Giesecke & Devrient GmbH StarSign CUT S [.] (03201229036013) 00 00'
P:28206; T:0x140027481172032 12:45:41.388 [opensc-pkcs11] reader-pcsc.c:348:pcsc_transmit: 
Outgoing APDU (5 bytes):
01 B0 00 FF 00 .....

P:28206; T:0x140027481172032 12:45:41.388 [opensc-pkcs11] reader-pcsc.c:260:pcsc_internal_transmit: called
P:28206; T:0x140027481172032 12:45:41.392 [opensc-pkcs11] reader-pcsc.c:357:pcsc_transmit: 
Incoming APDU (2 bytes):
6A 86 j.

P:28206; T:0x140027481172032 12:45:41.392 [opensc-pkcs11] apdu.c:382:sc_single_transmit: returning with: 0 (Success)
P:28206; T:0x140027481172032 12:45:41.392 [opensc-pkcs11] apdu.c:539:sc_transmit: returning with: 0 (Success)
P:28206; T:0x140027481172032 12:45:41.392 [opensc-pkcs11] card.c:515:sc_unlock: called
P:28206; T:0x140027481172032 12:45:41.392 [opensc-pkcs11] iso7816.c:128:iso7816_check_sw: Incorrect parameters P1-P2
P:28206; T:0x140027481172032 12:45:41.392 [opensc-pkcs11] iso7816.c:161:iso7816_read_binary: returning with: 0 (Success)
P:28206; T:0x140027481172032 12:45:41.392 [opensc-pkcs11] card.c:515:sc_unlock: called
P:28206; T:0x140027481172032 12:45:41.392 [opensc-pkcs11] card.c:664:sc_read_binary: returning with: 255
P:28206; T:0x140027481172032 12:45:41.392 [opensc-pkcs11] card.c:515:sc_unlock: called
P:28206; T:0x140027481172032 12:45:41.392 [opensc-pkcs11] reader-pcsc.c:770:pcsc_unlock: called
P:28206; T:0x140027481172032 12:45:41.392 [opensc-pkcs11] pkcs15.c:2639:sc_pkcs15_read_file: returning with: 0 (Success)
P:28206; T:0x140027481172032 12:45:41.392 [opensc-pkcs11] pkcs15-pin.c:101:sc_pkcs15_decode_aodf_entry: called
P:28206; T:0x140027481172032 12:45:41.392 [opensc-pkcs11] asn1.c:1730:asn1_decode: called, left=255, depth 0
P:28206; T:0x140027481172032 12:45:41.392 [opensc-pkcs11] asn1.c:1754:asn1_decode: Looking for 'authType', tag 0x0
P:28206; T:0x140027481172032 12:45:41.392 [opensc-pkcs11] asn1.c:1730:asn1_decode:  called, left=255, depth 1, choice
P:28206; T:0x140027481172032 12:45:41.392 [opensc-pkcs11] asn1.c:1754:asn1_decode: Looking for 'pin', tag 0x20000010, CHOICE, OPTIONAL
P:28206; T:0x140027481172032 12:45:41.392 [opensc-pkcs11] asn1.c:1500:asn1_decode_entry:  decoding 'pin', raw data:30110C08557365722050696E030206C0...
P:28206; T:0x140027481172032 12:45:41.392 [opensc-pkcs11] asn1.c:1730:asn1_decode:   called, left=71, depth 2
P:28206; T:0x140027481172032 12:45:41.392 [opensc-pkcs11] asn1.c:1754:asn1_decode: Looking for 'commonObjectAttributes', tag 0x20000010
P:28206; T:0x140027481172032 12:45:41.392 [opensc-pkcs11] asn1.c:1500:asn1_decode_entry:   decoding 'commonObjectAttributes', raw data:0C08557365722050696E030206C00401...
P:28206; T:0x140027481172032 12:45:41.392 [opensc-pkcs11] asn1.c:1730:asn1_decode:    called, left=17, depth 3
P:28206; T:0x140027481172032 12:45:41.392 [opensc-pkcs11] asn1.c:1754:asn1_decode: Looking for 'label', tag 0xc, OPTIONAL
P:28206; T:0x140027481172032 12:45:41.392 [opensc-pkcs11] asn1.c:1500:asn1_decode_entry:    decoding 'label', raw data:557365722050696E
P:28206; T:0x140027481172032 12:45:41.392 [opensc-pkcs11] asn1.c:1754:asn1_decode: Looking for 'flags', tag 0x3, OPTIONAL
P:28206; T:0x140027481172032 12:45:41.392 [opensc-pkcs11] asn1.c:1500:asn1_decode_entry:    decoding 'flags', raw data:06C0
P:28206; T:0x140027481172032 12:45:41.392 [opensc-pkcs11] asn1.c:1754:asn1_decode: Looking for 'authId', tag 0x4, OPTIONAL
P:28206; T:0x140027481172032 12:45:41.392 [opensc-pkcs11] asn1.c:1500:asn1_decode_entry:    decoding 'authId', raw data:01
P:28206; T:0x140027481172032 12:45:41.392 [opensc-pkcs11] asn1.c:1754:asn1_decode: Looking for 'userConsent', tag 0x2, OPTIONAL
P:28206; T:0x140027481172032 12:45:41.392 [opensc-pkcs11] asn1.c:1775:asn1_decode: 'userConsent' not present
P:28206; T:0x140027481172032 12:45:41.392 [opensc-pkcs11] asn1.c:1754:asn1_decode: Looking for 'accessControlRules', tag 0x20000010, OPTIONAL
P:28206; T:0x140027481172032 12:45:41.392 [opensc-pkcs11] asn1.c:1775:asn1_decode: 'accessControlRules' not present
P:28206; T:0x140027481172032 12:45:41.392 [opensc-pkcs11] asn1.c:1811:asn1_decode: returning with: 0 (Success)
P:28206; T:0x140027481172032 12:45:41.392 [opensc-pkcs11] asn1.c:1754:asn1_decode: Looking for 'classAttributes', tag 0x20000010
P:28206; T:0x140027481172032 12:45:41.392 [opensc-pkcs11] asn1.c:1500:asn1_decode_entry:   decoding 'classAttributes', raw data:040102
P:28206; T:0x140027481172032 12:45:41.392 [opensc-pkcs11] asn1.c:1730:asn1_decode:    called, left=3, depth 3
P:28206; T:0x140027481172032 12:45:41.392 [opensc-pkcs11] asn1.c:1754:asn1_decode: Looking for 'authId', tag 0x4
P:28206; T:0x140027481172032 12:45:41.392 [opensc-pkcs11] asn1.c:1500:asn1_decode_entry:    decoding 'authId', raw data:02
P:28206; T:0x140027481172032 12:45:41.392 [opensc-pkcs11] asn1.c:1811:asn1_decode: returning with: 0 (Success)
P:28206; T:0x140027481172032 12:45:41.392 [opensc-pkcs11] asn1.c:1754:asn1_decode: Looking for 'subClassAttributes', tag 0xa0000000, OPTIONAL
P:28206; T:0x140027481172032 12:45:41.392 [opensc-pkcs11] asn1.c:1775:asn1_decode: 'subClassAttributes' not present
P:28206; T:0x140027481172032 12:45:41.393 [opensc-pkcs11] asn1.c:1754:asn1_decode: Looking for 'typeAttributes', tag 0xa0000001
P:28206; T:0x140027481172032 12:45:41.393 [opensc-pkcs11] asn1.c:1500:asn1_decode_entry:   decoding 'typeAttributes', raw data:302B030304CC900A010102010402010F...
P:28206; T:0x140027481172032 12:45:41.393 [opensc-pkcs11] asn1.c:1730:asn1_decode:    called, left=45, depth 3
P:28206; T:0x140027481172032 12:45:41.393 [opensc-pkcs11] asn1.c:1754:asn1_decode: Looking for 'pinAttributes', tag 0x20000010
P:28206; T:0x140027481172032 12:45:41.393 [opensc-pkcs11] asn1.c:1500:asn1_decode_entry:    decoding 'pinAttributes', raw data:030304CC900A010102010402010F8001...
P:28206; T:0x140027481172032 12:45:41.393 [opensc-pkcs11] asn1.c:1730:asn1_decode:     called, left=43, depth 4
P:28206; T:0x140027481172032 12:45:41.393 [opensc-pkcs11] asn1.c:1754:asn1_decode: Looking for 'pinFlags', tag 0x3
P:28206; T:0x140027481172032 12:45:41.393 [opensc-pkcs11] asn1.c:1500:asn1_decode_entry:     decoding 'pinFlags', raw data:04CC90
P:28206; T:0x140027481172032 12:45:41.393 [opensc-pkcs11] asn1.c:1754:asn1_decode: Looking for 'pinType', tag 0xa
P:28206; T:0x140027481172032 12:45:41.393 [opensc-pkcs11] asn1.c:1500:asn1_decode_entry:     decoding 'pinType', raw data:01
P:28206; T:0x140027481172032 12:45:41.393 [opensc-pkcs11] asn1.c:1529:asn1_decode_entry:     decoding 'pinType' returned 1
P:28206; T:0x140027481172032 12:45:41.393 [opensc-pkcs11] asn1.c:1754:asn1_decode: Looking for 'minLength', tag 0x2
P:28206; T:0x140027481172032 12:45:41.393 [opensc-pkcs11] asn1.c:1500:asn1_decode_entry:     decoding 'minLength', raw data:04
P:28206; T:0x140027481172032 12:45:41.393 [opensc-pkcs11] asn1.c:1529:asn1_decode_entry:     decoding 'minLength' returned 4
P:28206; T:0x140027481172032 12:45:41.393 [opensc-pkcs11] asn1.c:1754:asn1_decode: Looking for 'storedLength', tag 0x2
P:28206; T:0x140027481172032 12:45:41.393 [opensc-pkcs11] asn1.c:1500:asn1_decode_entry:     decoding 'storedLength', raw data:0F
P:28206; T:0x140027481172032 12:45:41.393 [opensc-pkcs11] asn1.c:1529:asn1_decode_entry:     decoding 'storedLength' returned 15
P:28206; T:0x140027481172032 12:45:41.393 [opensc-pkcs11] asn1.c:1754:asn1_decode: Looking for 'maxLength', tag 0x2, OPTIONAL
P:28206; T:0x140027481172032 12:45:41.393 [opensc-pkcs11] asn1.c:1775:asn1_decode: 'maxLength' not present
P:28206; T:0x140027481172032 12:45:41.393 [opensc-pkcs11] asn1.c:1754:asn1_decode: Looking for 'pinReference', tag 0x80000000, OPTIONAL
P:28206; T:0x140027481172032 12:45:41.393 [opensc-pkcs11] asn1.c:1500:asn1_decode_entry:     decoding 'pinReference', raw data:02
P:28206; T:0x140027481172032 12:45:41.393 [opensc-pkcs11] asn1.c:1529:asn1_decode_entry:     decoding 'pinReference' returned 2
P:28206; T:0x140027481172032 12:45:41.393 [opensc-pkcs11] asn1.c:1754:asn1_decode: Looking for 'padChar', tag 0x4, OPTIONAL
P:28206; T:0x140027481172032 12:45:41.393 [opensc-pkcs11] asn1.c:1500:asn1_decode_entry:     decoding 'padChar', raw data:00
P:28206; T:0x140027481172032 12:45:41.393 [opensc-pkcs11] asn1.c:1754:asn1_decode: Looking for 'lastPinChange', tag 0x18, OPTIONAL
P:28206; T:0x140027481172032 12:45:41.393 [opensc-pkcs11] asn1.c:1500:asn1_decode_entry:     decoding 'lastPinChange', raw data:32303231313031383139303430365A
P:28206; T:0x140027481172032 12:45:41.393 [opensc-pkcs11] asn1.c:1754:asn1_decode: Looking for 'path', tag 0x20000010, OPTIONAL
P:28206; T:0x140027481172032 12:45:41.393 [opensc-pkcs11] asn1.c:1500:asn1_decode_entry:     decoding 'path', raw data:04023F00
P:28206; T:0x140027481172032 12:45:41.393 [opensc-pkcs11] asn1.c:1730:asn1_decode:      called, left=4, depth 5
P:28206; T:0x140027481172032 12:45:41.393 [opensc-pkcs11] asn1.c:1754:asn1_decode: Looking for 'path', tag 0x4, OPTIONAL
P:28206; T:0x140027481172032 12:45:41.393 [opensc-pkcs11] asn1.c:1500:asn1_decode_entry:      decoding 'path', raw data:3F00
P:28206; T:0x140027481172032 12:45:41.393 [opensc-pkcs11] asn1.c:1754:asn1_decode: Looking for 'index', tag 0x2, OPTIONAL
P:28206; T:0x140027481172032 12:45:41.393 [opensc-pkcs11] asn1.c:1775:asn1_decode: 'index' not present
P:28206; T:0x140027481172032 12:45:41.393 [opensc-pkcs11] asn1.c:1754:asn1_decode: Looking for 'length', tag 0x80000000, OPTIONAL
P:28206; T:0x140027481172032 12:45:41.393 [opensc-pkcs11] asn1.c:1775:asn1_decode: 'length' not present
P:28206; T:0x140027481172032 12:45:41.393 [opensc-pkcs11] asn1.c:1754:asn1_decode: Looking for 'pathExtended', tag 0xa0000001, OPTIONAL
P:28206; T:0x140027481172032 12:45:41.393 [opensc-pkcs11] asn1.c:1775:asn1_decode: 'pathExtended' not present
P:28206; T:0x140027481172032 12:45:41.393 [opensc-pkcs11] asn1.c:1811:asn1_decode: returning with: 0 (Success)
P:28206; T:0x140027481172032 12:45:41.393 [opensc-pkcs11] asn1.c:1811:asn1_decode: returning with: 0 (Success)
P:28206; T:0x140027481172032 12:45:41.393 [opensc-pkcs11] asn1.c:1811:asn1_decode: returning with: 0 (Success)
P:28206; T:0x140027481172032 12:45:41.393 [opensc-pkcs11] asn1.c:1811:asn1_decode: returning with: 0 (Success)
P:28206; T:0x140027481172032 12:45:41.393 [opensc-pkcs11] asn1.c:1810:asn1_decode: returning with: 0 (Success)
P:28206; T:0x140027481172032 12:45:41.393 [opensc-pkcs11] asn1.c:1811:asn1_decode: returning with: 0 (Success)
P:28206; T:0x140027481172032 12:45:41.393 [opensc-pkcs11] pkcs15-pin.c:149:sc_pkcs15_decode_aodf_entry: AuthType: PIN
P:28206; T:0x140027481172032 12:45:41.393 [opensc-pkcs11] pkcs15-pin.c:185:sc_pkcs15_decode_aodf_entry: decoded PIN(ref:2,path:3f00)
P:28206; T:0x140027481172032 12:45:41.393 [opensc-pkcs11] pkcs15-pin.c:207:sc_pkcs15_decode_aodf_entry: returning with: 0 (Success)
P:28206; T:0x140027481172032 12:45:41.393 [opensc-pkcs11] pkcs15-pin.c:101:sc_pkcs15_decode_aodf_entry: called
P:28206; T:0x140027481172032 12:45:41.393 [opensc-pkcs11] asn1.c:1730:asn1_decode: called, left=182, depth 0
P:28206; T:0x140027481172032 12:45:41.393 [opensc-pkcs11] asn1.c:1754:asn1_decode: Looking for 'authType', tag 0x0
P:28206; T:0x140027481172032 12:45:41.393 [opensc-pkcs11] asn1.c:1730:asn1_decode:  called, left=182, depth 1, choice
P:28206; T:0x140027481172032 12:45:41.393 [opensc-pkcs11] asn1.c:1754:asn1_decode: Looking for 'pin', tag 0x20000010, CHOICE, OPTIONAL
P:28206; T:0x140027481172032 12:45:41.393 [opensc-pkcs11] asn1.c:1500:asn1_decode_entry:  decoding 'pin', raw data:300C0C06534F2050696E030206C03003...
P:28206; T:0x140027481172032 12:45:41.393 [opensc-pkcs11] asn1.c:1730:asn1_decode:   called, left=66, depth 2
P:28206; T:0x140027481172032 12:45:41.393 [opensc-pkcs11] asn1.c:1754:asn1_decode: Looking for 'commonObjectAttributes', tag 0x20000010
P:28206; T:0x140027481172032 12:45:41.393 [opensc-pkcs11] asn1.c:1500:asn1_decode_entry:   decoding 'commonObjectAttributes', raw data:0C06534F2050696E030206C0
P:28206; T:0x140027481172032 12:45:41.393 [opensc-pkcs11] asn1.c:1730:asn1_decode:    called, left=12, depth 3
P:28206; T:0x140027481172032 12:45:41.393 [opensc-pkcs11] asn1.c:1754:asn1_decode: Looking for 'label', tag 0xc, OPTIONAL
P:28206; T:0x140027481172032 12:45:41.393 [opensc-pkcs11] asn1.c:1500:asn1_decode_entry:    decoding 'label', raw data:534F2050696E
P:28206; T:0x140027481172032 12:45:41.393 [opensc-pkcs11] asn1.c:1754:asn1_decode: Looking for 'flags', tag 0x3, OPTIONAL
P:28206; T:0x140027481172032 12:45:41.393 [opensc-pkcs11] asn1.c:1500:asn1_decode_entry:    decoding 'flags', raw data:06C0
P:28206; T:0x140027481172032 12:45:41.393 [opensc-pkcs11] asn1.c:1754:asn1_decode: Looking for 'authId', tag 0x4, OPTIONAL
P:28206; T:0x140027481172032 12:45:41.393 [opensc-pkcs11] asn1.c:1775:asn1_decode: 'authId' not present
P:28206; T:0x140027481172032 12:45:41.393 [opensc-pkcs11] asn1.c:1754:asn1_decode: Looking for 'userConsent', tag 0x2, OPTIONAL
P:28206; T:0x140027481172032 12:45:41.393 [opensc-pkcs11] asn1.c:1775:asn1_decode: 'userConsent' not present
P:28206; T:0x140027481172032 12:45:41.393 [opensc-pkcs11] asn1.c:1754:asn1_decode: Looking for 'accessControlRules', tag 0x20000010, OPTIONAL
P:28206; T:0x140027481172032 12:45:41.393 [opensc-pkcs11] asn1.c:1775:asn1_decode: 'accessControlRules' not present
P:28206; T:0x140027481172032 12:45:41.394 [opensc-pkcs11] asn1.c:1811:asn1_decode: returning with: 0 (Success)
P:28206; T:0x140027481172032 12:45:41.394 [opensc-pkcs11] asn1.c:1754:asn1_decode: Looking for 'classAttributes', tag 0x20000010
P:28206; T:0x140027481172032 12:45:41.394 [opensc-pkcs11] asn1.c:1500:asn1_decode_entry:   decoding 'classAttributes', raw data:040101
P:28206; T:0x140027481172032 12:45:41.394 [opensc-pkcs11] asn1.c:1730:asn1_decode:    called, left=3, depth 3
P:28206; T:0x140027481172032 12:45:41.394 [opensc-pkcs11] asn1.c:1754:asn1_decode: Looking for 'authId', tag 0x4
P:28206; T:0x140027481172032 12:45:41.394 [opensc-pkcs11] asn1.c:1500:asn1_decode_entry:    decoding 'authId', raw data:01
P:28206; T:0x140027481172032 12:45:41.394 [opensc-pkcs11] asn1.c:1811:asn1_decode: returning with: 0 (Success)
P:28206; T:0x140027481172032 12:45:41.394 [opensc-pkcs11] asn1.c:1754:asn1_decode: Looking for 'subClassAttributes', tag 0xa0000000, OPTIONAL
P:28206; T:0x140027481172032 12:45:41.394 [opensc-pkcs11] asn1.c:1775:asn1_decode: 'subClassAttributes' not present
P:28206; T:0x140027481172032 12:45:41.394 [opensc-pkcs11] asn1.c:1754:asn1_decode: Looking for 'typeAttributes', tag 0xa0000001
P:28206; T:0x140027481172032 12:45:41.394 [opensc-pkcs11] asn1.c:1500:asn1_decode_entry:   decoding 'typeAttributes', raw data:302B030304CD900A010102010402010F...
P:28206; T:0x140027481172032 12:45:41.394 [opensc-pkcs11] asn1.c:1730:asn1_decode:    called, left=45, depth 3
P:28206; T:0x140027481172032 12:45:41.394 [opensc-pkcs11] asn1.c:1754:asn1_decode: Looking for 'pinAttributes', tag 0x20000010
P:28206; T:0x140027481172032 12:45:41.394 [opensc-pkcs11] asn1.c:1500:asn1_decode_entry:    decoding 'pinAttributes', raw data:030304CD900A010102010402010F8001...
P:28206; T:0x140027481172032 12:45:41.394 [opensc-pkcs11] asn1.c:1730:asn1_decode:     called, left=43, depth 4
P:28206; T:0x140027481172032 12:45:41.394 [opensc-pkcs11] asn1.c:1754:asn1_decode: Looking for 'pinFlags', tag 0x3
P:28206; T:0x140027481172032 12:45:41.394 [opensc-pkcs11] asn1.c:1500:asn1_decode_entry:     decoding 'pinFlags', raw data:04CD90
P:28206; T:0x140027481172032 12:45:41.394 [opensc-pkcs11] asn1.c:1754:asn1_decode: Looking for 'pinType', tag 0xa
P:28206; T:0x140027481172032 12:45:41.394 [opensc-pkcs11] asn1.c:1500:asn1_decode_entry:     decoding 'pinType', raw data:01
P:28206; T:0x140027481172032 12:45:41.394 [opensc-pkcs11] asn1.c:1529:asn1_decode_entry:     decoding 'pinType' returned 1
P:28206; T:0x140027481172032 12:45:41.394 [opensc-pkcs11] asn1.c:1754:asn1_decode: Looking for 'minLength', tag 0x2
P:28206; T:0x140027481172032 12:45:41.394 [opensc-pkcs11] asn1.c:1500:asn1_decode_entry:     decoding 'minLength', raw data:04
P:28206; T:0x140027481172032 12:45:41.394 [opensc-pkcs11] asn1.c:1529:asn1_decode_entry:     decoding 'minLength' returned 4
P:28206; T:0x140027481172032 12:45:41.394 [opensc-pkcs11] asn1.c:1754:asn1_decode: Looking for 'storedLength', tag 0x2
P:28206; T:0x140027481172032 12:45:41.394 [opensc-pkcs11] asn1.c:1500:asn1_decode_entry:     decoding 'storedLength', raw data:0F
P:28206; T:0x140027481172032 12:45:41.394 [opensc-pkcs11] asn1.c:1529:asn1_decode_entry:     decoding 'storedLength' returned 15
P:28206; T:0x140027481172032 12:45:41.394 [opensc-pkcs11] asn1.c:1754:asn1_decode: Looking for 'maxLength', tag 0x2, OPTIONAL
P:28206; T:0x140027481172032 12:45:41.394 [opensc-pkcs11] asn1.c:1775:asn1_decode: 'maxLength' not present
P:28206; T:0x140027481172032 12:45:41.394 [opensc-pkcs11] asn1.c:1754:asn1_decode: Looking for 'pinReference', tag 0x80000000, OPTIONAL
P:28206; T:0x140027481172032 12:45:41.394 [opensc-pkcs11] asn1.c:1500:asn1_decode_entry:     decoding 'pinReference', raw data:01
P:28206; T:0x140027481172032 12:45:41.394 [opensc-pkcs11] asn1.c:1529:asn1_decode_entry:     decoding 'pinReference' returned 1
P:28206; T:0x140027481172032 12:45:41.394 [opensc-pkcs11] asn1.c:1754:asn1_decode: Looking for 'padChar', tag 0x4, OPTIONAL
P:28206; T:0x140027481172032 12:45:41.394 [opensc-pkcs11] asn1.c:1500:asn1_decode_entry:     decoding 'padChar', raw data:00
P:28206; T:0x140027481172032 12:45:41.394 [opensc-pkcs11] asn1.c:1754:asn1_decode: Looking for 'lastPinChange', tag 0x18, OPTIONAL
P:28206; T:0x140027481172032 12:45:41.394 [opensc-pkcs11] asn1.c:1500:asn1_decode_entry:     decoding 'lastPinChange', raw data:32303236303733313134313932335A
P:28206; T:0x140027481172032 12:45:41.394 [opensc-pkcs11] asn1.c:1754:asn1_decode: Looking for 'path', tag 0x20000010, OPTIONAL
P:28206; T:0x140027481172032 12:45:41.394 [opensc-pkcs11] asn1.c:1500:asn1_decode_entry:     decoding 'path', raw data:04023F00
P:28206; T:0x140027481172032 12:45:41.394 [opensc-pkcs11] asn1.c:1730:asn1_decode:      called, left=4, depth 5
P:28206; T:0x140027481172032 12:45:41.394 [opensc-pkcs11] asn1.c:1754:asn1_decode: Looking for 'path', tag 0x4, OPTIONAL
P:28206; T:0x140027481172032 12:45:41.394 [opensc-pkcs11] asn1.c:1500:asn1_decode_entry:      decoding 'path', raw data:3F00
P:28206; T:0x140027481172032 12:45:41.394 [opensc-pkcs11] asn1.c:1754:asn1_decode: Looking for 'index', tag 0x2, OPTIONAL
P:28206; T:0x140027481172032 12:45:41.394 [opensc-pkcs11] asn1.c:1775:asn1_decode: 'index' not present
P:28206; T:0x140027481172032 12:45:41.394 [opensc-pkcs11] asn1.c:1754:asn1_decode: Looking for 'length', tag 0x80000000, OPTIONAL
P:28206; T:0x140027481172032 12:45:41.394 [opensc-pkcs11] asn1.c:1775:asn1_decode: 'length' not present
P:28206; T:0x140027481172032 12:45:41.394 [opensc-pkcs11] asn1.c:1754:asn1_decode: Looking for 'pathExtended', tag 0xa0000001, OPTIONAL
P:28206; T:0x140027481172032 12:45:41.394 [opensc-pkcs11] asn1.c:1775:asn1_decode: 'pathExtended' not present
P:28206; T:0x140027481172032 12:45:41.394 [opensc-pkcs11] asn1.c:1811:asn1_decode: returning with: 0 (Success)
P:28206; T:0x140027481172032 12:45:41.394 [opensc-pkcs11] asn1.c:1811:asn1_decode: returning with: 0 (Success)
P:28206; T:0x140027481172032 12:45:41.394 [opensc-pkcs11] asn1.c:1811:asn1_decode: returning with: 0 (Success)
P:28206; T:0x140027481172032 12:45:41.394 [opensc-pkcs11] asn1.c:1811:asn1_decode: returning with: 0 (Success)
P:28206; T:0x140027481172032 12:45:41.394 [opensc-pkcs11] asn1.c:1810:asn1_decode: returning with: 0 (Success)
P:28206; T:0x140027481172032 12:45:41.394 [opensc-pkcs11] asn1.c:1811:asn1_decode: returning with: 0 (Success)
P:28206; T:0x140027481172032 12:45:41.394 [opensc-pkcs11] pkcs15-pin.c:149:sc_pkcs15_decode_aodf_entry: AuthType: PIN
P:28206; T:0x140027481172032 12:45:41.394 [opensc-pkcs11] pkcs15-pin.c:185:sc_pkcs15_decode_aodf_entry: decoded PIN(ref:1,path:3f00)
P:28206; T:0x140027481172032 12:45:41.394 [opensc-pkcs11] pkcs15-pin.c:207:sc_pkcs15_decode_aodf_entry: returning with: 0 (Success)
P:28206; T:0x140027481172032 12:45:41.394 [opensc-pkcs11] pkcs15.c:2220:sc_pkcs15_parse_df: returning with: 0 (Success)
P:28206; T:0x140027481172032 12:45:41.394 [opensc-pkcs11] pkcs15.c:1844:sc_pkcs15_find_pin_by_flags: returning with: -1407 (Requested object not found)
P:28206; T:0x140027481172032 12:45:41.394 [opensc-pkcs11] pkcs15.c:1817:sc_pkcs15_find_pin_by_flags: called
P:28206; T:0x140027481172032 12:45:41.394 [opensc-pkcs11] pkcs15.c:1818:sc_pkcs15_find_pin_by_flags: Find PIN flags:0x12, mask:0xD2, index:-1
P:28206; T:0x140027481172032 12:45:41.394 [opensc-pkcs11] pkcs15.c:1841:sc_pkcs15_find_pin_by_flags: returning with: 0 (Success)
P:28206; T:0x140027481172032 12:45:41.394 [opensc-pkcs11] framework-pkcs15.c:1688:pkcs15_create_tokens: Flags:0x8; Auth User/Sign PINs 0x55cd05b4fde0/(nil)
P:28206; T:0x140027481172032 12:45:41.394 [opensc-pkcs11] pkcs15.c:2147:sc_pkcs15_parse_df: called; path=3f0050154400, type=0, enum=0
P:28206; T:0x140027481172032 12:45:41.394 [opensc-pkcs11] pkcs15.c:2485:sc_pkcs15_read_file: called
P:28206; T:0x140027481172032 12:45:41.394 [opensc-pkcs11] pkcs15.c:2486:sc_pkcs15_read_file: path=3f0050154400, index=0, count=-1
P:28206; T:0x140027481172032 12:45:41.394 [opensc-pkcs11] card.c:466:sc_lock: called
P:28206; T:0x140027481172032 12:45:41.394 [opensc-pkcs11] reader-pcsc.c:728:pcsc_lock: called
P:28206; T:0x140027481172032 12:45:41.394 [opensc-pkcs11] card.c:505:sc_lock: returning with: 0 (Success)
P:28206; T:0x140027481172032 12:45:41.394 [opensc-pkcs11] card.c:836:sc_select_file: called; type=2, path=3f0050154400
P:28206; T:0x140027481172032 12:45:41.395 [opensc-pkcs11] card-starsign.c:135:starsign_select_file: STARSIGN SELECT FILE EXECUTING type=2 len=6
P:28206; T:0x140027481172032 12:45:41.395 [opensc-pkcs11] card-starsign.c:142:starsign_select_file: STARSIGN SELECT FILE: Attempting full path selection from MF
P:28206; T:0x140027481172032 12:45:41.395 [opensc-pkcs11] apdu.c:550:sc_transmit_apdu: called
P:28206; T:0x140027481172032 12:45:41.395 [opensc-pkcs11] card.c:466:sc_lock: called
P:28206; T:0x140027481172032 12:45:41.395 [opensc-pkcs11] card.c:505:sc_lock: returning with: 0 (Success)
P:28206; T:0x140027481172032 12:45:41.395 [opensc-pkcs11] apdu.c:515:sc_transmit: called
P:28206; T:0x140027481172032 12:45:41.395 [opensc-pkcs11] apdu.c:363:sc_single_transmit: called
P:28206; T:0x140027481172032 12:45:41.395 [opensc-pkcs11] apdu.c:367:sc_single_transmit: CLA:1, INS:A4, P1:8, P2:C, data(6) 0x55cd05b1ea20
P:28206; T:0x140027481172032 12:45:41.395 [opensc-pkcs11] reader-pcsc.c:347:pcsc_transmit: reader 'Giesecke & Devrient GmbH StarSign CUT S [.] (03201229036013) 00 00'
P:28206; T:0x140027481172032 12:45:41.395 [opensc-pkcs11] reader-pcsc.c:348:pcsc_transmit: 
Outgoing APDU (11 bytes):
01 A4 08 0C 06 3F 00 50 15 44 00 .....?.P.D.

P:28206; T:0x140027481172032 12:45:41.395 [opensc-pkcs11] reader-pcsc.c:260:pcsc_internal_transmit: called
P:28206; T:0x140027481172032 12:45:41.398 [opensc-pkcs11] reader-pcsc.c:357:pcsc_transmit: 
Incoming APDU (2 bytes):
6A 81 j.

P:28206; T:0x140027481172032 12:45:41.398 [opensc-pkcs11] apdu.c:382:sc_single_transmit: returning with: 0 (Success)
P:28206; T:0x140027481172032 12:45:41.398 [opensc-pkcs11] apdu.c:539:sc_transmit: returning with: 0 (Success)
P:28206; T:0x140027481172032 12:45:41.398 [opensc-pkcs11] card.c:515:sc_unlock: called
P:28206; T:0x140027481172032 12:45:41.398 [opensc-pkcs11] iso7816.c:128:iso7816_check_sw: Function not supported
P:28206; T:0x140027481172032 12:45:41.398 [opensc-pkcs11] card-starsign.c:153:starsign_select_file: STARSIGN SELECT FILE: Full path selection failed (-1208), falling back to component-by-component
P:28206; T:0x140027481172032 12:45:41.398 [opensc-pkcs11] apdu.c:550:sc_transmit_apdu: called
P:28206; T:0x140027481172032 12:45:41.398 [opensc-pkcs11] card.c:466:sc_lock: called
P:28206; T:0x140027481172032 12:45:41.398 [opensc-pkcs11] card.c:505:sc_lock: returning with: 0 (Success)
P:28206; T:0x140027481172032 12:45:41.399 [opensc-pkcs11] apdu.c:515:sc_transmit: called
P:28206; T:0x140027481172032 12:45:41.399 [opensc-pkcs11] apdu.c:363:sc_single_transmit: called
P:28206; T:0x140027481172032 12:45:41.399 [opensc-pkcs11] apdu.c:367:sc_single_transmit: CLA:1, INS:A4, P1:0, P2:C, data(2) 0x55cd05b1ea24
P:28206; T:0x140027481172032 12:45:41.399 [opensc-pkcs11] reader-pcsc.c:347:pcsc_transmit: reader 'Giesecke & Devrient GmbH StarSign CUT S [.] (03201229036013) 00 00'
P:28206; T:0x140027481172032 12:45:41.399 [opensc-pkcs11] reader-pcsc.c:348:pcsc_transmit: 
Outgoing APDU (7 bytes):
01 A4 00 0C 02 44 00 .....D.

P:28206; T:0x140027481172032 12:45:41.399 [opensc-pkcs11] reader-pcsc.c:260:pcsc_internal_transmit: called
P:28206; T:0x140027481172032 12:45:41.404 [opensc-pkcs11] reader-pcsc.c:357:pcsc_transmit: 
Incoming APDU (2 bytes):
90 00 ..

P:28206; T:0x140027481172032 12:45:41.404 [opensc-pkcs11] apdu.c:382:sc_single_transmit: returning with: 0 (Success)
P:28206; T:0x140027481172032 12:45:41.404 [opensc-pkcs11] apdu.c:539:sc_transmit: returning with: 0 (Success)
P:28206; T:0x140027481172032 12:45:41.404 [opensc-pkcs11] card.c:515:sc_unlock: called
P:28206; T:0x140027481172032 12:45:41.404 [opensc-pkcs11] card.c:871:sc_select_file: returning with: 0 (Success)
P:28206; T:0x140027481172032 12:45:41.404 [opensc-pkcs11] card.c:615:sc_read_binary: called; 32768 bytes at index 0
P:28206; T:0x140027481172032 12:45:41.404 [opensc-pkcs11] card.c:466:sc_lock: called
P:28206; T:0x140027481172032 12:45:41.404 [opensc-pkcs11] card.c:505:sc_lock: returning with: 0 (Success)
P:28206; T:0x140027481172032 12:45:41.404 [opensc-pkcs11] apdu.c:550:sc_transmit_apdu: called
P:28206; T:0x140027481172032 12:45:41.404 [opensc-pkcs11] card.c:466:sc_lock: called
P:28206; T:0x140027481172032 12:45:41.404 [opensc-pkcs11] card.c:505:sc_lock: returning with: 0 (Success)
P:28206; T:0x140027481172032 12:45:41.404 [opensc-pkcs11] apdu.c:515:sc_transmit: called
P:28206; T:0x140027481172032 12:45:41.404 [opensc-pkcs11] apdu.c:363:sc_single_transmit: called
P:28206; T:0x140027481172032 12:45:41.404 [opensc-pkcs11] apdu.c:367:sc_single_transmit: CLA:1, INS:B0, P1:0, P2:0, data(0) (nil)
P:28206; T:0x140027481172032 12:45:41.404 [opensc-pkcs11] reader-pcsc.c:347:pcsc_transmit: reader 'Giesecke & Devrient GmbH StarSign CUT S [.] (03201229036013) 00 00'
P:28206; T:0x140027481172032 12:45:41.404 [opensc-pkcs11] reader-pcsc.c:348:pcsc_transmit: 
Outgoing APDU (5 bytes):
01 B0 00 00 00 .....

P:28206; T:0x140027481172032 12:45:41.404 [opensc-pkcs11] reader-pcsc.c:260:pcsc_internal_transmit: called
P:28206; T:0x140027481172032 12:45:41.409 [opensc-pkcs11] reader-pcsc.c:357:pcsc_transmit: 
Incoming APDU (258 bytes):
30 63 30 39 0C 30 44 49 45 47 4F 20 52 49 42 45 0c09.0DIEGO RIBE
49 52 4F 20 44 45 20 53 4F 55 5A 41 20 28 31 38 IRO DE SOUZA (18
2F 31 30 2F 32 30 32 31 20 7E 20 31 37 2F 31 30 /10/2021 ~ 17/10
2F 32 30 32 34 29 03 02 06 C0 04 01 02 30 16 04 /2024).......0..
08 2C DA 57 70 BA 19 03 3F 03 03 06 74 00 03 02 .,.Wp...?...t...
03 E8 02 01 00 A0 02 30 00 A1 0A 30 08 30 02 04 .......0...0.0..
00 02 02 08 00 30 55 30 09 0C 00 03 02 06 C0 04 .....0U0........
01 02 30 38 04 2A 44 49 45 47 4F 20 52 49 42 45 ..08.*DIEGO RIBE
49 52 4F 20 44 45 20 53 4F 55 5A 41 20 32 30 32 IRO DE SOUZA 202
34 2D 31 30 2D 30 39 20 32 30 3A 32 32 3A 32 35 4-10-09 20:22:25
03 03 06 74 00 03 02 03 C0 02 01 01 A0 02 30 00 ...t..........0.
A1 0A 30 08 30 02 04 00 02 02 08 00 00 00 00 00 ..0.0...........
00 00 00 00 00 00 00 00 00 00 00 00 00 00 00 00 ................
00 00 00 00 00 00 00 00 00 00 00 00 00 00 00 00 ................
00 00 00 00 00 00 00 00 00 00 00 00 00 00 00 00 ................
00 00 00 00 00 00 00 00 00 00 00 00 00 00 00 00 ................
90 00                                           ..

P:28206; T:0x140027481172032 12:45:41.409 [opensc-pkcs11] apdu.c:382:sc_single_transmit: returning with: 0 (Success)
P:28206; T:0x140027481172032 12:45:41.409 [opensc-pkcs11] apdu.c:539:sc_transmit: returning with: 0 (Success)
P:28206; T:0x140027481172032 12:45:41.409 [opensc-pkcs11] card.c:515:sc_unlock: called
P:28206; T:0x140027481172032 12:45:41.409 [opensc-pkcs11] iso7816.c:164:iso7816_read_binary: returning with: 256
P:28206; T:0x140027481172032 12:45:41.409 [opensc-pkcs11] apdu.c:550:sc_transmit_apdu: called
P:28206; T:0x140027481172032 12:45:41.409 [opensc-pkcs11] card.c:466:sc_lock: called
P:28206; T:0x140027481172032 12:45:41.409 [opensc-pkcs11] card.c:505:sc_lock: returning with: 0 (Success)
P:28206; T:0x140027481172032 12:45:41.409 [opensc-pkcs11] apdu.c:515:sc_transmit: called
P:28206; T:0x140027481172032 12:45:41.409 [opensc-pkcs11] apdu.c:363:sc_single_transmit: called
P:28206; T:0x140027481172032 12:45:41.409 [opensc-pkcs11] apdu.c:367:sc_single_transmit: CLA:1, INS:B0, P1:1, P2:0, data(0) (nil)
P:28206; T:0x140027481172032 12:45:41.409 [opensc-pkcs11] reader-pcsc.c:347:pcsc_transmit: reader 'Giesecke & Devrient GmbH StarSign CUT S [.] (03201229036013) 00 00'
P:28206; T:0x140027481172032 12:45:41.409 [opensc-pkcs11] reader-pcsc.c:348:pcsc_transmit: 
Outgoing APDU (5 bytes):
01 B0 01 00 00 .....

P:28206; T:0x140027481172032 12:45:41.409 [opensc-pkcs11] reader-pcsc.c:260:pcsc_internal_transmit: called
P:28206; T:0x140027481172032 12:45:41.414 [opensc-pkcs11] reader-pcsc.c:357:pcsc_transmit: 
Incoming APDU (2 bytes):
6A 86 j.

P:28206; T:0x140027481172032 12:45:41.414 [opensc-pkcs11] apdu.c:382:sc_single_transmit: returning with: 0 (Success)
P:28206; T:0x140027481172032 12:45:41.414 [opensc-pkcs11] apdu.c:539:sc_transmit: returning with: 0 (Success)
P:28206; T:0x140027481172032 12:45:41.414 [opensc-pkcs11] card.c:515:sc_unlock: called
P:28206; T:0x140027481172032 12:45:41.414 [opensc-pkcs11] iso7816.c:128:iso7816_check_sw: Incorrect parameters P1-P2
P:28206; T:0x140027481172032 12:45:41.414 [opensc-pkcs11] iso7816.c:161:iso7816_read_binary: returning with: 0 (Success)
P:28206; T:0x140027481172032 12:45:41.414 [opensc-pkcs11] card.c:515:sc_unlock: called
P:28206; T:0x140027481172032 12:45:41.414 [opensc-pkcs11] card.c:664:sc_read_binary: returning with: 256
P:28206; T:0x140027481172032 12:45:41.414 [opensc-pkcs11] card.c:515:sc_unlock: called
P:28206; T:0x140027481172032 12:45:41.414 [opensc-pkcs11] reader-pcsc.c:770:pcsc_unlock: called
P:28206; T:0x140027481172032 12:45:41.414 [opensc-pkcs11] pkcs15.c:2639:sc_pkcs15_read_file: returning with: 0 (Success)
P:28206; T:0x140027481172032 12:45:41.414 [opensc-pkcs11] asn1.c:1730:asn1_decode: called, left=256, depth 0, choice
P:28206; T:0x140027481172032 12:45:41.414 [opensc-pkcs11] asn1.c:1754:asn1_decode: Looking for 'privateRSAKey', tag 0x20000010, CHOICE, OPTIONAL
P:28206; T:0x140027481172032 12:45:41.414 [opensc-pkcs11] asn1.c:1500:asn1_decode_entry: decoding 'privateRSAKey', raw data:30390C30444945474F20524942454952...
P:28206; T:0x140027481172032 12:45:41.414 [opensc-pkcs11] asn1.c:1730:asn1_decode:  called, left=99, depth 1
P:28206; T:0x140027481172032 12:45:41.414 [opensc-pkcs11] asn1.c:1754:asn1_decode: Looking for 'commonObjectAttributes', tag 0x20000010
P:28206; T:0x140027481172032 12:45:41.414 [opensc-pkcs11] asn1.c:1500:asn1_decode_entry:  decoding 'commonObjectAttributes', raw data:0C30444945474F205249424549524F20...
P:28206; T:0x140027481172032 12:45:41.414 [opensc-pkcs11] asn1.c:1730:asn1_decode:   called, left=57, depth 2
P:28206; T:0x140027481172032 12:45:41.414 [opensc-pkcs11] asn1.c:1754:asn1_decode: Looking for 'label', tag 0xc, OPTIONAL
P:28206; T:0x140027481172032 12:45:41.414 [opensc-pkcs11] asn1.c:1500:asn1_decode_entry:   decoding 'label', raw data:444945474F205249424549524F204445...
P:28206; T:0x140027481172032 12:45:41.414 [opensc-pkcs11] asn1.c:1754:asn1_decode: Looking for 'flags', tag 0x3, OPTIONAL
P:28206; T:0x140027481172032 12:45:41.414 [opensc-pkcs11] asn1.c:1500:asn1_decode_entry:   decoding 'flags', raw data:06C0
P:28206; T:0x140027481172032 12:45:41.414 [opensc-pkcs11] asn1.c:1754:asn1_decode: Looking for 'authId', tag 0x4, OPTIONAL
P:28206; T:0x140027481172032 12:45:41.414 [opensc-pkcs11] asn1.c:1500:asn1_decode_entry:   decoding 'authId', raw data:02
P:28206; T:0x140027481172032 12:45:41.414 [opensc-pkcs11] asn1.c:1754:asn1_decode: Looking for 'userConsent', tag 0x2, OPTIONAL
P:28206; T:0x140027481172032 12:45:41.414 [opensc-pkcs11] asn1.c:1775:asn1_decode: 'userConsent' not present
P:28206; T:0x140027481172032 12:45:41.414 [opensc-pkcs11] asn1.c:1754:asn1_decode: Looking for 'accessControlRules', tag 0x20000010, OPTIONAL
P:28206; T:0x140027481172032 12:45:41.414 [opensc-pkcs11] asn1.c:1775:asn1_decode: 'accessControlRules' not present
P:28206; T:0x140027481172032 12:45:41.414 [opensc-pkcs11] asn1.c:1811:asn1_decode: returning with: 0 (Success)
P:28206; T:0x140027481172032 12:45:41.414 [opensc-pkcs11] asn1.c:1754:asn1_decode: Looking for 'classAttributes', tag 0x20000010
P:28206; T:0x140027481172032 12:45:41.414 [opensc-pkcs11] asn1.c:1500:asn1_decode_entry:  decoding 'classAttributes', raw data:04082CDA5770BA19033F030306740003...
P:28206; T:0x140027481172032 12:45:41.414 [opensc-pkcs11] asn1.c:1730:asn1_decode:   called, left=22, depth 2
P:28206; T:0x140027481172032 12:45:41.414 [opensc-pkcs11] asn1.c:1754:asn1_decode: Looking for 'iD', tag 0x4
P:28206; T:0x140027481172032 12:45:41.414 [opensc-pkcs11] asn1.c:1500:asn1_decode_entry:   decoding 'iD', raw data:2CDA5770BA19033F
P:28206; T:0x140027481172032 12:45:41.414 [opensc-pkcs11] asn1.c:1754:asn1_decode: Looking for 'usage', tag 0x3
P:28206; T:0x140027481172032 12:45:41.414 [opensc-pkcs11] asn1.c:1500:asn1_decode_entry:   decoding 'usage', raw data:067400
P:28206; T:0x140027481172032 12:45:41.414 [opensc-pkcs11] asn1.c:1754:asn1_decode: Looking for 'native', tag 0x1, OPTIONAL
P:28206; T:0x140027481172032 12:45:41.414 [opensc-pkcs11] asn1.c:1775:asn1_decode: 'native' not present
P:28206; T:0x140027481172032 12:45:41.414 [opensc-pkcs11] asn1.c:1754:asn1_decode: Looking for 'accessFlags', tag 0x3, OPTIONAL
P:28206; T:0x140027481172032 12:45:41.414 [opensc-pkcs11] asn1.c:1500:asn1_decode_entry:   decoding 'accessFlags', raw data:03E8
P:28206; T:0x140027481172032 12:45:41.414 [opensc-pkcs11] asn1.c:1754:asn1_decode: Looking for 'keyReference', tag 0x2, OPTIONAL
P:28206; T:0x140027481172032 12:45:41.414 [opensc-pkcs11] asn1.c:1500:asn1_decode_entry:   decoding 'keyReference', raw data:00
P:28206; T:0x140027481172032 12:45:41.414 [opensc-pkcs11] asn1.c:1529:asn1_decode_entry:   decoding 'keyReference' returned 0
P:28206; T:0x140027481172032 12:45:41.414 [opensc-pkcs11] asn1.c:1754:asn1_decode: Looking for 'algReference', tag 0xa0000001, OPTIONAL
P:28206; T:0x140027481172032 12:45:41.414 [opensc-pkcs11] asn1.c:1775:asn1_decode: 'algReference' not present
P:28206; T:0x140027481172032 12:45:41.414 [opensc-pkcs11] asn1.c:1811:asn1_decode: returning with: 0 (Success)
P:28206; T:0x140027481172032 12:45:41.414 [opensc-pkcs11] asn1.c:1754:asn1_decode: Looking for 'subClassAttributes', tag 0xa0000000, OPTIONAL
P:28206; T:0x140027481172032 12:45:41.414 [opensc-pkcs11] asn1.c:1500:asn1_decode_entry:  decoding 'subClassAttributes', raw data:3000
P:28206; T:0x140027481172032 12:45:41.414 [opensc-pkcs11] asn1.c:1730:asn1_decode:   called, left=2, depth 2
P:28206; T:0x140027481172032 12:45:41.415 [opensc-pkcs11] asn1.c:1754:asn1_decode: Looking for 'subjectName', tag 0x20000010, OPTIONAL
P:28206; T:0x140027481172032 12:45:41.415 [opensc-pkcs11] asn1.c:1500:asn1_decode_entry:   decoding 'subjectName', raw data:
P:28206; T:0x140027481172032 12:45:41.415 [opensc-pkcs11] asn1.c:1811:asn1_decode: returning with: 0 (Success)
P:28206; T:0x140027481172032 12:45:41.415 [opensc-pkcs11] asn1.c:1754:asn1_decode: Looking for 'typeAttributes', tag 0xa0000001
P:28206; T:0x140027481172032 12:45:41.415 [opensc-pkcs11] asn1.c:1500:asn1_decode_entry:  decoding 'typeAttributes', raw data:30083002040002020800
P:28206; T:0x140027481172032 12:45:41.415 [opensc-pkcs11] asn1.c:1730:asn1_decode:   called, left=10, depth 2
P:28206; T:0x140027481172032 12:45:41.415 [opensc-pkcs11] asn1.c:1754:asn1_decode: Looking for 'privateRSAKeyAttributes', tag 0x20000010
P:28206; T:0x140027481172032 12:45:41.415 [opensc-pkcs11] asn1.c:1500:asn1_decode_entry:   decoding 'privateRSAKeyAttributes', raw data:3002040002020800
P:28206; T:0x140027481172032 12:45:41.415 [opensc-pkcs11] asn1.c:1730:asn1_decode:    called, left=8, depth 3
P:28206; T:0x140027481172032 12:45:41.415 [opensc-pkcs11] asn1.c:1754:asn1_decode: Looking for 'value', tag 0x20000010
P:28206; T:0x140027481172032 12:45:41.415 [opensc-pkcs11] asn1.c:1500:asn1_decode_entry:    decoding 'value', raw data:0400
P:28206; T:0x140027481172032 12:45:41.415 [opensc-pkcs11] asn1.c:1730:asn1_decode:     called, left=2, depth 4
P:28206; T:0x140027481172032 12:45:41.415 [opensc-pkcs11] asn1.c:1754:asn1_decode: Looking for 'path', tag 0x4, OPTIONAL
P:28206; T:0x140027481172032 12:45:41.415 [opensc-pkcs11] asn1.c:1500:asn1_decode_entry:     decoding 'path', raw data:
P:28206; T:0x140027481172032 12:45:41.415 [opensc-pkcs11] asn1.c:1754:asn1_decode: Looking for 'index', tag 0x2, OPTIONAL
P:28206; T:0x140027481172032 12:45:41.415 [opensc-pkcs11] asn1.c:1775:asn1_decode: 'index' not present
P:28206; T:0x140027481172032 12:45:41.415 [opensc-pkcs11] asn1.c:1754:asn1_decode: Looking for 'length', tag 0x80000000, OPTIONAL
P:28206; T:0x140027481172032 12:45:41.415 [opensc-pkcs11] asn1.c:1775:asn1_decode: 'length' not present
P:28206; T:0x140027481172032 12:45:41.415 [opensc-pkcs11] asn1.c:1754:asn1_decode: Looking for 'pathExtended', tag 0xa0000001, OPTIONAL
P:28206; T:0x140027481172032 12:45:41.415 [opensc-pkcs11] asn1.c:1775:asn1_decode: 'pathExtended' not present
P:28206; T:0x140027481172032 12:45:41.415 [opensc-pkcs11] asn1.c:1811:asn1_decode: returning with: 0 (Success)
P:28206; T:0x140027481172032 12:45:41.415 [opensc-pkcs11] asn1.c:1754:asn1_decode: Looking for 'modulusLength', tag 0x2
P:28206; T:0x140027481172032 12:45:41.415 [opensc-pkcs11] asn1.c:1500:asn1_decode_entry:    decoding 'modulusLength', raw data:0800
P:28206; T:0x140027481172032 12:45:41.415 [opensc-pkcs11] asn1.c:1529:asn1_decode_entry:    decoding 'modulusLength' returned 2048
P:28206; T:0x140027481172032 12:45:41.415 [opensc-pkcs11] asn1.c:1754:asn1_decode: Looking for 'keyInfo', tag 0x2, OPTIONAL
P:28206; T:0x140027481172032 12:45:41.415 [opensc-pkcs11] asn1.c:1775:asn1_decode: 'keyInfo' not present
P:28206; T:0x140027481172032 12:45:41.415 [opensc-pkcs11] asn1.c:1811:asn1_decode: returning with: 0 (Success)
P:28206; T:0x140027481172032 12:45:41.415 [opensc-pkcs11] asn1.c:1811:asn1_decode: returning with: 0 (Success)
P:28206; T:0x140027481172032 12:45:41.415 [opensc-pkcs11] asn1.c:1811:asn1_decode: returning with: 0 (Success)
P:28206; T:0x140027481172032 12:45:41.415 [opensc-pkcs11] asn1.c:1810:asn1_decode: returning with: 0 (Success)
P:28206; T:0x140027481172032 12:45:41.415 [opensc-pkcs11] pkcs15-prkey.c:312:sc_pkcs15_decode_prkdf_entry: PrivKey path ''
P:28206; T:0x140027481172032 12:45:41.415 [opensc-pkcs11] pkcs15-prkey.c:354:sc_pkcs15_decode_prkdf_entry: Key Subject 
P:28206; T:0x140027481172032 12:45:41.415 [opensc-pkcs11] pkcs15-prkey.c:355:sc_pkcs15_decode_prkdf_entry: Key path 
P:28206; T:0x140027481172032 12:45:41.415 [opensc-pkcs11] asn1.c:1730:asn1_decode: called, left=155, depth 0, choice
P:28206; T:0x140027481172032 12:45:41.415 [opensc-pkcs11] asn1.c:1754:asn1_decode: Looking for 'privateRSAKey', tag 0x20000010, CHOICE, OPTIONAL
P:28206; T:0x140027481172032 12:45:41.415 [opensc-pkcs11] asn1.c:1500:asn1_decode_entry: decoding 'privateRSAKey', raw data:30090C00030206C00401023038042A44...
P:28206; T:0x140027481172032 12:45:41.415 [opensc-pkcs11] asn1.c:1730:asn1_decode:  called, left=85, depth 1
P:28206; T:0x140027481172032 12:45:41.415 [opensc-pkcs11] asn1.c:1754:asn1_decode: Looking for 'commonObjectAttributes', tag 0x20000010
P:28206; T:0x140027481172032 12:45:41.415 [opensc-pkcs11] asn1.c:1500:asn1_decode_entry:  decoding 'commonObjectAttributes', raw data:0C00030206C0040102
P:28206; T:0x140027481172032 12:45:41.415 [opensc-pkcs11] asn1.c:1730:asn1_decode:   called, left=9, depth 2
P:28206; T:0x140027481172032 12:45:41.415 [opensc-pkcs11] asn1.c:1754:asn1_decode: Looking for 'label', tag 0xc, OPTIONAL
P:28206; T:0x140027481172032 12:45:41.415 [opensc-pkcs11] asn1.c:1500:asn1_decode_entry:   decoding 'label', raw data:
P:28206; T:0x140027481172032 12:45:41.415 [opensc-pkcs11] asn1.c:1754:asn1_decode: Looking for 'flags', tag 0x3, OPTIONAL
P:28206; T:0x140027481172032 12:45:41.415 [opensc-pkcs11] asn1.c:1500:asn1_decode_entry:   decoding 'flags', raw data:06C0
P:28206; T:0x140027481172032 12:45:41.415 [opensc-pkcs11] asn1.c:1754:asn1_decode: Looking for 'authId', tag 0x4, OPTIONAL
P:28206; T:0x140027481172032 12:45:41.415 [opensc-pkcs11] asn1.c:1500:asn1_decode_entry:   decoding 'authId', raw data:02
P:28206; T:0x140027481172032 12:45:41.415 [opensc-pkcs11] asn1.c:1754:asn1_decode: Looking for 'userConsent', tag 0x2, OPTIONAL
P:28206; T:0x140027481172032 12:45:41.415 [opensc-pkcs11] asn1.c:1775:asn1_decode: 'userConsent' not present
P:28206; T:0x140027481172032 12:45:41.415 [opensc-pkcs11] asn1.c:1754:asn1_decode: Looking for 'accessControlRules', tag 0x20000010, OPTIONAL
P:28206; T:0x140027481172032 12:45:41.415 [opensc-pkcs11] asn1.c:1775:asn1_decode: 'accessControlRules' not present
P:28206; T:0x140027481172032 12:45:41.415 [opensc-pkcs11] asn1.c:1811:asn1_decode: returning with: 0 (Success)
P:28206; T:0x140027481172032 12:45:41.415 [opensc-pkcs11] asn1.c:1754:asn1_decode: Looking for 'classAttributes', tag 0x20000010
P:28206; T:0x140027481172032 12:45:41.415 [opensc-pkcs11] asn1.c:1500:asn1_decode_entry:  decoding 'classAttributes', raw data:042A444945474F205249424549524F20...
P:28206; T:0x140027481172032 12:45:41.415 [opensc-pkcs11] asn1.c:1730:asn1_decode:   called, left=56, depth 2
P:28206; T:0x140027481172032 12:45:41.415 [opensc-pkcs11] asn1.c:1754:asn1_decode: Looking for 'iD', tag 0x4
P:28206; T:0x140027481172032 12:45:41.415 [opensc-pkcs11] asn1.c:1500:asn1_decode_entry:   decoding 'iD', raw data:444945474F205249424549524F204445...
P:28206; T:0x140027481172032 12:45:41.415 [opensc-pkcs11] asn1.c:1754:asn1_decode: Looking for 'usage', tag 0x3
P:28206; T:0x140027481172032 12:45:41.415 [opensc-pkcs11] asn1.c:1500:asn1_decode_entry:   decoding 'usage', raw data:067400
P:28206; T:0x140027481172032 12:45:41.415 [opensc-pkcs11] asn1.c:1754:asn1_decode: Looking for 'native', tag 0x1, OPTIONAL
P:28206; T:0x140027481172032 12:45:41.415 [opensc-pkcs11] asn1.c:1775:asn1_decode: 'native' not present
P:28206; T:0x140027481172032 12:45:41.415 [opensc-pkcs11] asn1.c:1754:asn1_decode: Looking for 'accessFlags', tag 0x3, OPTIONAL
P:28206; T:0x140027481172032 12:45:41.415 [opensc-pkcs11] asn1.c:1500:asn1_decode_entry:   decoding 'accessFlags', raw data:03C0
P:28206; T:0x140027481172032 12:45:41.415 [opensc-pkcs11] asn1.c:1754:asn1_decode: Looking for 'keyReference', tag 0x2, OPTIONAL
P:28206; T:0x140027481172032 12:45:41.415 [opensc-pkcs11] asn1.c:1500:asn1_decode_entry:   decoding 'keyReference', raw data:01
P:28206; T:0x140027481172032 12:45:41.415 [opensc-pkcs11] asn1.c:1529:asn1_decode_entry:   decoding 'keyReference' returned 1
P:28206; T:0x140027481172032 12:45:41.415 [opensc-pkcs11] asn1.c:1754:asn1_decode: Looking for 'algReference', tag 0xa0000001, OPTIONAL
P:28206; T:0x140027481172032 12:45:41.415 [opensc-pkcs11] asn1.c:1775:asn1_decode: 'algReference' not present
P:28206; T:0x140027481172032 12:45:41.415 [opensc-pkcs11] asn1.c:1811:asn1_decode: returning with: 0 (Success)
P:28206; T:0x140027481172032 12:45:41.415 [opensc-pkcs11] asn1.c:1754:asn1_decode: Looking for 'subClassAttributes', tag 0xa0000000, OPTIONAL
P:28206; T:0x140027481172032 12:45:41.415 [opensc-pkcs11] asn1.c:1500:asn1_decode_entry:  decoding 'subClassAttributes', raw data:3000
P:28206; T:0x140027481172032 12:45:41.415 [opensc-pkcs11] asn1.c:1730:asn1_decode:   called, left=2, depth 2
P:28206; T:0x140027481172032 12:45:41.415 [opensc-pkcs11] asn1.c:1754:asn1_decode: Looking for 'subjectName', tag 0x20000010, OPTIONAL
P:28206; T:0x140027481172032 12:45:41.415 [opensc-pkcs11] asn1.c:1500:asn1_decode_entry:   decoding 'subjectName', raw data:
P:28206; T:0x140027481172032 12:45:41.415 [opensc-pkcs11] asn1.c:1811:asn1_decode: returning with: 0 (Success)
P:28206; T:0x140027481172032 12:45:41.415 [opensc-pkcs11] asn1.c:1754:asn1_decode: Looking for 'typeAttributes', tag 0xa0000001
P:28206; T:0x140027481172032 12:45:41.416 [opensc-pkcs11] asn1.c:1500:asn1_decode_entry:  decoding 'typeAttributes', raw data:30083002040002020800
P:28206; T:0x140027481172032 12:45:41.416 [opensc-pkcs11] asn1.c:1730:asn1_decode:   called, left=10, depth 2
P:28206; T:0x140027481172032 12:45:41.416 [opensc-pkcs11] asn1.c:1754:asn1_decode: Looking for 'privateRSAKeyAttributes', tag 0x20000010
P:28206; T:0x140027481172032 12:45:41.416 [opensc-pkcs11] asn1.c:1500:asn1_decode_entry:   decoding 'privateRSAKeyAttributes', raw data:3002040002020800
P:28206; T:0x140027481172032 12:45:41.416 [opensc-pkcs11] asn1.c:1730:asn1_decode:    called, left=8, depth 3
P:28206; T:0x140027481172032 12:45:41.416 [opensc-pkcs11] asn1.c:1754:asn1_decode: Looking for 'value', tag 0x20000010
P:28206; T:0x140027481172032 12:45:41.416 [opensc-pkcs11] asn1.c:1500:asn1_decode_entry:    decoding 'value', raw data:0400
P:28206; T:0x140027481172032 12:45:41.416 [opensc-pkcs11] asn1.c:1730:asn1_decode:     called, left=2, depth 4
P:28206; T:0x140027481172032 12:45:41.416 [opensc-pkcs11] asn1.c:1754:asn1_decode: Looking for 'path', tag 0x4, OPTIONAL
P:28206; T:0x140027481172032 12:45:41.416 [opensc-pkcs11] asn1.c:1500:asn1_decode_entry:     decoding 'path', raw data:
P:28206; T:0x140027481172032 12:45:41.416 [opensc-pkcs11] asn1.c:1754:asn1_decode: Looking for 'index', tag 0x2, OPTIONAL
P:28206; T:0x140027481172032 12:45:41.416 [opensc-pkcs11] asn1.c:1775:asn1_decode: 'index' not present
P:28206; T:0x140027481172032 12:45:41.416 [opensc-pkcs11] asn1.c:1754:asn1_decode: Looking for 'length', tag 0x80000000, OPTIONAL
P:28206; T:0x140027481172032 12:45:41.416 [opensc-pkcs11] asn1.c:1775:asn1_decode: 'length' not present
P:28206; T:0x140027481172032 12:45:41.416 [opensc-pkcs11] asn1.c:1754:asn1_decode: Looking for 'pathExtended', tag 0xa0000001, OPTIONAL
P:28206; T:0x140027481172032 12:45:41.416 [opensc-pkcs11] asn1.c:1775:asn1_decode: 'pathExtended' not present
P:28206; T:0x140027481172032 12:45:41.416 [opensc-pkcs11] asn1.c:1811:asn1_decode: returning with: 0 (Success)
P:28206; T:0x140027481172032 12:45:41.416 [opensc-pkcs11] asn1.c:1754:asn1_decode: Looking for 'modulusLength', tag 0x2
P:28206; T:0x140027481172032 12:45:41.416 [opensc-pkcs11] asn1.c:1500:asn1_decode_entry:    decoding 'modulusLength', raw data:0800
P:28206; T:0x140027481172032 12:45:41.416 [opensc-pkcs11] asn1.c:1529:asn1_decode_entry:    decoding 'modulusLength' returned 2048
P:28206; T:0x140027481172032 12:45:41.416 [opensc-pkcs11] asn1.c:1754:asn1_decode: Looking for 'keyInfo', tag 0x2, OPTIONAL
P:28206; T:0x140027481172032 12:45:41.416 [opensc-pkcs11] asn1.c:1775:asn1_decode: 'keyInfo' not present
P:28206; T:0x140027481172032 12:45:41.416 [opensc-pkcs11] asn1.c:1811:asn1_decode: returning with: 0 (Success)
P:28206; T:0x140027481172032 12:45:41.416 [opensc-pkcs11] asn1.c:1811:asn1_decode: returning with: 0 (Success)
P:28206; T:0x140027481172032 12:45:41.416 [opensc-pkcs11] asn1.c:1811:asn1_decode: returning with: 0 (Success)
P:28206; T:0x140027481172032 12:45:41.416 [opensc-pkcs11] asn1.c:1810:asn1_decode: returning with: 0 (Success)
P:28206; T:0x140027481172032 12:45:41.416 [opensc-pkcs11] pkcs15-prkey.c:312:sc_pkcs15_decode_prkdf_entry: PrivKey path ''
P:28206; T:0x140027481172032 12:45:41.416 [opensc-pkcs11] pkcs15-prkey.c:354:sc_pkcs15_decode_prkdf_entry: Key Subject 
P:28206; T:0x140027481172032 12:45:41.416 [opensc-pkcs11] pkcs15-prkey.c:355:sc_pkcs15_decode_prkdf_entry: Key path 
P:28206; T:0x140027481172032 12:45:41.416 [opensc-pkcs11] pkcs15.c:2220:sc_pkcs15_parse_df: returning with: 0 (Success)
P:28206; T:0x140027481172032 12:45:41.416 [opensc-pkcs11] framework-pkcs15.c:903:pkcs15_create_pkcs11_objects: Found 2 RSA private keys
P:28206; T:0x140027481172032 12:45:41.416 [opensc-pkcs11] pkcs15.c:2147:sc_pkcs15_parse_df: called; path=3f0050154401, type=1, enum=0
P:28206; T:0x140027481172032 12:45:41.416 [opensc-pkcs11] pkcs15.c:2485:sc_pkcs15_read_file: called
P:28206; T:0x140027481172032 12:45:41.416 [opensc-pkcs11] pkcs15.c:2486:sc_pkcs15_read_file: path=3f0050154401, index=0, count=-1
P:28206; T:0x140027481172032 12:45:41.416 [opensc-pkcs11] card.c:466:sc_lock: called
P:28206; T:0x140027481172032 12:45:41.416 [opensc-pkcs11] reader-pcsc.c:728:pcsc_lock: called
P:28206; T:0x140027481172032 12:45:41.416 [opensc-pkcs11] card.c:505:sc_lock: returning with: 0 (Success)
P:28206; T:0x140027481172032 12:45:41.416 [opensc-pkcs11] card.c:836:sc_select_file: called; type=2, path=3f0050154401
P:28206; T:0x140027481172032 12:45:41.416 [opensc-pkcs11] card-starsign.c:135:starsign_select_file: STARSIGN SELECT FILE EXECUTING type=2 len=6
P:28206; T:0x140027481172032 12:45:41.416 [opensc-pkcs11] card-starsign.c:142:starsign_select_file: STARSIGN SELECT FILE: Attempting full path selection from MF
P:28206; T:0x140027481172032 12:45:41.416 [opensc-pkcs11] apdu.c:550:sc_transmit_apdu: called
P:28206; T:0x140027481172032 12:45:41.416 [opensc-pkcs11] card.c:466:sc_lock: called
P:28206; T:0x140027481172032 12:45:41.416 [opensc-pkcs11] card.c:505:sc_lock: returning with: 0 (Success)
P:28206; T:0x140027481172032 12:45:41.416 [opensc-pkcs11] apdu.c:515:sc_transmit: called
P:28206; T:0x140027481172032 12:45:41.416 [opensc-pkcs11] apdu.c:363:sc_single_transmit: called
P:28206; T:0x140027481172032 12:45:41.416 [opensc-pkcs11] apdu.c:367:sc_single_transmit: CLA:1, INS:A4, P1:8, P2:C, data(6) 0x55cd05b1ea90
P:28206; T:0x140027481172032 12:45:41.416 [opensc-pkcs11] reader-pcsc.c:347:pcsc_transmit: reader 'Giesecke & Devrient GmbH StarSign CUT S [.] (03201229036013) 00 00'
P:28206; T:0x140027481172032 12:45:41.416 [opensc-pkcs11] reader-pcsc.c:348:pcsc_transmit: 
Outgoing APDU (11 bytes):
01 A4 08 0C 06 3F 00 50 15 44 01 .....?.P.D.

P:28206; T:0x140027481172032 12:45:41.416 [opensc-pkcs11] reader-pcsc.c:260:pcsc_internal_transmit: called
P:28206; T:0x140027481172032 12:45:41.420 [opensc-pkcs11] reader-pcsc.c:357:pcsc_transmit: 
Incoming APDU (2 bytes):
6A 81 j.

P:28206; T:0x140027481172032 12:45:41.420 [opensc-pkcs11] apdu.c:382:sc_single_transmit: returning with: 0 (Success)
P:28206; T:0x140027481172032 12:45:41.420 [opensc-pkcs11] apdu.c:539:sc_transmit: returning with: 0 (Success)
P:28206; T:0x140027481172032 12:45:41.420 [opensc-pkcs11] card.c:515:sc_unlock: called
P:28206; T:0x140027481172032 12:45:41.420 [opensc-pkcs11] iso7816.c:128:iso7816_check_sw: Function not supported
P:28206; T:0x140027481172032 12:45:41.420 [opensc-pkcs11] card-starsign.c:153:starsign_select_file: STARSIGN SELECT FILE: Full path selection failed (-1208), falling back to component-by-component
P:28206; T:0x140027481172032 12:45:41.420 [opensc-pkcs11] apdu.c:550:sc_transmit_apdu: called
P:28206; T:0x140027481172032 12:45:41.420 [opensc-pkcs11] card.c:466:sc_lock: called
P:28206; T:0x140027481172032 12:45:41.420 [opensc-pkcs11] card.c:505:sc_lock: returning with: 0 (Success)
P:28206; T:0x140027481172032 12:45:41.420 [opensc-pkcs11] apdu.c:515:sc_transmit: called
P:28206; T:0x140027481172032 12:45:41.420 [opensc-pkcs11] apdu.c:363:sc_single_transmit: called
P:28206; T:0x140027481172032 12:45:41.420 [opensc-pkcs11] apdu.c:367:sc_single_transmit: CLA:1, INS:A4, P1:0, P2:C, data(2) 0x55cd05b1ea94
P:28206; T:0x140027481172032 12:45:41.420 [opensc-pkcs11] reader-pcsc.c:347:pcsc_transmit: reader 'Giesecke & Devrient GmbH StarSign CUT S [.] (03201229036013) 00 00'
P:28206; T:0x140027481172032 12:45:41.420 [opensc-pkcs11] reader-pcsc.c:348:pcsc_transmit: 
Outgoing APDU (7 bytes):
01 A4 00 0C 02 44 01 .....D.

P:28206; T:0x140027481172032 12:45:41.420 [opensc-pkcs11] reader-pcsc.c:260:pcsc_internal_transmit: called
P:28206; T:0x140027481172032 12:45:41.426 [opensc-pkcs11] reader-pcsc.c:357:pcsc_transmit: 
Incoming APDU (2 bytes):
90 00 ..

P:28206; T:0x140027481172032 12:45:41.426 [opensc-pkcs11] apdu.c:382:sc_single_transmit: returning with: 0 (Success)
P:28206; T:0x140027481172032 12:45:41.426 [opensc-pkcs11] apdu.c:539:sc_transmit: returning with: 0 (Success)
P:28206; T:0x140027481172032 12:45:41.426 [opensc-pkcs11] card.c:515:sc_unlock: called
P:28206; T:0x140027481172032 12:45:41.426 [opensc-pkcs11] card.c:871:sc_select_file: returning with: 0 (Success)
P:28206; T:0x140027481172032 12:45:41.426 [opensc-pkcs11] card.c:615:sc_read_binary: called; 32768 bytes at index 0
P:28206; T:0x140027481172032 12:45:41.426 [opensc-pkcs11] card.c:466:sc_lock: called
P:28206; T:0x140027481172032 12:45:41.426 [opensc-pkcs11] card.c:505:sc_lock: returning with: 0 (Success)
P:28206; T:0x140027481172032 12:45:41.426 [opensc-pkcs11] apdu.c:550:sc_transmit_apdu: called
P:28206; T:0x140027481172032 12:45:41.426 [opensc-pkcs11] card.c:466:sc_lock: called
P:28206; T:0x140027481172032 12:45:41.426 [opensc-pkcs11] card.c:505:sc_lock: returning with: 0 (Success)
P:28206; T:0x140027481172032 12:45:41.426 [opensc-pkcs11] apdu.c:515:sc_transmit: called
P:28206; T:0x140027481172032 12:45:41.426 [opensc-pkcs11] apdu.c:363:sc_single_transmit: called
P:28206; T:0x140027481172032 12:45:41.426 [opensc-pkcs11] apdu.c:367:sc_single_transmit: CLA:1, INS:B0, P1:0, P2:0, data(0) (nil)
P:28206; T:0x140027481172032 12:45:41.426 [opensc-pkcs11] reader-pcsc.c:347:pcsc_transmit: reader 'Giesecke & Devrient GmbH StarSign CUT S [.] (03201229036013) 00 00'
P:28206; T:0x140027481172032 12:45:41.426 [opensc-pkcs11] reader-pcsc.c:348:pcsc_transmit: 
Outgoing APDU (5 bytes):
01 B0 00 00 00 .....

P:28206; T:0x140027481172032 12:45:41.426 [opensc-pkcs11] reader-pcsc.c:260:pcsc_internal_transmit: called
P:28206; T:0x140027481172032 12:45:41.431 [opensc-pkcs11] reader-pcsc.c:357:pcsc_transmit: 
Incoming APDU (258 bytes):
30 41 30 11 0C 08 31 39 36 30 32 37 30 34 03 02 0A0...19602704..
06 40 04 01 02 30 16 04 08 2C DA 57 70 BA 19 03 .@...0...,.Wp...
3F 03 03 06 8B 00 03 02 03 08 02 01 00 A0 02 30 ?..............0
00 A1 10 30 0E 30 08 04 00 02 01 00 80 01 00 02 ...0.0..........
02 08 00 00 00 00 00 00 00 00 00 00 00 00 00 00 ................
00 00 00 00 00 00 00 00 00 00 00 00 00 00 00 00 ................
00 00 00 00 00 00 00 00 00 00 00 00 00 00 00 00 ................
00 00 00 00 00 00 00 00 00 00 00 00 00 00 00 00 ................
00 00 00 00 00 00 00 00 00 00 00 00 00 00 00 00 ................
00 00 00 00 00 00 00 00 00 00 00 00 00 00 00 00 ................
00 00 00 00 00 00 00 00 00 00 00 00 00 00 00 00 ................
00 00 00 00 00 00 00 00 00 00 00 00 00 00 00 00 ................
00 00 00 00 00 00 00 00 00 00 00 00 00 00 00 00 ................
00 00 00 00 00 00 00 00 00 00 00 00 00 00 00 00 ................
00 00 00 00 00 00 00 00 00 00 00 00 00 00 00 00 ................
00 00 00 00 00 00 00 00 00 00 00 00 00 00 00 00 ................
90 00                                           ..

P:28206; T:0x140027481172032 12:45:41.431 [opensc-pkcs11] apdu.c:382:sc_single_transmit: returning with: 0 (Success)
P:28206; T:0x140027481172032 12:45:41.431 [opensc-pkcs11] apdu.c:539:sc_transmit: returning with: 0 (Success)
P:28206; T:0x140027481172032 12:45:41.431 [opensc-pkcs11] card.c:515:sc_unlock: called
P:28206; T:0x140027481172032 12:45:41.431 [opensc-pkcs11] iso7816.c:164:iso7816_read_binary: returning with: 256
P:28206; T:0x140027481172032 12:45:41.431 [opensc-pkcs11] apdu.c:550:sc_transmit_apdu: called
P:28206; T:0x140027481172032 12:45:41.431 [opensc-pkcs11] card.c:466:sc_lock: called
P:28206; T:0x140027481172032 12:45:41.431 [opensc-pkcs11] card.c:505:sc_lock: returning with: 0 (Success)
P:28206; T:0x140027481172032 12:45:41.431 [opensc-pkcs11] apdu.c:515:sc_transmit: called
P:28206; T:0x140027481172032 12:45:41.431 [opensc-pkcs11] apdu.c:363:sc_single_transmit: called
P:28206; T:0x140027481172032 12:45:41.431 [opensc-pkcs11] apdu.c:367:sc_single_transmit: CLA:1, INS:B0, P1:1, P2:0, data(0) (nil)
P:28206; T:0x140027481172032 12:45:41.431 [opensc-pkcs11] reader-pcsc.c:347:pcsc_transmit: reader 'Giesecke & Devrient GmbH StarSign CUT S [.] (03201229036013) 00 00'
P:28206; T:0x140027481172032 12:45:41.431 [opensc-pkcs11] reader-pcsc.c:348:pcsc_transmit: 
Outgoing APDU (5 bytes):
01 B0 01 00 00 .....

P:28206; T:0x140027481172032 12:45:41.431 [opensc-pkcs11] reader-pcsc.c:260:pcsc_internal_transmit: called
P:28206; T:0x140027481172032 12:45:41.436 [opensc-pkcs11] reader-pcsc.c:357:pcsc_transmit: 
Incoming APDU (2 bytes):
6A 86 j.

P:28206; T:0x140027481172032 12:45:41.436 [opensc-pkcs11] apdu.c:382:sc_single_transmit: returning with: 0 (Success)
P:28206; T:0x140027481172032 12:45:41.436 [opensc-pkcs11] apdu.c:539:sc_transmit: returning with: 0 (Success)
P:28206; T:0x140027481172032 12:45:41.436 [opensc-pkcs11] card.c:515:sc_unlock: called
P:28206; T:0x140027481172032 12:45:41.436 [opensc-pkcs11] iso7816.c:128:iso7816_check_sw: Incorrect parameters P1-P2
P:28206; T:0x140027481172032 12:45:41.436 [opensc-pkcs11] iso7816.c:161:iso7816_read_binary: returning with: 0 (Success)
P:28206; T:0x140027481172032 12:45:41.436 [opensc-pkcs11] card.c:515:sc_unlock: called
P:28206; T:0x140027481172032 12:45:41.436 [opensc-pkcs11] card.c:664:sc_read_binary: returning with: 256
P:28206; T:0x140027481172032 12:45:41.436 [opensc-pkcs11] card.c:515:sc_unlock: called
P:28206; T:0x140027481172032 12:45:41.436 [opensc-pkcs11] reader-pcsc.c:770:pcsc_unlock: called
P:28206; T:0x140027481172032 12:45:41.436 [opensc-pkcs11] pkcs15.c:2639:sc_pkcs15_read_file: returning with: 0 (Success)
P:28206; T:0x140027481172032 12:45:41.436 [opensc-pkcs11] asn1.c:1730:asn1_decode: called, left=256, depth 0
P:28206; T:0x140027481172032 12:45:41.436 [opensc-pkcs11] asn1.c:1754:asn1_decode: Looking for 'publicKey', tag 0x0
P:28206; T:0x140027481172032 12:45:41.436 [opensc-pkcs11] asn1.c:1730:asn1_decode:  called, left=256, depth 1, choice
P:28206; T:0x140027481172032 12:45:41.436 [opensc-pkcs11] asn1.c:1754:asn1_decode: Looking for 'publicRSAKey', tag 0x20000010, CHOICE
P:28206; T:0x140027481172032 12:45:41.436 [opensc-pkcs11] asn1.c:1500:asn1_decode_entry:  decoding 'publicRSAKey', raw data:30110C08313936303237303403020640...
P:28206; T:0x140027481172032 12:45:41.436 [opensc-pkcs11] asn1.c:1730:asn1_decode:   called, left=65, depth 2
P:28206; T:0x140027481172032 12:45:41.436 [opensc-pkcs11] asn1.c:1754:asn1_decode: Looking for 'commonObjectAttributes', tag 0x20000010
P:28206; T:0x140027481172032 12:45:41.436 [opensc-pkcs11] asn1.c:1500:asn1_decode_entry:   decoding 'commonObjectAttributes', raw data:0C083139363032373034030206400401...
P:28206; T:0x140027481172032 12:45:41.436 [opensc-pkcs11] asn1.c:1730:asn1_decode:    called, left=17, depth 3
P:28206; T:0x140027481172032 12:45:41.436 [opensc-pkcs11] asn1.c:1754:asn1_decode: Looking for 'label', tag 0xc, OPTIONAL
P:28206; T:0x140027481172032 12:45:41.436 [opensc-pkcs11] asn1.c:1500:asn1_decode_entry:    decoding 'label', raw data:3139363032373034
P:28206; T:0x140027481172032 12:45:41.436 [opensc-pkcs11] asn1.c:1754:asn1_decode: Looking for 'flags', tag 0x3, OPTIONAL
P:28206; T:0x140027481172032 12:45:41.436 [opensc-pkcs11] asn1.c:1500:asn1_decode_entry:    decoding 'flags', raw data:0640
P:28206; T:0x140027481172032 12:45:41.436 [opensc-pkcs11] asn1.c:1754:asn1_decode: Looking for 'authId', tag 0x4, OPTIONAL
P:28206; T:0x140027481172032 12:45:41.436 [opensc-pkcs11] asn1.c:1500:asn1_decode_entry:    decoding 'authId', raw data:02
P:28206; T:0x140027481172032 12:45:41.436 [opensc-pkcs11] asn1.c:1754:asn1_decode: Looking for 'userConsent', tag 0x2, OPTIONAL
P:28206; T:0x140027481172032 12:45:41.436 [opensc-pkcs11] asn1.c:1775:asn1_decode: 'userConsent' not present
P:28206; T:0x140027481172032 12:45:41.436 [opensc-pkcs11] asn1.c:1754:asn1_decode: Looking for 'accessControlRules', tag 0x20000010, OPTIONAL
P:28206; T:0x140027481172032 12:45:41.436 [opensc-pkcs11] asn1.c:1775:asn1_decode: 'accessControlRules' not present
P:28206; T:0x140027481172032 12:45:41.436 [opensc-pkcs11] asn1.c:1811:asn1_decode: returning with: 0 (Success)
P:28206; T:0x140027481172032 12:45:41.436 [opensc-pkcs11] asn1.c:1754:asn1_decode: Looking for 'classAttributes', tag 0x20000010
P:28206; T:0x140027481172032 12:45:41.436 [opensc-pkcs11] asn1.c:1500:asn1_decode_entry:   decoding 'classAttributes', raw data:04082CDA5770BA19033F0303068B0003...
P:28206; T:0x140027481172032 12:45:41.436 [opensc-pkcs11] asn1.c:1730:asn1_decode:    called, left=22, depth 3
P:28206; T:0x140027481172032 12:45:41.436 [opensc-pkcs11] asn1.c:1754:asn1_decode: Looking for 'iD', tag 0x4
P:28206; T:0x140027481172032 12:45:41.436 [opensc-pkcs11] asn1.c:1500:asn1_decode_entry:    decoding 'iD', raw data:2CDA5770BA19033F
P:28206; T:0x140027481172032 12:45:41.436 [opensc-pkcs11] asn1.c:1754:asn1_decode: Looking for 'usage', tag 0x3
P:28206; T:0x140027481172032 12:45:41.436 [opensc-pkcs11] asn1.c:1500:asn1_decode_entry:    decoding 'usage', raw data:068B00
P:28206; T:0x140027481172032 12:45:41.436 [opensc-pkcs11] asn1.c:1754:asn1_decode: Looking for 'native', tag 0x1, OPTIONAL
P:28206; T:0x140027481172032 12:45:41.436 [opensc-pkcs11] asn1.c:1775:asn1_decode: 'native' not present
P:28206; T:0x140027481172032 12:45:41.436 [opensc-pkcs11] asn1.c:1754:asn1_decode: Looking for 'accessFlags', tag 0x3, OPTIONAL
P:28206; T:0x140027481172032 12:45:41.436 [opensc-pkcs11] asn1.c:1500:asn1_decode_entry:    decoding 'accessFlags', raw data:0308
P:28206; T:0x140027481172032 12:45:41.436 [opensc-pkcs11] asn1.c:1754:asn1_decode: Looking for 'keyReference', tag 0x2, OPTIONAL
P:28206; T:0x140027481172032 12:45:41.436 [opensc-pkcs11] asn1.c:1500:asn1_decode_entry:    decoding 'keyReference', raw data:00
P:28206; T:0x140027481172032 12:45:41.436 [opensc-pkcs11] asn1.c:1529:asn1_decode_entry:    decoding 'keyReference' returned 0
P:28206; T:0x140027481172032 12:45:41.436 [opensc-pkcs11] asn1.c:1811:asn1_decode: returning with: 0 (Success)
P:28206; T:0x140027481172032 12:45:41.436 [opensc-pkcs11] asn1.c:1754:asn1_decode: Looking for 'subClassAttributes', tag 0xa0000000, OPTIONAL
P:28206; T:0x140027481172032 12:45:41.436 [opensc-pkcs11] asn1.c:1500:asn1_decode_entry:   decoding 'subClassAttributes', raw data:3000
P:28206; T:0x140027481172032 12:45:41.436 [opensc-pkcs11] asn1.c:1730:asn1_decode:    called, left=2, depth 3
P:28206; T:0x140027481172032 12:45:41.436 [opensc-pkcs11] asn1.c:1754:asn1_decode: Looking for 'subjectName', tag 0x20000010, OPTIONAL
P:28206; T:0x140027481172032 12:45:41.436 [opensc-pkcs11] asn1.c:1500:asn1_decode_entry:    decoding 'subjectName', raw data:
P:28206; T:0x140027481172032 12:45:41.436 [opensc-pkcs11] asn1.c:1811:asn1_decode: returning with: 0 (Success)
P:28206; T:0x140027481172032 12:45:41.437 [opensc-pkcs11] asn1.c:1754:asn1_decode: Looking for 'typeAttributes', tag 0xa0000001
P:28206; T:0x140027481172032 12:45:41.437 [opensc-pkcs11] asn1.c:1500:asn1_decode_entry:   decoding 'typeAttributes', raw data:300E3008040002010080010002020800
P:28206; T:0x140027481172032 12:45:41.437 [opensc-pkcs11] asn1.c:1730:asn1_decode:    called, left=16, depth 3
P:28206; T:0x140027481172032 12:45:41.437 [opensc-pkcs11] asn1.c:1754:asn1_decode: Looking for 'publicRSAKeyAttributes', tag 0x20000010
P:28206; T:0x140027481172032 12:45:41.437 [opensc-pkcs11] asn1.c:1500:asn1_decode_entry:    decoding 'publicRSAKeyAttributes', raw data:3008040002010080010002020800
P:28206; T:0x140027481172032 12:45:41.437 [opensc-pkcs11] asn1.c:1730:asn1_decode:     called, left=14, depth 4
P:28206; T:0x140027481172032 12:45:41.437 [opensc-pkcs11] asn1.c:1754:asn1_decode: Looking for 'value', tag 0x0
P:28206; T:0x140027481172032 12:45:41.437 [opensc-pkcs11] asn1.c:1730:asn1_decode:      called, left=14, depth 5, choice
P:28206; T:0x140027481172032 12:45:41.437 [opensc-pkcs11] asn1.c:1754:asn1_decode: Looking for 'path', tag 0x20000010, CHOICE
P:28206; T:0x140027481172032 12:45:41.437 [opensc-pkcs11] asn1.c:1500:asn1_decode_entry:      decoding 'path', raw data:0400020100800100
P:28206; T:0x140027481172032 12:45:41.437 [opensc-pkcs11] asn1.c:1730:asn1_decode:       called, left=8, depth 6
P:28206; T:0x140027481172032 12:45:41.437 [opensc-pkcs11] asn1.c:1754:asn1_decode: Looking for 'path', tag 0x4, OPTIONAL
P:28206; T:0x140027481172032 12:45:41.437 [opensc-pkcs11] asn1.c:1500:asn1_decode_entry:       decoding 'path', raw data:
P:28206; T:0x140027481172032 12:45:41.437 [opensc-pkcs11] asn1.c:1754:asn1_decode: Looking for 'index', tag 0x2, OPTIONAL
P:28206; T:0x140027481172032 12:45:41.437 [opensc-pkcs11] asn1.c:1500:asn1_decode_entry:       decoding 'index', raw data:00
P:28206; T:0x140027481172032 12:45:41.437 [opensc-pkcs11] asn1.c:1529:asn1_decode_entry:       decoding 'index' returned 0
P:28206; T:0x140027481172032 12:45:41.437 [opensc-pkcs11] asn1.c:1754:asn1_decode: Looking for 'length', tag 0x80000000, OPTIONAL
P:28206; T:0x140027481172032 12:45:41.437 [opensc-pkcs11] asn1.c:1500:asn1_decode_entry:       decoding 'length', raw data:00
P:28206; T:0x140027481172032 12:45:41.437 [opensc-pkcs11] asn1.c:1529:asn1_decode_entry:       decoding 'length' returned 0
P:28206; T:0x140027481172032 12:45:41.437 [opensc-pkcs11] asn1.c:1754:asn1_decode: Looking for 'pathExtended', tag 0xa0000001, OPTIONAL
P:28206; T:0x140027481172032 12:45:41.437 [opensc-pkcs11] asn1.c:1775:asn1_decode: 'pathExtended' not present
P:28206; T:0x140027481172032 12:45:41.437 [opensc-pkcs11] asn1.c:1811:asn1_decode: returning with: 0 (Success)
P:28206; T:0x140027481172032 12:45:41.437 [opensc-pkcs11] asn1.c:1810:asn1_decode: returning with: 0 (Success)
P:28206; T:0x140027481172032 12:45:41.437 [opensc-pkcs11] asn1.c:1754:asn1_decode: Looking for 'modulusLength', tag 0x2
P:28206; T:0x140027481172032 12:45:41.437 [opensc-pkcs11] asn1.c:1500:asn1_decode_entry:     decoding 'modulusLength', raw data:0800
P:28206; T:0x140027481172032 12:45:41.437 [opensc-pkcs11] asn1.c:1529:asn1_decode_entry:     decoding 'modulusLength' returned 2048
P:28206; T:0x140027481172032 12:45:41.437 [opensc-pkcs11] asn1.c:1754:asn1_decode: Looking for 'keyInfo', tag 0x2, OPTIONAL
P:28206; T:0x140027481172032 12:45:41.437 [opensc-pkcs11] asn1.c:1775:asn1_decode: 'keyInfo' not present
P:28206; T:0x140027481172032 12:45:41.437 [opensc-pkcs11] asn1.c:1811:asn1_decode: returning with: 0 (Success)
P:28206; T:0x140027481172032 12:45:41.437 [opensc-pkcs11] asn1.c:1811:asn1_decode: returning with: 0 (Success)
P:28206; T:0x140027481172032 12:45:41.437 [opensc-pkcs11] asn1.c:1811:asn1_decode: returning with: 0 (Success)
P:28206; T:0x140027481172032 12:45:41.437 [opensc-pkcs11] asn1.c:1810:asn1_decode: returning with: 0 (Success)
P:28206; T:0x140027481172032 12:45:41.437 [opensc-pkcs11] asn1.c:1811:asn1_decode: returning with: 0 (Success)
P:28206; T:0x140027481172032 12:45:41.437 [opensc-pkcs11] pkcs15-pubkey.c:336:sc_pkcs15_decode_pukdf_entry: PubKey path ''
P:28206; T:0x140027481172032 12:45:41.437 [opensc-pkcs11] pkcs15-pubkey.c:159:sc_pkcs15_decode_pubkey_direct_value: called
P:28206; T:0x140027481172032 12:45:41.437 [opensc-pkcs11] pkcs15-pubkey.c:161:sc_pkcs15_decode_pubkey_direct_value: returning with: 0 (Success)
P:28206; T:0x140027481172032 12:45:41.437 [opensc-pkcs11] pkcs15-pubkey.c:365:sc_pkcs15_decode_pukdf_entry: returning with: 0 (Success)
P:28206; T:0x140027481172032 12:45:41.437 [opensc-pkcs11] pkcs15.c:2220:sc_pkcs15_parse_df: returning with: 0 (Success)
P:28206; T:0x140027481172032 12:45:41.437 [opensc-pkcs11] framework-pkcs15.c:903:pkcs15_create_pkcs11_objects: Found 1 RSA public key
P:28206; T:0x140027481172032 12:45:41.437 [opensc-pkcs11] framework-pkcs15.c:767:__pkcs15_create_pubkey_object: Get pubkey from PKCS#15 object
P:28206; T:0x140027481172032 12:45:41.437 [opensc-pkcs11] pkcs15-pubkey.c:928:sc_pkcs15_read_pubkey: called
P:28206; T:0x140027481172032 12:45:41.437 [opensc-pkcs11] pkcs15-pubkey.c:929:sc_pkcs15_read_pubkey: Public key type 0x201
P:28206; T:0x140027481172032 12:45:41.437 [opensc-pkcs11] pkcs15-pubkey.c:1002:sc_pkcs15_read_pubkey: No way to get public key: -1416 (Not implemented)
P:28206; T:0x140027481172032 12:45:41.437 [opensc-pkcs11] pkcs15-pubkey.c:1012:sc_pkcs15_read_pubkey: returning with: -1416 (Not implemented)
P:28206; T:0x140027481172032 12:45:41.437 [opensc-pkcs11] framework-pkcs15.c:903:pkcs15_create_pkcs11_objects: Found 0 EC private keys
P:28206; T:0x140027481172032 12:45:41.437 [opensc-pkcs11] framework-pkcs15.c:903:pkcs15_create_pkcs11_objects: Found 0 EC public keys
P:28206; T:0x140027481172032 12:45:41.437 [opensc-pkcs11] framework-pkcs15.c:903:pkcs15_create_pkcs11_objects: Found 0 EdDSA private keys
P:28206; T:0x140027481172032 12:45:41.437 [opensc-pkcs11] framework-pkcs15.c:903:pkcs15_create_pkcs11_objects: Found 0 EdDSA public keys
P:28206; T:0x140027481172032 12:45:41.437 [opensc-pkcs11] framework-pkcs15.c:903:pkcs15_create_pkcs11_objects: Found 0 XEdDSA private keys
P:28206; T:0x140027481172032 12:45:41.437 [opensc-pkcs11] framework-pkcs15.c:903:pkcs15_create_pkcs11_objects: Found 0 XEdDSA public keys
P:28206; T:0x140027481172032 12:45:41.437 [opensc-pkcs11] framework-pkcs15.c:903:pkcs15_create_pkcs11_objects: Found 0 GOSTR3410 private keys
P:28206; T:0x140027481172032 12:45:41.437 [opensc-pkcs11] framework-pkcs15.c:903:pkcs15_create_pkcs11_objects: Found 0 GOSTR3410 public keys
P:28206; T:0x140027481172032 12:45:41.437 [opensc-pkcs11] pkcs15.c:2147:sc_pkcs15_parse_df: called; path=3f0050154404, type=4, enum=0
P:28206; T:0x140027481172032 12:45:41.437 [opensc-pkcs11] pkcs15.c:2485:sc_pkcs15_read_file: called
P:28206; T:0x140027481172032 12:45:41.437 [opensc-pkcs11] pkcs15.c:2486:sc_pkcs15_read_file: path=3f0050154404, index=0, count=-1
P:28206; T:0x140027481172032 12:45:41.437 [opensc-pkcs11] card.c:466:sc_lock: called
P:28206; T:0x140027481172032 12:45:41.437 [opensc-pkcs11] reader-pcsc.c:728:pcsc_lock: called
P:28206; T:0x140027481172032 12:45:41.437 [opensc-pkcs11] card.c:505:sc_lock: returning with: 0 (Success)
P:28206; T:0x140027481172032 12:45:41.437 [opensc-pkcs11] card.c:836:sc_select_file: called; type=2, path=3f0050154404
P:28206; T:0x140027481172032 12:45:41.437 [opensc-pkcs11] card-starsign.c:135:starsign_select_file: STARSIGN SELECT FILE EXECUTING type=2 len=6
P:28206; T:0x140027481172032 12:45:41.437 [opensc-pkcs11] card-starsign.c:142:starsign_select_file: STARSIGN SELECT FILE: Attempting full path selection from MF
P:28206; T:0x140027481172032 12:45:41.437 [opensc-pkcs11] apdu.c:550:sc_transmit_apdu: called
P:28206; T:0x140027481172032 12:45:41.438 [opensc-pkcs11] card.c:466:sc_lock: called
P:28206; T:0x140027481172032 12:45:41.438 [opensc-pkcs11] card.c:505:sc_lock: returning with: 0 (Success)
P:28206; T:0x140027481172032 12:45:41.438 [opensc-pkcs11] apdu.c:515:sc_transmit: called
P:28206; T:0x140027481172032 12:45:41.438 [opensc-pkcs11] apdu.c:363:sc_single_transmit: called
P:28206; T:0x140027481172032 12:45:41.438 [opensc-pkcs11] apdu.c:367:sc_single_transmit: CLA:1, INS:A4, P1:8, P2:C, data(6) 0x55cd05b1eb70
P:28206; T:0x140027481172032 12:45:41.438 [opensc-pkcs11] reader-pcsc.c:347:pcsc_transmit: reader 'Giesecke & Devrient GmbH StarSign CUT S [.] (03201229036013) 00 00'
P:28206; T:0x140027481172032 12:45:41.438 [opensc-pkcs11] reader-pcsc.c:348:pcsc_transmit: 
Outgoing APDU (11 bytes):
01 A4 08 0C 06 3F 00 50 15 44 04 .....?.P.D.

P:28206; T:0x140027481172032 12:45:41.438 [opensc-pkcs11] reader-pcsc.c:260:pcsc_internal_transmit: called
P:28206; T:0x140027481172032 12:45:41.441 [opensc-pkcs11] reader-pcsc.c:357:pcsc_transmit: 
Incoming APDU (2 bytes):
6A 81 j.

P:28206; T:0x140027481172032 12:45:41.441 [opensc-pkcs11] apdu.c:382:sc_single_transmit: returning with: 0 (Success)
P:28206; T:0x140027481172032 12:45:41.441 [opensc-pkcs11] apdu.c:539:sc_transmit: returning with: 0 (Success)
P:28206; T:0x140027481172032 12:45:41.441 [opensc-pkcs11] card.c:515:sc_unlock: called
P:28206; T:0x140027481172032 12:45:41.441 [opensc-pkcs11] iso7816.c:128:iso7816_check_sw: Function not supported
P:28206; T:0x140027481172032 12:45:41.441 [opensc-pkcs11] card-starsign.c:153:starsign_select_file: STARSIGN SELECT FILE: Full path selection failed (-1208), falling back to component-by-component
P:28206; T:0x140027481172032 12:45:41.441 [opensc-pkcs11] apdu.c:550:sc_transmit_apdu: called
P:28206; T:0x140027481172032 12:45:41.442 [opensc-pkcs11] card.c:466:sc_lock: called
P:28206; T:0x140027481172032 12:45:41.442 [opensc-pkcs11] card.c:505:sc_lock: returning with: 0 (Success)
P:28206; T:0x140027481172032 12:45:41.442 [opensc-pkcs11] apdu.c:515:sc_transmit: called
P:28206; T:0x140027481172032 12:45:41.442 [opensc-pkcs11] apdu.c:363:sc_single_transmit: called
P:28206; T:0x140027481172032 12:45:41.442 [opensc-pkcs11] apdu.c:367:sc_single_transmit: CLA:1, INS:A4, P1:0, P2:C, data(2) 0x55cd05b1eb74
P:28206; T:0x140027481172032 12:45:41.442 [opensc-pkcs11] reader-pcsc.c:347:pcsc_transmit: reader 'Giesecke & Devrient GmbH StarSign CUT S [.] (03201229036013) 00 00'
P:28206; T:0x140027481172032 12:45:41.442 [opensc-pkcs11] reader-pcsc.c:348:pcsc_transmit: 
Outgoing APDU (7 bytes):
01 A4 00 0C 02 44 04 .....D.

P:28206; T:0x140027481172032 12:45:41.442 [opensc-pkcs11] reader-pcsc.c:260:pcsc_internal_transmit: called
P:28206; T:0x140027481172032 12:45:41.448 [opensc-pkcs11] reader-pcsc.c:357:pcsc_transmit: 
Incoming APDU (2 bytes):
90 00 ..

P:28206; T:0x140027481172032 12:45:41.448 [opensc-pkcs11] apdu.c:382:sc_single_transmit: returning with: 0 (Success)
P:28206; T:0x140027481172032 12:45:41.448 [opensc-pkcs11] apdu.c:539:sc_transmit: returning with: 0 (Success)
P:28206; T:0x140027481172032 12:45:41.448 [opensc-pkcs11] card.c:515:sc_unlock: called
P:28206; T:0x140027481172032 12:45:41.448 [opensc-pkcs11] card.c:871:sc_select_file: returning with: 0 (Success)
P:28206; T:0x140027481172032 12:45:41.448 [opensc-pkcs11] card.c:615:sc_read_binary: called; 32768 bytes at index 0
P:28206; T:0x140027481172032 12:45:41.448 [opensc-pkcs11] card.c:466:sc_lock: called
P:28206; T:0x140027481172032 12:45:41.448 [opensc-pkcs11] card.c:505:sc_lock: returning with: 0 (Success)
P:28206; T:0x140027481172032 12:45:41.448 [opensc-pkcs11] apdu.c:550:sc_transmit_apdu: called
P:28206; T:0x140027481172032 12:45:41.448 [opensc-pkcs11] card.c:466:sc_lock: called
P:28206; T:0x140027481172032 12:45:41.448 [opensc-pkcs11] card.c:505:sc_lock: returning with: 0 (Success)
P:28206; T:0x140027481172032 12:45:41.448 [opensc-pkcs11] apdu.c:515:sc_transmit: called
P:28206; T:0x140027481172032 12:45:41.448 [opensc-pkcs11] apdu.c:363:sc_single_transmit: called
P:28206; T:0x140027481172032 12:45:41.448 [opensc-pkcs11] apdu.c:367:sc_single_transmit: CLA:1, INS:B0, P1:0, P2:0, data(0) (nil)
P:28206; T:0x140027481172032 12:45:41.448 [opensc-pkcs11] reader-pcsc.c:347:pcsc_transmit: reader 'Giesecke & Devrient GmbH StarSign CUT S [.] (03201229036013) 00 00'
P:28206; T:0x140027481172032 12:45:41.448 [opensc-pkcs11] reader-pcsc.c:348:pcsc_transmit: 
Outgoing APDU (5 bytes):
01 B0 00 00 00 .....

P:28206; T:0x140027481172032 12:45:41.448 [opensc-pkcs11] reader-pcsc.c:260:pcsc_internal_transmit: called
P:28206; T:0x140027481172032 12:45:41.453 [opensc-pkcs11] reader-pcsc.c:357:pcsc_transmit: 
Incoming APDU (258 bytes):
30 81 DF 30 2E 0C 25 41 43 20 4F 41 42 20 47 33 0..0..%AC OAB G3
20 65 6D 69 74 69 64 6F 20 70 6F 72 20 41 43 20  emitido por AC 
43 65 72 74 69 73 69 67 6E 20 47 37 03 02 06 40 Certisign G7...@
04 01 02 30 16 04 14 6A 3B CF 3A BF 73 E2 03 AE ...0...j;.:.s...
24 CF 9F 02 CD 30 F1 2F FE 7E 66 A1 81 94 30 81 $....0./.~f...0.
91 30 0F 04 06 3F FF 43 02 05 A0 02 01 00 80 02 .0...?.C........
06 DE A0 74 30 72 31 0B 30 09 06 03 55 04 06 13 ...t0r1.0...U...
02 42 52 31 13 30 11 06 03 55 04 0A 13 0A 49 43 .BR1.0...U....IC
50 2D 42 72 61 73 69 6C 31 34 30 32 06 03 55 04 P-Brasil1402..U.
0B 13 2B 41 75 74 6F 72 69 64 61 64 65 20 43 65 ..+Autoridade Ce
72 74 69 66 69 63 61 64 6F 72 61 20 52 61 69 7A rtificadora Raiz
20 42 72 61 73 69 6C 65 69 72 61 20 76 35 31 18  Brasileira v51.
30 16 06 03 55 04 03 13 0F 41 43 20 43 65 72 74 0...U....AC Cert
69 73 69 67 6E 20 47 37 02 08 75 18 51 12 E7 86 isign G7..u.Q...
2B B6 30 82 01 3D 30 6C 0C 63 41 75 74 6F 72 69 +.0..=0l.cAutori
64 61 64 65 20 43 65 72 74 69 66 69 63 61 64 6F dade Certificado
90 00                                           ..

P:28206; T:0x140027481172032 12:45:41.453 [opensc-pkcs11] apdu.c:382:sc_single_transmit: returning with: 0 (Success)
P:28206; T:0x140027481172032 12:45:41.453 [opensc-pkcs11] apdu.c:539:sc_transmit: returning with: 0 (Success)
P:28206; T:0x140027481172032 12:45:41.453 [opensc-pkcs11] card.c:515:sc_unlock: called
P:28206; T:0x140027481172032 12:45:41.453 [opensc-pkcs11] iso7816.c:164:iso7816_read_binary: returning with: 256
P:28206; T:0x140027481172032 12:45:41.453 [opensc-pkcs11] apdu.c:550:sc_transmit_apdu: called
P:28206; T:0x140027481172032 12:45:41.453 [opensc-pkcs11] card.c:466:sc_lock: called
P:28206; T:0x140027481172032 12:45:41.453 [opensc-pkcs11] card.c:505:sc_lock: returning with: 0 (Success)
P:28206; T:0x140027481172032 12:45:41.453 [opensc-pkcs11] apdu.c:515:sc_transmit: called
P:28206; T:0x140027481172032 12:45:41.453 [opensc-pkcs11] apdu.c:363:sc_single_transmit: called
P:28206; T:0x140027481172032 12:45:41.453 [opensc-pkcs11] apdu.c:367:sc_single_transmit: CLA:1, INS:B0, P1:1, P2:0, data(0) (nil)
P:28206; T:0x140027481172032 12:45:41.453 [opensc-pkcs11] reader-pcsc.c:347:pcsc_transmit: reader 'Giesecke & Devrient GmbH StarSign CUT S [.] (03201229036013) 00 00'
P:28206; T:0x140027481172032 12:45:41.453 [opensc-pkcs11] reader-pcsc.c:348:pcsc_transmit: 
Outgoing APDU (5 bytes):
01 B0 01 00 00 .....

P:28206; T:0x140027481172032 12:45:41.453 [opensc-pkcs11] reader-pcsc.c:260:pcsc_internal_transmit: called
P:28206; T:0x140027481172032 12:45:41.458 [opensc-pkcs11] reader-pcsc.c:357:pcsc_transmit: 
Incoming APDU (258 bytes):
72 61 20 52 61 69 7A 20 42 72 61 73 69 6C 65 69 ra Raiz Brasilei
72 61 20 76 35 20 65 6D 69 74 69 64 6F 20 70 6F ra v5 emitido po
72 20 41 75 74 6F 72 69 64 61 64 65 20 43 65 72 r Autoridade Cer
74 69 66 69 63 61 64 6F 72 61 20 52 61 69 7A 20 tificadora Raiz 
42 72 61 73 69 6C 65 69 72 61 20 76 35 03 02 06 Brasileira v5...
40 04 01 02 30 16 04 14 4A CA DA B1 4B 74 BF 4F @...0...J...Kt.O
BA 7B AC E6 4B 91 80 1C 44 B8 CC 66 A1 81 B4 30 .{..K...D..f...0
81 B1 30 0F 04 06 3F FF 43 02 13 71 02 01 00 80 ..0...?.C..q....
02 06 A5 A0 81 9A 30 81 97 31 0B 30 09 06 03 55 ......0..1.0...U
04 06 13 02 42 52 31 13 30 11 06 03 55 04 0A 0C ....BR1.0...U...
0A 49 43 50 2D 42 72 61 73 69 6C 31 3D 30 3B 06 .ICP-Brasil1=0;.
03 55 04 0B 0C 34 49 6E 73 74 69 74 75 74 6F 20 .U...4Instituto 
4E 61 63 69 6F 6E 61 6C 20 64 65 20 54 65 63 6E Nacional de Tecn
6F 6C 6F 67 69 61 20 64 61 20 49 6E 66 6F 72 6D ologia da Inform
61 63 61 6F 20 2D 20 49 54 49 31 34 30 32 06 03 acao - ITI1402..
55 04 03 0C 2B 41 75 74 6F 72 69 64 61 64 65 20 U...+Autoridade 
90 00                                           ..

P:28206; T:0x140027481172032 12:45:41.458 [opensc-pkcs11] apdu.c:382:sc_single_transmit: returning with: 0 (Success)
P:28206; T:0x140027481172032 12:45:41.458 [opensc-pkcs11] apdu.c:539:sc_transmit: returning with: 0 (Success)
P:28206; T:0x140027481172032 12:45:41.458 [opensc-pkcs11] card.c:515:sc_unlock: called
P:28206; T:0x140027481172032 12:45:41.458 [opensc-pkcs11] iso7816.c:164:iso7816_read_binary: returning with: 256
P:28206; T:0x140027481172032 12:45:41.458 [opensc-pkcs11] apdu.c:550:sc_transmit_apdu: called
P:28206; T:0x140027481172032 12:45:41.458 [opensc-pkcs11] card.c:466:sc_lock: called
P:28206; T:0x140027481172032 12:45:41.458 [opensc-pkcs11] card.c:505:sc_lock: returning with: 0 (Success)
P:28206; T:0x140027481172032 12:45:41.459 [opensc-pkcs11] apdu.c:515:sc_transmit: called
P:28206; T:0x140027481172032 12:45:41.459 [opensc-pkcs11] apdu.c:363:sc_single_transmit: called
P:28206; T:0x140027481172032 12:45:41.459 [opensc-pkcs11] apdu.c:367:sc_single_transmit: CLA:1, INS:B0, P1:2, P2:0, data(0) (nil)
P:28206; T:0x140027481172032 12:45:41.459 [opensc-pkcs11] reader-pcsc.c:347:pcsc_transmit: reader 'Giesecke & Devrient GmbH StarSign CUT S [.] (03201229036013) 00 00'
P:28206; T:0x140027481172032 12:45:41.459 [opensc-pkcs11] reader-pcsc.c:348:pcsc_transmit: 
Outgoing APDU (5 bytes):
01 B0 02 00 00 .....

P:28206; T:0x140027481172032 12:45:41.459 [opensc-pkcs11] reader-pcsc.c:260:pcsc_internal_transmit: called
P:28206; T:0x140027481172032 12:45:41.464 [opensc-pkcs11] reader-pcsc.c:357:pcsc_transmit: 
Incoming APDU (258 bytes):
43 65 72 74 69 66 69 63 61 64 6F 72 61 20 52 61 Certificadora Ra
69 7A 20 42 72 61 73 69 6C 65 69 72 61 20 76 35 iz Brasileira v5
02 01 01 30 82 01 21 30 50 0C 47 41 43 20 43 65 ...0..!0P.GAC Ce
72 74 69 73 69 67 6E 20 47 37 20 65 6D 69 74 69 rtisign G7 emiti
64 6F 20 70 6F 72 20 41 75 74 6F 72 69 64 61 64 do por Autoridad
65 20 43 65 72 74 69 66 69 63 61 64 6F 72 61 20 e Certificadora 
52 61 69 7A 20 42 72 61 73 69 6C 65 69 72 61 20 Raiz Brasileira 
76 35 03 02 06 40 04 01 02 30 16 04 14 EB 10 46 v5...@...0.....F
EA 19 80 E7 E0 B2 E9 5B 07 29 28 08 5D 17 AD 8E .......[.)(.]...
28 A1 81 B4 30 81 B1 30 0F 04 06 3F FF 43 02 13 (...0..0...?.C..
AE 02 01 00 80 02 06 45 A0 81 9A 30 81 97 31 0B .......E...0..1.
30 09 06 03 55 04 06 13 02 42 52 31 13 30 11 06 0...U....BR1.0..
03 55 04 0A 0C 0A 49 43 50 2D 42 72 61 73 69 6C .U....ICP-Brasil
31 3D 30 3B 06 03 55 04 0B 0C 34 49 6E 73 74 69 1=0;..U...4Insti
74 75 74 6F 20 4E 61 63 69 6F 6E 61 6C 20 64 65 tuto Nacional de
20 54 65 63 6E 6F 6C 6F 67 69 61 20 64 61 20 49  Tecnologia da I
90 00                                           ..

P:28206; T:0x140027481172032 12:45:41.464 [opensc-pkcs11] apdu.c:382:sc_single_transmit: returning with: 0 (Success)
P:28206; T:0x140027481172032 12:45:41.464 [opensc-pkcs11] apdu.c:539:sc_transmit: returning with: 0 (Success)
P:28206; T:0x140027481172032 12:45:41.464 [opensc-pkcs11] card.c:515:sc_unlock: called
P:28206; T:0x140027481172032 12:45:41.464 [opensc-pkcs11] iso7816.c:164:iso7816_read_binary: returning with: 256
P:28206; T:0x140027481172032 12:45:41.464 [opensc-pkcs11] apdu.c:550:sc_transmit_apdu: called
P:28206; T:0x140027481172032 12:45:41.464 [opensc-pkcs11] card.c:466:sc_lock: called
P:28206; T:0x140027481172032 12:45:41.464 [opensc-pkcs11] card.c:505:sc_lock: returning with: 0 (Success)
P:28206; T:0x140027481172032 12:45:41.464 [opensc-pkcs11] apdu.c:515:sc_transmit: called
P:28206; T:0x140027481172032 12:45:41.464 [opensc-pkcs11] apdu.c:363:sc_single_transmit: called
P:28206; T:0x140027481172032 12:45:41.464 [opensc-pkcs11] apdu.c:367:sc_single_transmit: CLA:1, INS:B0, P1:3, P2:0, data(0) (nil)
P:28206; T:0x140027481172032 12:45:41.464 [opensc-pkcs11] reader-pcsc.c:347:pcsc_transmit: reader 'Giesecke & Devrient GmbH StarSign CUT S [.] (03201229036013) 00 00'
P:28206; T:0x140027481172032 12:45:41.464 [opensc-pkcs11] reader-pcsc.c:348:pcsc_transmit: 
Outgoing APDU (5 bytes):
01 B0 03 00 00 .....

P:28206; T:0x140027481172032 12:45:41.464 [opensc-pkcs11] reader-pcsc.c:260:pcsc_internal_transmit: called
P:28206; T:0x140027481172032 12:45:41.469 [opensc-pkcs11] reader-pcsc.c:357:pcsc_transmit: 
Incoming APDU (258 bytes):
6E 66 6F 72 6D 61 63 61 6F 20 2D 20 49 54 49 31 nformacao - ITI1
34 30 32 06 03 55 04 03 0C 2B 41 75 74 6F 72 69 402..U...+Autori
64 61 64 65 20 43 65 72 74 69 66 69 63 61 64 6F dade Certificado
72 61 20 52 61 69 7A 20 42 72 61 73 69 6C 65 69 ra Raiz Brasilei
72 61 20 76 35 02 01 03 30 81 FF 30 33 0C 2A 44 ra v5...0..03.*D
49 45 47 4F 20 52 49 42 45 49 52 4F 20 44 45 20 IEGO RIBEIRO DE 
53 4F 55 5A 41 20 32 30 32 34 2D 31 30 2D 30 39 SOUZA 2024-10-09
20 32 30 3A 32 32 3A 32 35 03 02 06 40 04 01 02  20:22:25...@...
30 2C 04 2A 44 49 45 47 4F 20 52 49 42 45 49 52 0,.*DIEGO RIBEIR
4F 20 44 45 20 53 4F 55 5A 41 20 32 30 32 34 2D O DE SOUZA 2024-
31 30 2D 30 39 20 32 30 3A 32 32 3A 32 35 A1 81 10-09 20:22:25..
99 30 81 96 30 0F 04 06 3F FF 43 02 01 14 02 01 .0..0...?.C.....
00 80 02 07 88 A0 71 30 6F 31 0B 30 09 06 03 55 ......q0o1.0...U
04 06 13 02 42 52 31 13 30 11 06 03 55 04 0A 0C ....BR1.0...U...
0A 49 43 50 2D 42 72 61 73 69 6C 31 37 30 35 06 .ICP-Brasil1705.
03 55 04 0B 0C 2E 4F 52 44 45 4D 20 44 4F 53 20 .U....ORDEM DOS 
90 00                                           ..

P:28206; T:0x140027481172032 12:45:41.469 [opensc-pkcs11] apdu.c:382:sc_single_transmit: returning with: 0 (Success)
P:28206; T:0x140027481172032 12:45:41.469 [opensc-pkcs11] apdu.c:539:sc_transmit: returning with: 0 (Success)
P:28206; T:0x140027481172032 12:45:41.469 [opensc-pkcs11] card.c:515:sc_unlock: called
P:28206; T:0x140027481172032 12:45:41.469 [opensc-pkcs11] iso7816.c:164:iso7816_read_binary: returning with: 256
P:28206; T:0x140027481172032 12:45:41.469 [opensc-pkcs11] apdu.c:550:sc_transmit_apdu: called
P:28206; T:0x140027481172032 12:45:41.469 [opensc-pkcs11] card.c:466:sc_lock: called
P:28206; T:0x140027481172032 12:45:41.469 [opensc-pkcs11] card.c:505:sc_lock: returning with: 0 (Success)
P:28206; T:0x140027481172032 12:45:41.469 [opensc-pkcs11] apdu.c:515:sc_transmit: called
P:28206; T:0x140027481172032 12:45:41.469 [opensc-pkcs11] apdu.c:363:sc_single_transmit: called
P:28206; T:0x140027481172032 12:45:41.469 [opensc-pkcs11] apdu.c:367:sc_single_transmit: CLA:1, INS:B0, P1:4, P2:0, data(0) (nil)
P:28206; T:0x140027481172032 12:45:41.469 [opensc-pkcs11] reader-pcsc.c:347:pcsc_transmit: reader 'Giesecke & Devrient GmbH StarSign CUT S [.] (03201229036013) 00 00'
P:28206; T:0x140027481172032 12:45:41.469 [opensc-pkcs11] reader-pcsc.c:348:pcsc_transmit: 
Outgoing APDU (5 bytes):
01 B0 04 00 00 .....

P:28206; T:0x140027481172032 12:45:41.469 [opensc-pkcs11] reader-pcsc.c:260:pcsc_internal_transmit: called
P:28206; T:0x140027481172032 12:45:41.475 [opensc-pkcs11] reader-pcsc.c:357:pcsc_transmit: 
Incoming APDU (258 bytes):
41 44 56 4F 47 41 44 4F 53 20 44 4F 20 42 52 41 ADVOGADOS DO BRA
53 49 4C 20 43 4F 4E 53 45 4C 48 4F 20 46 45 44 SIL CONSELHO FED
45 52 41 4C 31 12 30 10 06 03 55 04 03 0C 09 41 ERAL1.0...U....A
43 20 4F 41 42 20 47 33 02 10 30 13 5C CB F2 2E C OAB G3..0.\...
8E F3 20 FE DB CD E9 6C 22 9C 00 30 35 06 03 55 .. ....l"..05..U
04 0B 0C 2E 4F 52 44 45 4D 20 44 4F 53 20 41 44 ....ORDEM DOS AD
56 4F 47 41 44 4F 53 20 44 4F 20 42 52 41 53 49 VOGADOS DO BRASI
4C 20 43 4F 4E 53 45 4C 48 4F 20 46 45 44 45 52 L CONSELHO FEDER
41 4C 31 12 30 10 06 03 55 04 03 0C 09 41 43 20 AL1.0...U....AC 
4F 41 42 20 47 33 02 10 30 13 5C CB F2 2E 8E F3 OAB G3..0.\.....
20 FE DB CD E9 6C 22 9C 00 00 00 00 00 00 00 00  ....l".........
00 00 00 00 00 00 00 00 00 00 00 00 00 00 00 00 ................
00 00 00 00 00 00 00 00 00 00 00 00 00 00 00 00 ................
00 00 00 00 00 00 00 00 00 00 00 00 00 00 00 00 ................
00 00 00 00 00 00 00 00 00 00 00 00 00 00 00 00 ................
00 00 00 00 00 00 00 00 00 00 00 00 00 00 00 00 ................
90 00                                           ..

P:28206; T:0x140027481172032 12:45:41.475 [opensc-pkcs11] apdu.c:382:sc_single_transmit: returning with: 0 (Success)
P:28206; T:0x140027481172032 12:45:41.475 [opensc-pkcs11] apdu.c:539:sc_transmit: returning with: 0 (Success)
P:28206; T:0x140027481172032 12:45:41.475 [opensc-pkcs11] card.c:515:sc_unlock: called
P:28206; T:0x140027481172032 12:45:41.475 [opensc-pkcs11] iso7816.c:164:iso7816_read_binary: returning with: 256
P:28206; T:0x140027481172032 12:45:41.475 [opensc-pkcs11] apdu.c:550:sc_transmit_apdu: called
P:28206; T:0x140027481172032 12:45:41.475 [opensc-pkcs11] card.c:466:sc_lock: called
P:28206; T:0x140027481172032 12:45:41.475 [opensc-pkcs11] card.c:505:sc_lock: returning with: 0 (Success)
P:28206; T:0x140027481172032 12:45:41.475 [opensc-pkcs11] apdu.c:515:sc_transmit: called
P:28206; T:0x140027481172032 12:45:41.475 [opensc-pkcs11] apdu.c:363:sc_single_transmit: called
P:28206; T:0x140027481172032 12:45:41.475 [opensc-pkcs11] apdu.c:367:sc_single_transmit: CLA:1, INS:B0, P1:5, P2:0, data(0) (nil)
P:28206; T:0x140027481172032 12:45:41.475 [opensc-pkcs11] reader-pcsc.c:347:pcsc_transmit: reader 'Giesecke & Devrient GmbH StarSign CUT S [.] (03201229036013) 00 00'
P:28206; T:0x140027481172032 12:45:41.475 [opensc-pkcs11] reader-pcsc.c:348:pcsc_transmit: 
Outgoing APDU (5 bytes):
01 B0 05 00 00 .....

P:28206; T:0x140027481172032 12:45:41.475 [opensc-pkcs11] reader-pcsc.c:260:pcsc_internal_transmit: called
P:28206; T:0x140027481172032 12:45:41.480 [opensc-pkcs11] reader-pcsc.c:357:pcsc_transmit: 
Incoming APDU (2 bytes):
6A 86 j.

P:28206; T:0x140027481172032 12:45:41.480 [opensc-pkcs11] apdu.c:382:sc_single_transmit: returning with: 0 (Success)
P:28206; T:0x140027481172032 12:45:41.480 [opensc-pkcs11] apdu.c:539:sc_transmit: returning with: 0 (Success)
P:28206; T:0x140027481172032 12:45:41.480 [opensc-pkcs11] card.c:515:sc_unlock: called
P:28206; T:0x140027481172032 12:45:41.480 [opensc-pkcs11] iso7816.c:128:iso7816_check_sw: Incorrect parameters P1-P2
P:28206; T:0x140027481172032 12:45:41.480 [opensc-pkcs11] iso7816.c:161:iso7816_read_binary: returning with: 0 (Success)
P:28206; T:0x140027481172032 12:45:41.480 [opensc-pkcs11] card.c:515:sc_unlock: called
P:28206; T:0x140027481172032 12:45:41.480 [opensc-pkcs11] card.c:664:sc_read_binary: returning with: 1280
P:28206; T:0x140027481172032 12:45:41.480 [opensc-pkcs11] card.c:515:sc_unlock: called
P:28206; T:0x140027481172032 12:45:41.480 [opensc-pkcs11] reader-pcsc.c:770:pcsc_unlock: called
P:28206; T:0x140027481172032 12:45:41.480 [opensc-pkcs11] pkcs15.c:2639:sc_pkcs15_read_file: returning with: 0 (Success)
P:28206; T:0x140027481172032 12:45:41.480 [opensc-pkcs11] asn1.c:1730:asn1_decode: called, left=1280, depth 0
P:28206; T:0x140027481172032 12:45:41.480 [opensc-pkcs11] asn1.c:1754:asn1_decode: Looking for 'x509Certificate', tag 0x20000010
P:28206; T:0x140027481172032 12:45:41.480 [opensc-pkcs11] asn1.c:1500:asn1_decode_entry: decoding 'x509Certificate', raw data:302E0C254143204F414220473320656D...
P:28206; T:0x140027481172032 12:45:41.480 [opensc-pkcs11] asn1.c:1730:asn1_decode:  called, left=223, depth 1
P:28206; T:0x140027481172032 12:45:41.480 [opensc-pkcs11] asn1.c:1754:asn1_decode: Looking for 'commonObjectAttributes', tag 0x20000010
P:28206; T:0x140027481172032 12:45:41.480 [opensc-pkcs11] asn1.c:1500:asn1_decode_entry:  decoding 'commonObjectAttributes', raw data:0C254143204F414220473320656D6974...
P:28206; T:0x140027481172032 12:45:41.480 [opensc-pkcs11] asn1.c:1730:asn1_decode:   called, left=46, depth 2
P:28206; T:0x140027481172032 12:45:41.480 [opensc-pkcs11] asn1.c:1754:asn1_decode: Looking for 'label', tag 0xc, OPTIONAL
P:28206; T:0x140027481172032 12:45:41.480 [opensc-pkcs11] asn1.c:1500:asn1_decode_entry:   decoding 'label', raw data:4143204F414220473320656D69746964...
P:28206; T:0x140027481172032 12:45:41.480 [opensc-pkcs11] asn1.c:1754:asn1_decode: Looking for 'flags', tag 0x3, OPTIONAL
P:28206; T:0x140027481172032 12:45:41.480 [opensc-pkcs11] asn1.c:1500:asn1_decode_entry:   decoding 'flags', raw data:0640
P:28206; T:0x140027481172032 12:45:41.480 [opensc-pkcs11] asn1.c:1754:asn1_decode: Looking for 'authId', tag 0x4, OPTIONAL
P:28206; T:0x140027481172032 12:45:41.480 [opensc-pkcs11] asn1.c:1500:asn1_decode_entry:   decoding 'authId', raw data:02
P:28206; T:0x140027481172032 12:45:41.480 [opensc-pkcs11] asn1.c:1754:asn1_decode: Looking for 'userConsent', tag 0x2, OPTIONAL
P:28206; T:0x140027481172032 12:45:41.480 [opensc-pkcs11] asn1.c:1775:asn1_decode: 'userConsent' not present
P:28206; T:0x140027481172032 12:45:41.480 [opensc-pkcs11] asn1.c:1754:asn1_decode: Looking for 'accessControlRules', tag 0x20000010, OPTIONAL
P:28206; T:0x140027481172032 12:45:41.480 [opensc-pkcs11] asn1.c:1775:asn1_decode: 'accessControlRules' not present
P:28206; T:0x140027481172032 12:45:41.480 [opensc-pkcs11] asn1.c:1811:asn1_decode: returning with: 0 (Success)
P:28206; T:0x140027481172032 12:45:41.480 [opensc-pkcs11] asn1.c:1754:asn1_decode: Looking for 'classAttributes', tag 0x20000010
P:28206; T:0x140027481172032 12:45:41.480 [opensc-pkcs11] asn1.c:1500:asn1_decode_entry:  decoding 'classAttributes', raw data:04146A3BCF3ABF73E203AE24CF9F02CD...
P:28206; T:0x140027481172032 12:45:41.480 [opensc-pkcs11] asn1.c:1730:asn1_decode:   called, left=22, depth 2
P:28206; T:0x140027481172032 12:45:41.480 [opensc-pkcs11] asn1.c:1754:asn1_decode: Looking for 'iD', tag 0x4
P:28206; T:0x140027481172032 12:45:41.480 [opensc-pkcs11] asn1.c:1500:asn1_decode_entry:   decoding 'iD', raw data:6A3BCF3ABF73E203AE24CF9F02CD30F1...
P:28206; T:0x140027481172032 12:45:41.480 [opensc-pkcs11] asn1.c:1754:asn1_decode: Looking for 'authority', tag 0x1, OPTIONAL
P:28206; T:0x140027481172032 12:45:41.480 [opensc-pkcs11] asn1.c:1775:asn1_decode: 'authority' not present
P:28206; T:0x140027481172032 12:45:41.480 [opensc-pkcs11] asn1.c:1754:asn1_decode: Looking for 'identifier', tag 0x20000010, OPTIONAL
P:28206; T:0x140027481172032 12:45:41.480 [opensc-pkcs11] asn1.c:1775:asn1_decode: 'identifier' not present
P:28206; T:0x140027481172032 12:45:41.480 [opensc-pkcs11] asn1.c:1811:asn1_decode: returning with: 0 (Success)
P:28206; T:0x140027481172032 12:45:41.480 [opensc-pkcs11] asn1.c:1754:asn1_decode: Looking for 'subClassAttributes', tag 0xa0000000, OPTIONAL
P:28206; T:0x140027481172032 12:45:41.480 [opensc-pkcs11] asn1.c:1775:asn1_decode: 'subClassAttributes' not present
P:28206; T:0x140027481172032 12:45:41.480 [opensc-pkcs11] asn1.c:1754:asn1_decode: Looking for 'typeAttributes', tag 0xa0000001
P:28206; T:0x140027481172032 12:45:41.480 [opensc-pkcs11] asn1.c:1500:asn1_decode_entry:  decoding 'typeAttributes', raw data:308191300F04063FFF430205A0020100...
P:28206; T:0x140027481172032 12:45:41.480 [opensc-pkcs11] asn1.c:1730:asn1_decode:   called, left=148, depth 2
P:28206; T:0x140027481172032 12:45:41.480 [opensc-pkcs11] asn1.c:1754:asn1_decode: Looking for 'x509CertificateAttributes', tag 0x20000010
P:28206; T:0x140027481172032 12:45:41.480 [opensc-pkcs11] asn1.c:1500:asn1_decode_entry:   decoding 'x509CertificateAttributes', raw data:300F04063FFF430205A0020100800206...
P:28206; T:0x140027481172032 12:45:41.480 [opensc-pkcs11] asn1.c:1730:asn1_decode:    called, left=145, depth 3
P:28206; T:0x140027481172032 12:45:41.480 [opensc-pkcs11] asn1.c:1754:asn1_decode: Looking for 'value', tag 0x0
P:28206; T:0x140027481172032 12:45:41.480 [opensc-pkcs11] asn1.c:1730:asn1_decode:     called, left=145, depth 4, choice
P:28206; T:0x140027481172032 12:45:41.480 [opensc-pkcs11] asn1.c:1754:asn1_decode: Looking for 'path', tag 0x20000010, CHOICE, OPTIONAL
P:28206; T:0x140027481172032 12:45:41.480 [opensc-pkcs11] asn1.c:1500:asn1_decode_entry:     decoding 'path', raw data:04063FFF430205A0020100800206DE
P:28206; T:0x140027481172032 12:45:41.480 [opensc-pkcs11] asn1.c:1730:asn1_decode:      called, left=15, depth 5
P:28206; T:0x140027481172032 12:45:41.480 [opensc-pkcs11] asn1.c:1754:asn1_decode: Looking for 'path', tag 0x4, OPTIONAL
P:28206; T:0x140027481172032 12:45:41.480 [opensc-pkcs11] asn1.c:1500:asn1_decode_entry:      decoding 'path', raw data:3FFF430205A0
P:28206; T:0x140027481172032 12:45:41.480 [opensc-pkcs11] asn1.c:1754:asn1_decode: Looking for 'index', tag 0x2, OPTIONAL
P:28206; T:0x140027481172032 12:45:41.481 [opensc-pkcs11] asn1.c:1500:asn1_decode_entry:      decoding 'index', raw data:00
P:28206; T:0x140027481172032 12:45:41.481 [opensc-pkcs11] asn1.c:1529:asn1_decode_entry:      decoding 'index' returned 0
P:28206; T:0x140027481172032 12:45:41.481 [opensc-pkcs11] asn1.c:1754:asn1_decode: Looking for 'length', tag 0x80000000, OPTIONAL
P:28206; T:0x140027481172032 12:45:41.481 [opensc-pkcs11] asn1.c:1500:asn1_decode_entry:      decoding 'length', raw data:06DE
P:28206; T:0x140027481172032 12:45:41.481 [opensc-pkcs11] asn1.c:1529:asn1_decode_entry:      decoding 'length' returned 1758
P:28206; T:0x140027481172032 12:45:41.481 [opensc-pkcs11] asn1.c:1754:asn1_decode: Looking for 'pathExtended', tag 0xa0000001, OPTIONAL
P:28206; T:0x140027481172032 12:45:41.481 [opensc-pkcs11] asn1.c:1775:asn1_decode: 'pathExtended' not present
P:28206; T:0x140027481172032 12:45:41.481 [opensc-pkcs11] asn1.c:1811:asn1_decode: returning with: 0 (Success)
P:28206; T:0x140027481172032 12:45:41.481 [opensc-pkcs11] asn1.c:1810:asn1_decode: returning with: 0 (Success)
P:28206; T:0x140027481172032 12:45:41.481 [opensc-pkcs11] asn1.c:1811:asn1_decode: returning with: 0 (Success)
P:28206; T:0x140027481172032 12:45:41.481 [opensc-pkcs11] asn1.c:1811:asn1_decode: returning with: 0 (Success)
P:28206; T:0x140027481172032 12:45:41.481 [opensc-pkcs11] asn1.c:1811:asn1_decode: returning with: 0 (Success)
P:28206; T:0x140027481172032 12:45:41.481 [opensc-pkcs11] asn1.c:1811:asn1_decode: returning with: 0 (Success)
P:28206; T:0x140027481172032 12:45:41.481 [opensc-pkcs11] pkcs15-cert.c:502:sc_pkcs15_decode_cdf_entry: Certificate path '3f0050153fff430205a0'
P:28206; T:0x140027481172032 12:45:41.481 [opensc-pkcs11] asn1.c:1730:asn1_decode: called, left=1054, depth 0
P:28206; T:0x140027481172032 12:45:41.481 [opensc-pkcs11] asn1.c:1754:asn1_decode: Looking for 'x509Certificate', tag 0x20000010
P:28206; T:0x140027481172032 12:45:41.481 [opensc-pkcs11] asn1.c:1500:asn1_decode_entry: decoding 'x509Certificate', raw data:306C0C634175746F7269646164652043...
P:28206; T:0x140027481172032 12:45:41.481 [opensc-pkcs11] asn1.c:1730:asn1_decode:  called, left=317, depth 1
P:28206; T:0x140027481172032 12:45:41.481 [opensc-pkcs11] asn1.c:1754:asn1_decode: Looking for 'commonObjectAttributes', tag 0x20000010
P:28206; T:0x140027481172032 12:45:41.481 [opensc-pkcs11] asn1.c:1500:asn1_decode_entry:  decoding 'commonObjectAttributes', raw data:0C634175746F72696461646520436572...
P:28206; T:0x140027481172032 12:45:41.481 [opensc-pkcs11] asn1.c:1730:asn1_decode:   called, left=108, depth 2
P:28206; T:0x140027481172032 12:45:41.481 [opensc-pkcs11] asn1.c:1754:asn1_decode: Looking for 'label', tag 0xc, OPTIONAL
P:28206; T:0x140027481172032 12:45:41.481 [opensc-pkcs11] asn1.c:1500:asn1_decode_entry:   decoding 'label', raw data:4175746F726964616465204365727469...
P:28206; T:0x140027481172032 12:45:41.481 [opensc-pkcs11] asn1.c:1754:asn1_decode: Looking for 'flags', tag 0x3, OPTIONAL
P:28206; T:0x140027481172032 12:45:41.481 [opensc-pkcs11] asn1.c:1500:asn1_decode_entry:   decoding 'flags', raw data:0640
P:28206; T:0x140027481172032 12:45:41.481 [opensc-pkcs11] asn1.c:1754:asn1_decode: Looking for 'authId', tag 0x4, OPTIONAL
P:28206; T:0x140027481172032 12:45:41.481 [opensc-pkcs11] asn1.c:1500:asn1_decode_entry:   decoding 'authId', raw data:02
P:28206; T:0x140027481172032 12:45:41.481 [opensc-pkcs11] asn1.c:1754:asn1_decode: Looking for 'userConsent', tag 0x2, OPTIONAL
P:28206; T:0x140027481172032 12:45:41.481 [opensc-pkcs11] asn1.c:1775:asn1_decode: 'userConsent' not present
P:28206; T:0x140027481172032 12:45:41.481 [opensc-pkcs11] asn1.c:1754:asn1_decode: Looking for 'accessControlRules', tag 0x20000010, OPTIONAL
P:28206; T:0x140027481172032 12:45:41.481 [opensc-pkcs11] asn1.c:1775:asn1_decode: 'accessControlRules' not present
P:28206; T:0x140027481172032 12:45:41.481 [opensc-pkcs11] asn1.c:1811:asn1_decode: returning with: 0 (Success)
P:28206; T:0x140027481172032 12:45:41.481 [opensc-pkcs11] asn1.c:1754:asn1_decode: Looking for 'classAttributes', tag 0x20000010
P:28206; T:0x140027481172032 12:45:41.481 [opensc-pkcs11] asn1.c:1500:asn1_decode_entry:  decoding 'classAttributes', raw data:04144ACADAB14B74BF4FBA7BACE64B91...
P:28206; T:0x140027481172032 12:45:41.481 [opensc-pkcs11] asn1.c:1730:asn1_decode:   called, left=22, depth 2
P:28206; T:0x140027481172032 12:45:41.481 [opensc-pkcs11] asn1.c:1754:asn1_decode: Looking for 'iD', tag 0x4
P:28206; T:0x140027481172032 12:45:41.481 [opensc-pkcs11] asn1.c:1500:asn1_decode_entry:   decoding 'iD', raw data:4ACADAB14B74BF4FBA7BACE64B91801C...
P:28206; T:0x140027481172032 12:45:41.481 [opensc-pkcs11] asn1.c:1754:asn1_decode: Looking for 'authority', tag 0x1, OPTIONAL
P:28206; T:0x140027481172032 12:45:41.481 [opensc-pkcs11] asn1.c:1775:asn1_decode: 'authority' not present
P:28206; T:0x140027481172032 12:45:41.481 [opensc-pkcs11] asn1.c:1754:asn1_decode: Looking for 'identifier', tag 0x20000010, OPTIONAL
P:28206; T:0x140027481172032 12:45:41.481 [opensc-pkcs11] asn1.c:1775:asn1_decode: 'identifier' not present
P:28206; T:0x140027481172032 12:45:41.481 [opensc-pkcs11] asn1.c:1811:asn1_decode: returning with: 0 (Success)
P:28206; T:0x140027481172032 12:45:41.481 [opensc-pkcs11] asn1.c:1754:asn1_decode: Looking for 'subClassAttributes', tag 0xa0000000, OPTIONAL
P:28206; T:0x140027481172032 12:45:41.481 [opensc-pkcs11] asn1.c:1775:asn1_decode: 'subClassAttributes' not present
P:28206; T:0x140027481172032 12:45:41.481 [opensc-pkcs11] asn1.c:1754:asn1_decode: Looking for 'typeAttributes', tag 0xa0000001
P:28206; T:0x140027481172032 12:45:41.481 [opensc-pkcs11] asn1.c:1500:asn1_decode_entry:  decoding 'typeAttributes', raw data:3081B1300F04063FFF43021371020100...
P:28206; T:0x140027481172032 12:45:41.481 [opensc-pkcs11] asn1.c:1730:asn1_decode:   called, left=180, depth 2
P:28206; T:0x140027481172032 12:45:41.481 [opensc-pkcs11] asn1.c:1754:asn1_decode: Looking for 'x509CertificateAttributes', tag 0x20000010
P:28206; T:0x140027481172032 12:45:41.481 [opensc-pkcs11] asn1.c:1500:asn1_decode_entry:   decoding 'x509CertificateAttributes', raw data:300F04063FFF43021371020100800206...
P:28206; T:0x140027481172032 12:45:41.481 [opensc-pkcs11] asn1.c:1730:asn1_decode:    called, left=177, depth 3
P:28206; T:0x140027481172032 12:45:41.481 [opensc-pkcs11] asn1.c:1754:asn1_decode: Looking for 'value', tag 0x0
P:28206; T:0x140027481172032 12:45:41.481 [opensc-pkcs11] asn1.c:1730:asn1_decode:     called, left=177, depth 4, choice
P:28206; T:0x140027481172032 12:45:41.481 [opensc-pkcs11] asn1.c:1754:asn1_decode: Looking for 'path', tag 0x20000010, CHOICE, OPTIONAL
P:28206; T:0x140027481172032 12:45:41.481 [opensc-pkcs11] asn1.c:1500:asn1_decode_entry:     decoding 'path', raw data:04063FFF43021371020100800206A5
P:28206; T:0x140027481172032 12:45:41.481 [opensc-pkcs11] asn1.c:1730:asn1_decode:      called, left=15, depth 5
P:28206; T:0x140027481172032 12:45:41.481 [opensc-pkcs11] asn1.c:1754:asn1_decode: Looking for 'path', tag 0x4, OPTIONAL
P:28206; T:0x140027481172032 12:45:41.481 [opensc-pkcs11] asn1.c:1500:asn1_decode_entry:      decoding 'path', raw data:3FFF43021371
P:28206; T:0x140027481172032 12:45:41.481 [opensc-pkcs11] asn1.c:1754:asn1_decode: Looking for 'index', tag 0x2, OPTIONAL
P:28206; T:0x140027481172032 12:45:41.481 [opensc-pkcs11] asn1.c:1500:asn1_decode_entry:      decoding 'index', raw data:00
P:28206; T:0x140027481172032 12:45:41.481 [opensc-pkcs11] asn1.c:1529:asn1_decode_entry:      decoding 'index' returned 0
P:28206; T:0x140027481172032 12:45:41.481 [opensc-pkcs11] asn1.c:1754:asn1_decode: Looking for 'length', tag 0x80000000, OPTIONAL
P:28206; T:0x140027481172032 12:45:41.481 [opensc-pkcs11] asn1.c:1500:asn1_decode_entry:      decoding 'length', raw data:06A5
P:28206; T:0x140027481172032 12:45:41.481 [opensc-pkcs11] asn1.c:1529:asn1_decode_entry:      decoding 'length' returned 1701
P:28206; T:0x140027481172032 12:45:41.481 [opensc-pkcs11] asn1.c:1754:asn1_decode: Looking for 'pathExtended', tag 0xa0000001, OPTIONAL
P:28206; T:0x140027481172032 12:45:41.481 [opensc-pkcs11] asn1.c:1775:asn1_decode: 'pathExtended' not present
P:28206; T:0x140027481172032 12:45:41.481 [opensc-pkcs11] asn1.c:1811:asn1_decode: returning with: 0 (Success)
P:28206; T:0x140027481172032 12:45:41.481 [opensc-pkcs11] asn1.c:1810:asn1_decode: returning with: 0 (Success)
P:28206; T:0x140027481172032 12:45:41.481 [opensc-pkcs11] asn1.c:1811:asn1_decode: returning with: 0 (Success)
P:28206; T:0x140027481172032 12:45:41.481 [opensc-pkcs11] asn1.c:1811:asn1_decode: returning with: 0 (Success)
P:28206; T:0x140027481172032 12:45:41.481 [opensc-pkcs11] asn1.c:1811:asn1_decode: returning with: 0 (Success)
P:28206; T:0x140027481172032 12:45:41.481 [opensc-pkcs11] asn1.c:1811:asn1_decode: returning with: 0 (Success)
P:28206; T:0x140027481172032 12:45:41.481 [opensc-pkcs11] pkcs15-cert.c:502:sc_pkcs15_decode_cdf_entry: Certificate path '3f0050153fff43021371'
P:28206; T:0x140027481172032 12:45:41.481 [opensc-pkcs11] asn1.c:1730:asn1_decode: called, left=733, depth 0
P:28206; T:0x140027481172032 12:45:41.481 [opensc-pkcs11] asn1.c:1754:asn1_decode: Looking for 'x509Certificate', tag 0x20000010
P:28206; T:0x140027481172032 12:45:41.482 [opensc-pkcs11] asn1.c:1500:asn1_decode_entry: decoding 'x509Certificate', raw data:30500C4741432043657274697369676E...
P:28206; T:0x140027481172032 12:45:41.482 [opensc-pkcs11] asn1.c:1730:asn1_decode:  called, left=289, depth 1
P:28206; T:0x140027481172032 12:45:41.482 [opensc-pkcs11] asn1.c:1754:asn1_decode: Looking for 'commonObjectAttributes', tag 0x20000010
P:28206; T:0x140027481172032 12:45:41.482 [opensc-pkcs11] asn1.c:1500:asn1_decode_entry:  decoding 'commonObjectAttributes', raw data:0C4741432043657274697369676E2047...
P:28206; T:0x140027481172032 12:45:41.482 [opensc-pkcs11] asn1.c:1730:asn1_decode:   called, left=80, depth 2
P:28206; T:0x140027481172032 12:45:41.482 [opensc-pkcs11] asn1.c:1754:asn1_decode: Looking for 'label', tag 0xc, OPTIONAL
P:28206; T:0x140027481172032 12:45:41.482 [opensc-pkcs11] asn1.c:1500:asn1_decode_entry:   decoding 'label', raw data:41432043657274697369676E20473720...
P:28206; T:0x140027481172032 12:45:41.482 [opensc-pkcs11] asn1.c:1754:asn1_decode: Looking for 'flags', tag 0x3, OPTIONAL
P:28206; T:0x140027481172032 12:45:41.482 [opensc-pkcs11] asn1.c:1500:asn1_decode_entry:   decoding 'flags', raw data:0640
P:28206; T:0x140027481172032 12:45:41.482 [opensc-pkcs11] asn1.c:1754:asn1_decode: Looking for 'authId', tag 0x4, OPTIONAL
P:28206; T:0x140027481172032 12:45:41.482 [opensc-pkcs11] asn1.c:1500:asn1_decode_entry:   decoding 'authId', raw data:02
P:28206; T:0x140027481172032 12:45:41.482 [opensc-pkcs11] asn1.c:1754:asn1_decode: Looking for 'userConsent', tag 0x2, OPTIONAL
P:28206; T:0x140027481172032 12:45:41.482 [opensc-pkcs11] asn1.c:1775:asn1_decode: 'userConsent' not present
P:28206; T:0x140027481172032 12:45:41.482 [opensc-pkcs11] asn1.c:1754:asn1_decode: Looking for 'accessControlRules', tag 0x20000010, OPTIONAL
P:28206; T:0x140027481172032 12:45:41.482 [opensc-pkcs11] asn1.c:1775:asn1_decode: 'accessControlRules' not present
P:28206; T:0x140027481172032 12:45:41.482 [opensc-pkcs11] asn1.c:1811:asn1_decode: returning with: 0 (Success)
P:28206; T:0x140027481172032 12:45:41.482 [opensc-pkcs11] asn1.c:1754:asn1_decode: Looking for 'classAttributes', tag 0x20000010
P:28206; T:0x140027481172032 12:45:41.482 [opensc-pkcs11] asn1.c:1500:asn1_decode_entry:  decoding 'classAttributes', raw data:0414EB1046EA1980E7E0B2E95B072928...
P:28206; T:0x140027481172032 12:45:41.482 [opensc-pkcs11] asn1.c:1730:asn1_decode:   called, left=22, depth 2
P:28206; T:0x140027481172032 12:45:41.482 [opensc-pkcs11] asn1.c:1754:asn1_decode: Looking for 'iD', tag 0x4
P:28206; T:0x140027481172032 12:45:41.482 [opensc-pkcs11] asn1.c:1500:asn1_decode_entry:   decoding 'iD', raw data:EB1046EA1980E7E0B2E95B072928085D...
P:28206; T:0x140027481172032 12:45:41.482 [opensc-pkcs11] asn1.c:1754:asn1_decode: Looking for 'authority', tag 0x1, OPTIONAL
P:28206; T:0x140027481172032 12:45:41.482 [opensc-pkcs11] asn1.c:1775:asn1_decode: 'authority' not present
P:28206; T:0x140027481172032 12:45:41.482 [opensc-pkcs11] asn1.c:1754:asn1_decode: Looking for 'identifier', tag 0x20000010, OPTIONAL
P:28206; T:0x140027481172032 12:45:41.482 [opensc-pkcs11] asn1.c:1775:asn1_decode: 'identifier' not present
P:28206; T:0x140027481172032 12:45:41.482 [opensc-pkcs11] asn1.c:1811:asn1_decode: returning with: 0 (Success)
P:28206; T:0x140027481172032 12:45:41.482 [opensc-pkcs11] asn1.c:1754:asn1_decode: Looking for 'subClassAttributes', tag 0xa0000000, OPTIONAL
P:28206; T:0x140027481172032 12:45:41.482 [opensc-pkcs11] asn1.c:1775:asn1_decode: 'subClassAttributes' not present
P:28206; T:0x140027481172032 12:45:41.482 [opensc-pkcs11] asn1.c:1754:asn1_decode: Looking for 'typeAttributes', tag 0xa0000001
P:28206; T:0x140027481172032 12:45:41.482 [opensc-pkcs11] asn1.c:1500:asn1_decode_entry:  decoding 'typeAttributes', raw data:3081B1300F04063FFF430213AE020100...
P:28206; T:0x140027481172032 12:45:41.482 [opensc-pkcs11] asn1.c:1730:asn1_decode:   called, left=180, depth 2
P:28206; T:0x140027481172032 12:45:41.482 [opensc-pkcs11] asn1.c:1754:asn1_decode: Looking for 'x509CertificateAttributes', tag 0x20000010
P:28206; T:0x140027481172032 12:45:41.482 [opensc-pkcs11] asn1.c:1500:asn1_decode_entry:   decoding 'x509CertificateAttributes', raw data:300F04063FFF430213AE020100800206...
P:28206; T:0x140027481172032 12:45:41.482 [opensc-pkcs11] asn1.c:1730:asn1_decode:    called, left=177, depth 3
P:28206; T:0x140027481172032 12:45:41.482 [opensc-pkcs11] asn1.c:1754:asn1_decode: Looking for 'value', tag 0x0
P:28206; T:0x140027481172032 12:45:41.482 [opensc-pkcs11] asn1.c:1730:asn1_decode:     called, left=177, depth 4, choice
P:28206; T:0x140027481172032 12:45:41.482 [opensc-pkcs11] asn1.c:1754:asn1_decode: Looking for 'path', tag 0x20000010, CHOICE, OPTIONAL
P:28206; T:0x140027481172032 12:45:41.482 [opensc-pkcs11] asn1.c:1500:asn1_decode_entry:     decoding 'path', raw data:04063FFF430213AE02010080020645
P:28206; T:0x140027481172032 12:45:41.482 [opensc-pkcs11] asn1.c:1730:asn1_decode:      called, left=15, depth 5
P:28206; T:0x140027481172032 12:45:41.482 [opensc-pkcs11] asn1.c:1754:asn1_decode: Looking for 'path', tag 0x4, OPTIONAL
P:28206; T:0x140027481172032 12:45:41.482 [opensc-pkcs11] asn1.c:1500:asn1_decode_entry:      decoding 'path', raw data:3FFF430213AE
P:28206; T:0x140027481172032 12:45:41.482 [opensc-pkcs11] asn1.c:1754:asn1_decode: Looking for 'index', tag 0x2, OPTIONAL
P:28206; T:0x140027481172032 12:45:41.482 [opensc-pkcs11] asn1.c:1500:asn1_decode_entry:      decoding 'index', raw data:00
P:28206; T:0x140027481172032 12:45:41.482 [opensc-pkcs11] asn1.c:1529:asn1_decode_entry:      decoding 'index' returned 0
P:28206; T:0x140027481172032 12:45:41.482 [opensc-pkcs11] asn1.c:1754:asn1_decode: Looking for 'length', tag 0x80000000, OPTIONAL
P:28206; T:0x140027481172032 12:45:41.482 [opensc-pkcs11] asn1.c:1500:asn1_decode_entry:      decoding 'length', raw data:0645
P:28206; T:0x140027481172032 12:45:41.482 [opensc-pkcs11] asn1.c:1529:asn1_decode_entry:      decoding 'length' returned 1605
P:28206; T:0x140027481172032 12:45:41.482 [opensc-pkcs11] asn1.c:1754:asn1_decode: Looking for 'pathExtended', tag 0xa0000001, OPTIONAL
P:28206; T:0x140027481172032 12:45:41.482 [opensc-pkcs11] asn1.c:1775:asn1_decode: 'pathExtended' not present
P:28206; T:0x140027481172032 12:45:41.482 [opensc-pkcs11] asn1.c:1811:asn1_decode: returning with: 0 (Success)
P:28206; T:0x140027481172032 12:45:41.482 [opensc-pkcs11] asn1.c:1810:asn1_decode: returning with: 0 (Success)
P:28206; T:0x140027481172032 12:45:41.482 [opensc-pkcs11] asn1.c:1811:asn1_decode: returning with: 0 (Success)
P:28206; T:0x140027481172032 12:45:41.482 [opensc-pkcs11] asn1.c:1811:asn1_decode: returning with: 0 (Success)
P:28206; T:0x140027481172032 12:45:41.482 [opensc-pkcs11] asn1.c:1811:asn1_decode: returning with: 0 (Success)
P:28206; T:0x140027481172032 12:45:41.482 [opensc-pkcs11] asn1.c:1811:asn1_decode: returning with: 0 (Success)
P:28206; T:0x140027481172032 12:45:41.482 [opensc-pkcs11] pkcs15-cert.c:502:sc_pkcs15_decode_cdf_entry: Certificate path '3f0050153fff430213ae'
P:28206; T:0x140027481172032 12:45:41.482 [opensc-pkcs11] asn1.c:1730:asn1_decode: called, left=440, depth 0
P:28206; T:0x140027481172032 12:45:41.482 [opensc-pkcs11] asn1.c:1754:asn1_decode: Looking for 'x509Certificate', tag 0x20000010
P:28206; T:0x140027481172032 12:45:41.482 [opensc-pkcs11] asn1.c:1500:asn1_decode_entry: decoding 'x509Certificate', raw data:30330C2A444945474F20524942454952...
P:28206; T:0x140027481172032 12:45:41.482 [opensc-pkcs11] asn1.c:1730:asn1_decode:  called, left=255, depth 1
P:28206; T:0x140027481172032 12:45:41.482 [opensc-pkcs11] asn1.c:1754:asn1_decode: Looking for 'commonObjectAttributes', tag 0x20000010
P:28206; T:0x140027481172032 12:45:41.482 [opensc-pkcs11] asn1.c:1500:asn1_decode_entry:  decoding 'commonObjectAttributes', raw data:0C2A444945474F205249424549524F20...
P:28206; T:0x140027481172032 12:45:41.482 [opensc-pkcs11] asn1.c:1730:asn1_decode:   called, left=51, depth 2
P:28206; T:0x140027481172032 12:45:41.482 [opensc-pkcs11] asn1.c:1754:asn1_decode: Looking for 'label', tag 0xc, OPTIONAL
P:28206; T:0x140027481172032 12:45:41.482 [opensc-pkcs11] asn1.c:1500:asn1_decode_entry:   decoding 'label', raw data:444945474F205249424549524F204445...
P:28206; T:0x140027481172032 12:45:41.482 [opensc-pkcs11] asn1.c:1754:asn1_decode: Looking for 'flags', tag 0x3, OPTIONAL
P:28206; T:0x140027481172032 12:45:41.482 [opensc-pkcs11] asn1.c:1500:asn1_decode_entry:   decoding 'flags', raw data:0640
P:28206; T:0x140027481172032 12:45:41.482 [opensc-pkcs11] asn1.c:1754:asn1_decode: Looking for 'authId', tag 0x4, OPTIONAL
P:28206; T:0x140027481172032 12:45:41.482 [opensc-pkcs11] asn1.c:1500:asn1_decode_entry:   decoding 'authId', raw data:02
P:28206; T:0x140027481172032 12:45:41.482 [opensc-pkcs11] asn1.c:1754:asn1_decode: Looking for 'userConsent', tag 0x2, OPTIONAL
P:28206; T:0x140027481172032 12:45:41.482 [opensc-pkcs11] asn1.c:1775:asn1_decode: 'userConsent' not present
P:28206; T:0x140027481172032 12:45:41.482 [opensc-pkcs11] asn1.c:1754:asn1_decode: Looking for 'accessControlRules', tag 0x20000010, OPTIONAL
P:28206; T:0x140027481172032 12:45:41.482 [opensc-pkcs11] asn1.c:1775:asn1_decode: 'accessControlRules' not present
P:28206; T:0x140027481172032 12:45:41.482 [opensc-pkcs11] asn1.c:1811:asn1_decode: returning with: 0 (Success)
P:28206; T:0x140027481172032 12:45:41.483 [opensc-pkcs11] asn1.c:1754:asn1_decode: Looking for 'classAttributes', tag 0x20000010
P:28206; T:0x140027481172032 12:45:41.483 [opensc-pkcs11] asn1.c:1500:asn1_decode_entry:  decoding 'classAttributes', raw data:042A444945474F205249424549524F20...
P:28206; T:0x140027481172032 12:45:41.483 [opensc-pkcs11] asn1.c:1730:asn1_decode:   called, left=44, depth 2
P:28206; T:0x140027481172032 12:45:41.483 [opensc-pkcs11] asn1.c:1754:asn1_decode: Looking for 'iD', tag 0x4
P:28206; T:0x140027481172032 12:45:41.483 [opensc-pkcs11] asn1.c:1500:asn1_decode_entry:   decoding 'iD', raw data:444945474F205249424549524F204445...
P:28206; T:0x140027481172032 12:45:41.483 [opensc-pkcs11] asn1.c:1754:asn1_decode: Looking for 'authority', tag 0x1, OPTIONAL
P:28206; T:0x140027481172032 12:45:41.483 [opensc-pkcs11] asn1.c:1775:asn1_decode: 'authority' not present
P:28206; T:0x140027481172032 12:45:41.483 [opensc-pkcs11] asn1.c:1754:asn1_decode: Looking for 'identifier', tag 0x20000010, OPTIONAL
P:28206; T:0x140027481172032 12:45:41.483 [opensc-pkcs11] asn1.c:1775:asn1_decode: 'identifier' not present
P:28206; T:0x140027481172032 12:45:41.483 [opensc-pkcs11] asn1.c:1811:asn1_decode: returning with: 0 (Success)
P:28206; T:0x140027481172032 12:45:41.483 [opensc-pkcs11] asn1.c:1754:asn1_decode: Looking for 'subClassAttributes', tag 0xa0000000, OPTIONAL
P:28206; T:0x140027481172032 12:45:41.483 [opensc-pkcs11] asn1.c:1775:asn1_decode: 'subClassAttributes' not present
P:28206; T:0x140027481172032 12:45:41.483 [opensc-pkcs11] asn1.c:1754:asn1_decode: Looking for 'typeAttributes', tag 0xa0000001
P:28206; T:0x140027481172032 12:45:41.483 [opensc-pkcs11] asn1.c:1500:asn1_decode_entry:  decoding 'typeAttributes', raw data:308196300F04063FFF43020114020100...
P:28206; T:0x140027481172032 12:45:41.483 [opensc-pkcs11] asn1.c:1730:asn1_decode:   called, left=153, depth 2
P:28206; T:0x140027481172032 12:45:41.483 [opensc-pkcs11] asn1.c:1754:asn1_decode: Looking for 'x509CertificateAttributes', tag 0x20000010
P:28206; T:0x140027481172032 12:45:41.483 [opensc-pkcs11] asn1.c:1500:asn1_decode_entry:   decoding 'x509CertificateAttributes', raw data:300F04063FFF43020114020100800207...
P:28206; T:0x140027481172032 12:45:41.483 [opensc-pkcs11] asn1.c:1730:asn1_decode:    called, left=150, depth 3
P:28206; T:0x140027481172032 12:45:41.483 [opensc-pkcs11] asn1.c:1754:asn1_decode: Looking for 'value', tag 0x0
P:28206; T:0x140027481172032 12:45:41.483 [opensc-pkcs11] asn1.c:1730:asn1_decode:     called, left=150, depth 4, choice
P:28206; T:0x140027481172032 12:45:41.483 [opensc-pkcs11] asn1.c:1754:asn1_decode: Looking for 'path', tag 0x20000010, CHOICE, OPTIONAL
P:28206; T:0x140027481172032 12:45:41.483 [opensc-pkcs11] asn1.c:1500:asn1_decode_entry:     decoding 'path', raw data:04063FFF4302011402010080020788
P:28206; T:0x140027481172032 12:45:41.483 [opensc-pkcs11] asn1.c:1730:asn1_decode:      called, left=15, depth 5
P:28206; T:0x140027481172032 12:45:41.483 [opensc-pkcs11] asn1.c:1754:asn1_decode: Looking for 'path', tag 0x4, OPTIONAL
P:28206; T:0x140027481172032 12:45:41.483 [opensc-pkcs11] asn1.c:1500:asn1_decode_entry:      decoding 'path', raw data:3FFF43020114
P:28206; T:0x140027481172032 12:45:41.483 [opensc-pkcs11] asn1.c:1754:asn1_decode: Looking for 'index', tag 0x2, OPTIONAL
P:28206; T:0x140027481172032 12:45:41.483 [opensc-pkcs11] asn1.c:1500:asn1_decode_entry:      decoding 'index', raw data:00
P:28206; T:0x140027481172032 12:45:41.483 [opensc-pkcs11] asn1.c:1529:asn1_decode_entry:      decoding 'index' returned 0
P:28206; T:0x140027481172032 12:45:41.483 [opensc-pkcs11] asn1.c:1754:asn1_decode: Looking for 'length', tag 0x80000000, OPTIONAL
P:28206; T:0x140027481172032 12:45:41.483 [opensc-pkcs11] asn1.c:1500:asn1_decode_entry:      decoding 'length', raw data:0788
P:28206; T:0x140027481172032 12:45:41.483 [opensc-pkcs11] asn1.c:1529:asn1_decode_entry:      decoding 'length' returned 1928
P:28206; T:0x140027481172032 12:45:41.483 [opensc-pkcs11] asn1.c:1754:asn1_decode: Looking for 'pathExtended', tag 0xa0000001, OPTIONAL
P:28206; T:0x140027481172032 12:45:41.483 [opensc-pkcs11] asn1.c:1775:asn1_decode: 'pathExtended' not present
P:28206; T:0x140027481172032 12:45:41.483 [opensc-pkcs11] asn1.c:1811:asn1_decode: returning with: 0 (Success)
P:28206; T:0x140027481172032 12:45:41.483 [opensc-pkcs11] asn1.c:1810:asn1_decode: returning with: 0 (Success)
P:28206; T:0x140027481172032 12:45:41.483 [opensc-pkcs11] asn1.c:1811:asn1_decode: returning with: 0 (Success)
P:28206; T:0x140027481172032 12:45:41.483 [opensc-pkcs11] asn1.c:1811:asn1_decode: returning with: 0 (Success)
P:28206; T:0x140027481172032 12:45:41.483 [opensc-pkcs11] asn1.c:1811:asn1_decode: returning with: 0 (Success)
P:28206; T:0x140027481172032 12:45:41.483 [opensc-pkcs11] asn1.c:1811:asn1_decode: returning with: 0 (Success)
P:28206; T:0x140027481172032 12:45:41.483 [opensc-pkcs11] pkcs15-cert.c:502:sc_pkcs15_decode_cdf_entry: Certificate path '3f0050153fff43020114'
P:28206; T:0x140027481172032 12:45:41.483 [opensc-pkcs11] asn1.c:1730:asn1_decode: called, left=181, depth 0
P:28206; T:0x140027481172032 12:45:41.483 [opensc-pkcs11] asn1.c:1754:asn1_decode: Looking for 'x509Certificate', tag 0x20000010
P:28206; T:0x140027481172032 12:45:41.483 [opensc-pkcs11] asn1.c:1500:asn1_decode_entry: decoding 'x509Certificate', raw data:060355040B0C2E4F5244454D20444F53...
P:28206; T:0x140027481172032 12:45:41.483 [opensc-pkcs11] asn1.c:1730:asn1_decode:  called, left=53, depth 1
P:28206; T:0x140027481172032 12:45:41.483 [opensc-pkcs11] asn1.c:1754:asn1_decode: Looking for 'commonObjectAttributes', tag 0x20000010
P:28206; T:0x140027481172032 12:45:41.483 [opensc-pkcs11] asn1.c:1775:asn1_decode: 'commonObjectAttributes' not present
P:28206; T:0x140027481172032 12:45:41.483 [opensc-pkcs11] asn1.c:1780:asn1_decode: mandatory ASN.1 object 'commonObjectAttributes' not found
P:28206; T:0x140027481172032 12:45:41.483 [opensc-pkcs11] asn1.c:1790:asn1_decode: next tag: 06 03 55 04 0B 0C 2E 4F 52 44 
P:28206; T:0x140027481172032 12:45:41.483 [opensc-pkcs11] asn1.c:1793:asn1_decode: returning with: -1402 (Required ASN.1 object not found)
P:28206; T:0x140027481172032 12:45:41.483 [opensc-pkcs11] asn1.c:1681:asn1_decode_entry: decoding of ASN.1 object 'x509Certificate' failed: Required ASN.1 object not found
P:28206; T:0x140027481172032 12:45:41.483 [opensc-pkcs11] pkcs15-cert.c:489:sc_pkcs15_decode_cdf_entry: ASN.1 decoding failed: -1402 (Required ASN.1 object not found)
P:28206; T:0x140027481172032 12:45:41.483 [opensc-pkcs11] pkcs15.c:2196:sc_pkcs15_parse_df: Required ASN.1 object not found: Error decoding DF entry
P:28206; T:0x140027481172032 12:45:41.483 [opensc-pkcs11] pkcs15.c:2220:sc_pkcs15_parse_df: returning with: -1402 (Required ASN.1 object not found)
P:28206; T:0x140027481172032 12:45:41.483 [opensc-pkcs11] framework-pkcs15.c:903:pkcs15_create_pkcs11_objects: Found 4 certificates
P:28206; T:0x140027481172032 12:45:41.483 [opensc-pkcs11] pkcs15-cert.c:381:sc_pkcs15_read_certificate: called
P:28206; T:0x140027481172032 12:45:41.483 [opensc-pkcs11] pkcs15.c:2485:sc_pkcs15_read_file: called
P:28206; T:0x140027481172032 12:45:41.483 [opensc-pkcs11] pkcs15.c:2486:sc_pkcs15_read_file: path=3f0050153fff430205a0, index=0, count=1758
P:28206; T:0x140027481172032 12:45:41.483 [opensc-pkcs11] card.c:466:sc_lock: called
P:28206; T:0x140027481172032 12:45:41.483 [opensc-pkcs11] reader-pcsc.c:728:pcsc_lock: called
P:28206; T:0x140027481172032 12:45:41.483 [opensc-pkcs11] card.c:505:sc_lock: returning with: 0 (Success)
P:28206; T:0x140027481172032 12:45:41.483 [opensc-pkcs11] card.c:836:sc_select_file: called; type=2, path=3f0050153fff430205a0
P:28206; T:0x140027481172032 12:45:41.483 [opensc-pkcs11] card-starsign.c:135:starsign_select_file: STARSIGN SELECT FILE EXECUTING type=2 len=10
P:28206; T:0x140027481172032 12:45:41.483 [opensc-pkcs11] card-starsign.c:142:starsign_select_file: STARSIGN SELECT FILE: Attempting full path selection from MF
P:28206; T:0x140027481172032 12:45:41.483 [opensc-pkcs11] apdu.c:550:sc_transmit_apdu: called
P:28206; T:0x140027481172032 12:45:41.483 [opensc-pkcs11] card.c:466:sc_lock: called
P:28206; T:0x140027481172032 12:45:41.483 [opensc-pkcs11] card.c:505:sc_lock: returning with: 0 (Success)
P:28206; T:0x140027481172032 12:45:41.484 [opensc-pkcs11] apdu.c:515:sc_transmit: called
P:28206; T:0x140027481172032 12:45:41.484 [opensc-pkcs11] apdu.c:363:sc_single_transmit: called
P:28206; T:0x140027481172032 12:45:41.484 [opensc-pkcs11] apdu.c:367:sc_single_transmit: CLA:1, INS:A4, P1:8, P2:C, data(10) 0x55cd05b499f0
P:28206; T:0x140027481172032 12:45:41.484 [opensc-pkcs11] reader-pcsc.c:347:pcsc_transmit: reader 'Giesecke & Devrient GmbH StarSign CUT S [.] (03201229036013) 00 00'
P:28206; T:0x140027481172032 12:45:41.484 [opensc-pkcs11] reader-pcsc.c:348:pcsc_transmit: 
Outgoing APDU (15 bytes):
01 A4 08 0C 0A 3F 00 50 15 3F FF 43 02 05 A0 .....?.P.?.C...

P:28206; T:0x140027481172032 12:45:41.484 [opensc-pkcs11] reader-pcsc.c:260:pcsc_internal_transmit: called
P:28206; T:0x140027481172032 12:45:41.487 [opensc-pkcs11] reader-pcsc.c:357:pcsc_transmit: 
Incoming APDU (2 bytes):
6A 81 j.

P:28206; T:0x140027481172032 12:45:41.487 [opensc-pkcs11] apdu.c:382:sc_single_transmit: returning with: 0 (Success)
P:28206; T:0x140027481172032 12:45:41.487 [opensc-pkcs11] apdu.c:539:sc_transmit: returning with: 0 (Success)
P:28206; T:0x140027481172032 12:45:41.487 [opensc-pkcs11] card.c:515:sc_unlock: called
P:28206; T:0x140027481172032 12:45:41.487 [opensc-pkcs11] iso7816.c:128:iso7816_check_sw: Function not supported
P:28206; T:0x140027481172032 12:45:41.487 [opensc-pkcs11] card-starsign.c:153:starsign_select_file: STARSIGN SELECT FILE: Full path selection failed (-1208), falling back to component-by-component
P:28206; T:0x140027481172032 12:45:41.487 [opensc-pkcs11] card-starsign.c:171:starsign_select_file: STARSIGN SELECT FILE: IGNORING virtual DF 3FFF
P:28206; T:0x140027481172032 12:45:41.487 [opensc-pkcs11] apdu.c:550:sc_transmit_apdu: called
P:28206; T:0x140027481172032 12:45:41.487 [opensc-pkcs11] card.c:466:sc_lock: called
P:28206; T:0x140027481172032 12:45:41.488 [opensc-pkcs11] card.c:505:sc_lock: returning with: 0 (Success)
P:28206; T:0x140027481172032 12:45:41.488 [opensc-pkcs11] apdu.c:515:sc_transmit: called
P:28206; T:0x140027481172032 12:45:41.488 [opensc-pkcs11] apdu.c:363:sc_single_transmit: called
P:28206; T:0x140027481172032 12:45:41.488 [opensc-pkcs11] apdu.c:367:sc_single_transmit: CLA:1, INS:A4, P1:0, P2:C, data(2) 0x55cd05b499f6
P:28206; T:0x140027481172032 12:45:41.488 [opensc-pkcs11] reader-pcsc.c:347:pcsc_transmit: reader 'Giesecke & Devrient GmbH StarSign CUT S [.] (03201229036013) 00 00'
P:28206; T:0x140027481172032 12:45:41.488 [opensc-pkcs11] reader-pcsc.c:348:pcsc_transmit: 
Outgoing APDU (7 bytes):
01 A4 00 0C 02 43 02 .....C.

P:28206; T:0x140027481172032 12:45:41.488 [opensc-pkcs11] reader-pcsc.c:260:pcsc_internal_transmit: called
P:28206; T:0x140027481172032 12:45:41.495 [opensc-pkcs11] reader-pcsc.c:357:pcsc_transmit: 
Incoming APDU (2 bytes):
90 00 ..

P:28206; T:0x140027481172032 12:45:41.495 [opensc-pkcs11] apdu.c:382:sc_single_transmit: returning with: 0 (Success)
P:28206; T:0x140027481172032 12:45:41.495 [opensc-pkcs11] apdu.c:539:sc_transmit: returning with: 0 (Success)
P:28206; T:0x140027481172032 12:45:41.495 [opensc-pkcs11] card.c:515:sc_unlock: called
P:28206; T:0x140027481172032 12:45:41.495 [opensc-pkcs11] apdu.c:550:sc_transmit_apdu: called
P:28206; T:0x140027481172032 12:45:41.495 [opensc-pkcs11] card.c:466:sc_lock: called
P:28206; T:0x140027481172032 12:45:41.495 [opensc-pkcs11] card.c:505:sc_lock: returning with: 0 (Success)
P:28206; T:0x140027481172032 12:45:41.495 [opensc-pkcs11] apdu.c:515:sc_transmit: called
P:28206; T:0x140027481172032 12:45:41.495 [opensc-pkcs11] apdu.c:363:sc_single_transmit: called
P:28206; T:0x140027481172032 12:45:41.495 [opensc-pkcs11] apdu.c:367:sc_single_transmit: CLA:1, INS:A4, P1:0, P2:C, data(2) 0x55cd05b499f8
P:28206; T:0x140027481172032 12:45:41.495 [opensc-pkcs11] reader-pcsc.c:347:pcsc_transmit: reader 'Giesecke & Devrient GmbH StarSign CUT S [.] (03201229036013) 00 00'
P:28206; T:0x140027481172032 12:45:41.495 [opensc-pkcs11] reader-pcsc.c:348:pcsc_transmit: 
Outgoing APDU (7 bytes):
01 A4 00 0C 02 05 A0 .......

P:28206; T:0x140027481172032 12:45:41.495 [opensc-pkcs11] reader-pcsc.c:260:pcsc_internal_transmit: called
P:28206; T:0x140027481172032 12:45:41.499 [opensc-pkcs11] reader-pcsc.c:357:pcsc_transmit: 
Incoming APDU (2 bytes):
90 00 ..

P:28206; T:0x140027481172032 12:45:41.499 [opensc-pkcs11] apdu.c:382:sc_single_transmit: returning with: 0 (Success)
P:28206; T:0x140027481172032 12:45:41.499 [opensc-pkcs11] apdu.c:539:sc_transmit: returning with: 0 (Success)
P:28206; T:0x140027481172032 12:45:41.499 [opensc-pkcs11] card.c:515:sc_unlock: called
P:28206; T:0x140027481172032 12:45:41.499 [opensc-pkcs11] card.c:871:sc_select_file: returning with: 0 (Success)
P:28206; T:0x140027481172032 12:45:41.499 [opensc-pkcs11] card.c:615:sc_read_binary: called; 1758 bytes at index 0
P:28206; T:0x140027481172032 12:45:41.499 [opensc-pkcs11] card.c:466:sc_lock: called
P:28206; T:0x140027481172032 12:45:41.499 [opensc-pkcs11] card.c:505:sc_lock: returning with: 0 (Success)
P:28206; T:0x140027481172032 12:45:41.499 [opensc-pkcs11] apdu.c:550:sc_transmit_apdu: called
P:28206; T:0x140027481172032 12:45:41.499 [opensc-pkcs11] card.c:466:sc_lock: called
P:28206; T:0x140027481172032 12:45:41.499 [opensc-pkcs11] card.c:505:sc_lock: returning with: 0 (Success)
P:28206; T:0x140027481172032 12:45:41.499 [opensc-pkcs11] apdu.c:515:sc_transmit: called
P:28206; T:0x140027481172032 12:45:41.500 [opensc-pkcs11] apdu.c:363:sc_single_transmit: called
P:28206; T:0x140027481172032 12:45:41.500 [opensc-pkcs11] apdu.c:367:sc_single_transmit: CLA:1, INS:B0, P1:0, P2:0, data(0) (nil)
P:28206; T:0x140027481172032 12:45:41.500 [opensc-pkcs11] reader-pcsc.c:347:pcsc_transmit: reader 'Giesecke & Devrient GmbH StarSign CUT S [.] (03201229036013) 00 00'
P:28206; T:0x140027481172032 12:45:41.500 [opensc-pkcs11] reader-pcsc.c:348:pcsc_transmit: 
Outgoing APDU (5 bytes):
01 B0 00 00 00 .....

P:28206; T:0x140027481172032 12:45:41.500 [opensc-pkcs11] reader-pcsc.c:260:pcsc_internal_transmit: called
P:28206; T:0x140027481172032 12:45:41.504 [opensc-pkcs11] reader-pcsc.c:357:pcsc_transmit: 
Incoming APDU (258 bytes):
30 82 06 DA 30 82 04 C2 A0 03 02 01 02 02 08 75 0...0..........u
18 51 12 E7 86 2B B6 30 0D 06 09 2A 86 48 86 F7 .Q...+.0...*.H..
0D 01 01 0D 05 00 30 72 31 0B 30 09 06 03 55 04 ......0r1.0...U.
06 13 02 42 52 31 13 30 11 06 03 55 04 0A 13 0A ...BR1.0...U....
49 43 50 2D 42 72 61 73 69 6C 31 34 30 32 06 03 ICP-Brasil1402..
55 04 0B 13 2B 41 75 74 6F 72 69 64 61 64 65 20 U...+Autoridade 
43 65 72 74 69 66 69 63 61 64 6F 72 61 20 52 61 Certificadora Ra
69 7A 20 42 72 61 73 69 6C 65 69 72 61 20 76 35 iz Brasileira v5
31 18 30 16 06 03 55 04 03 13 0F 41 43 20 43 65 1.0...U....AC Ce
72 74 69 73 69 67 6E 20 47 37 30 1E 17 0D 31 36 rtisign G70...16
31 31 31 39 30 32 30 30 30 30 5A 17 0D 32 39 30 1119020000Z..290
33 30 31 30 33 30 30 30 30 5A 30 6F 31 0B 30 09 301030000Z0o1.0.
06 03 55 04 06 13 02 42 52 31 13 30 11 06 03 55 ..U....BR1.0...U
04 0A 0C 0A 49 43 50 2D 42 72 61 73 69 6C 31 37 ....ICP-Brasil17
30 35 06 03 55 04 0B 0C 2E 4F 52 44 45 4D 20 44 05..U....ORDEM D
4F 53 20 41 44 56 4F 47 41 44 4F 53 20 44 4F 20 OS ADVOGADOS DO 
90 00                                           ..

P:28206; T:0x140027481172032 12:45:41.505 [opensc-pkcs11] apdu.c:382:sc_single_transmit: returning with: 0 (Success)
P:28206; T:0x140027481172032 12:45:41.505 [opensc-pkcs11] apdu.c:539:sc_transmit: returning with: 0 (Success)
P:28206; T:0x140027481172032 12:45:41.505 [opensc-pkcs11] card.c:515:sc_unlock: called
P:28206; T:0x140027481172032 12:45:41.505 [opensc-pkcs11] iso7816.c:164:iso7816_read_binary: returning with: 256
P:28206; T:0x140027481172032 12:45:41.505 [opensc-pkcs11] apdu.c:550:sc_transmit_apdu: called
P:28206; T:0x140027481172032 12:45:41.505 [opensc-pkcs11] card.c:466:sc_lock: called
P:28206; T:0x140027481172032 12:45:41.505 [opensc-pkcs11] card.c:505:sc_lock: returning with: 0 (Success)
P:28206; T:0x140027481172032 12:45:41.505 [opensc-pkcs11] apdu.c:515:sc_transmit: called
P:28206; T:0x140027481172032 12:45:41.505 [opensc-pkcs11] apdu.c:363:sc_single_transmit: called
P:28206; T:0x140027481172032 12:45:41.505 [opensc-pkcs11] apdu.c:367:sc_single_transmit: CLA:1, INS:B0, P1:1, P2:0, data(0) (nil)
P:28206; T:0x140027481172032 12:45:41.505 [opensc-pkcs11] reader-pcsc.c:347:pcsc_transmit: reader 'Giesecke & Devrient GmbH StarSign CUT S [.] (03201229036013) 00 00'
P:28206; T:0x140027481172032 12:45:41.505 [opensc-pkcs11] reader-pcsc.c:348:pcsc_transmit: 
Outgoing APDU (5 bytes):
01 B0 01 00 00 .....

P:28206; T:0x140027481172032 12:45:41.505 [opensc-pkcs11] reader-pcsc.c:260:pcsc_internal_transmit: called
P:28206; T:0x140027481172032 12:45:41.510 [opensc-pkcs11] reader-pcsc.c:357:pcsc_transmit: 
Incoming APDU (258 bytes):
42 52 41 53 49 4C 20 43 4F 4E 53 45 4C 48 4F 20 BRASIL CONSELHO 
46 45 44 45 52 41 4C 31 12 30 10 06 03 55 04 03 FEDERAL1.0...U..
0C 09 41 43 20 4F 41 42 20 47 33 30 82 02 22 30 ..AC OAB G30.."0
0D 06 09 2A 86 48 86 F7 0D 01 01 01 05 00 03 82 ...*.H..........
02 0F 00 30 82 02 0A 02 82 02 01 00 DB 31 E3 34 ...0.........1.4
68 9E 8C 89 AE 54 88 A5 35 46 37 E3 76 48 74 43 h....T..5F7.vHtC
92 A2 78 94 60 C5 3A 2C 65 F6 54 9B 77 5A 7B 30 ..x.`.:,e.T.wZ{0
B0 AD 92 4B 35 BD CF 0B BC 2E F9 93 86 C4 A0 D2 ...K5...........
55 D7 37 41 32 52 00 91 15 7D EA 9D 4D 30 B0 AA U.7A2R...}..M0..
6C 09 9E 24 6C DE 85 C8 59 1D F6 B7 E5 21 F6 88 l..$l...Y....!..
68 34 0C 88 44 E6 9A F9 60 F3 4B FB 5E B0 33 43 h4..D...`.K.^.3C
44 F8 B3 7A E6 7E BD CE 91 B1 EA 1F ED CD FB E5 D..z.~..........
B2 98 89 66 B6 46 99 BF 6E 04 F4 6A 2A 87 E9 6E ...f.F..n..j*..n
41 09 35 FA 3E 5B 7C 54 B3 B2 D6 60 45 DC 3A 77 A.5.>[|T...`E.:w
9E B9 1D 27 31 4B A7 5E 28 83 14 BB D8 19 81 0D ...'1K.^(.......
0B 29 B9 CF 55 BD 38 05 05 F8 A8 25 D1 9E D4 EA .)..U.8....%....
90 00                                           ..

P:28206; T:0x140027481172032 12:45:41.510 [opensc-pkcs11] apdu.c:382:sc_single_transmit: returning with: 0 (Success)
P:28206; T:0x140027481172032 12:45:41.510 [opensc-pkcs11] apdu.c:539:sc_transmit: returning with: 0 (Success)
P:28206; T:0x140027481172032 12:45:41.510 [opensc-pkcs11] card.c:515:sc_unlock: called
P:28206; T:0x140027481172032 12:45:41.510 [opensc-pkcs11] iso7816.c:164:iso7816_read_binary: returning with: 256
P:28206; T:0x140027481172032 12:45:41.510 [opensc-pkcs11] apdu.c:550:sc_transmit_apdu: called
P:28206; T:0x140027481172032 12:45:41.510 [opensc-pkcs11] card.c:466:sc_lock: called
P:28206; T:0x140027481172032 12:45:41.510 [opensc-pkcs11] card.c:505:sc_lock: returning with: 0 (Success)
P:28206; T:0x140027481172032 12:45:41.510 [opensc-pkcs11] apdu.c:515:sc_transmit: called
P:28206; T:0x140027481172032 12:45:41.510 [opensc-pkcs11] apdu.c:363:sc_single_transmit: called
P:28206; T:0x140027481172032 12:45:41.510 [opensc-pkcs11] apdu.c:367:sc_single_transmit: CLA:1, INS:B0, P1:2, P2:0, data(0) (nil)
P:28206; T:0x140027481172032 12:45:41.510 [opensc-pkcs11] reader-pcsc.c:347:pcsc_transmit: reader 'Giesecke & Devrient GmbH StarSign CUT S [.] (03201229036013) 00 00'
P:28206; T:0x140027481172032 12:45:41.510 [opensc-pkcs11] reader-pcsc.c:348:pcsc_transmit: 
Outgoing APDU (5 bytes):
01 B0 02 00 00 .....

P:28206; T:0x140027481172032 12:45:41.510 [opensc-pkcs11] reader-pcsc.c:260:pcsc_internal_transmit: called
P:28206; T:0x140027481172032 12:45:41.515 [opensc-pkcs11] reader-pcsc.c:357:pcsc_transmit: 
Incoming APDU (258 bytes):
00 59 EA 6B 89 24 88 FF 85 9A 32 8E 2C 02 76 0C .Y.k.$....2.,.v.
93 DE 74 05 59 0A 13 C2 11 FA A7 E5 DD DB 0F 70 ..t.Y..........p
52 BE 85 D1 00 4F C2 1B 90 0C 06 6D 3F 08 BE A5 R....O.....m?...
F4 01 DE EF 36 CB 29 99 2C E9 7C C5 6A 4E 68 84 ....6.).,.|.jNh.
E7 92 D9 C6 26 EB D2 C9 0D F5 62 2A B2 DC 24 34 ....&.....b*..$4
E3 4C 35 A4 36 F1 8C 7A 72 A6 C6 70 E4 C5 9B 9E .L5.6..zr..p....
76 58 D7 E8 30 B6 C4 51 93 78 DE 7A 1F 0C CE AD vX..0..Q.x.z....
B0 08 77 86 58 D2 17 4D 72 5E FB 02 4D D9 E8 FD ..w.X..Mr^..M...
7F 74 71 7D DB 58 CB B2 0D DA 28 5C 86 F9 E1 71 .tq}.X....(\...q
56 B5 CF 6B 66 5D 96 44 5F E9 D1 98 62 69 1A BE V..kf].D_...bi..
16 20 E3 3A 27 37 C9 53 34 11 D5 F4 6C AB C7 70 . .:'7.S4...l..p
EC 05 D9 BE 0E 40 E9 C9 C2 7A E4 83 14 03 FC C5 .....@...z......
3F 36 F7 84 69 FD 1F 30 9F A6 8A 98 CC EC FC F5 ?6..i..0........
6E 62 1E 79 19 91 37 A9 99 3C D9 54 54 18 01 0F nb.y..7..<.TT...
6A 8F 80 96 60 8B A2 51 3A CB A1 C6 0D 34 E6 3B j...`..Q:....4.;
A8 75 5A 48 9A DA 98 F3 9B E3 12 65 79 E5 10 BE .uZH.......ey...
90 00                                           ..

P:28206; T:0x140027481172032 12:45:41.515 [opensc-pkcs11] apdu.c:382:sc_single_transmit: returning with: 0 (Success)
P:28206; T:0x140027481172032 12:45:41.515 [opensc-pkcs11] apdu.c:539:sc_transmit: returning with: 0 (Success)
P:28206; T:0x140027481172032 12:45:41.515 [opensc-pkcs11] card.c:515:sc_unlock: called
P:28206; T:0x140027481172032 12:45:41.515 [opensc-pkcs11] iso7816.c:164:iso7816_read_binary: returning with: 256
P:28206; T:0x140027481172032 12:45:41.515 [opensc-pkcs11] apdu.c:550:sc_transmit_apdu: called
P:28206; T:0x140027481172032 12:45:41.515 [opensc-pkcs11] card.c:466:sc_lock: called
P:28206; T:0x140027481172032 12:45:41.515 [opensc-pkcs11] card.c:505:sc_lock: returning with: 0 (Success)
P:28206; T:0x140027481172032 12:45:41.515 [opensc-pkcs11] apdu.c:515:sc_transmit: called
P:28206; T:0x140027481172032 12:45:41.515 [opensc-pkcs11] apdu.c:363:sc_single_transmit: called
P:28206; T:0x140027481172032 12:45:41.515 [opensc-pkcs11] apdu.c:367:sc_single_transmit: CLA:1, INS:B0, P1:3, P2:0, data(0) (nil)
P:28206; T:0x140027481172032 12:45:41.515 [opensc-pkcs11] reader-pcsc.c:347:pcsc_transmit: reader 'Giesecke & Devrient GmbH StarSign CUT S [.] (03201229036013) 00 00'
P:28206; T:0x140027481172032 12:45:41.515 [opensc-pkcs11] reader-pcsc.c:348:pcsc_transmit: 
Outgoing APDU (5 bytes):
01 B0 03 00 00 .....

P:28206; T:0x140027481172032 12:45:41.515 [opensc-pkcs11] reader-pcsc.c:260:pcsc_internal_transmit: called
P:28206; T:0x140027481172032 12:45:41.520 [opensc-pkcs11] reader-pcsc.c:357:pcsc_transmit: 
Incoming APDU (258 bytes):
80 38 35 6C D1 32 4E FD 47 3B 4A A6 52 8E 97 2C .85l.2N.G;J.R..,
58 1C 4D B8 DC 9F A1 25 6E D8 CC 32 1B A7 57 6B X.M....%n..2..Wk
A0 BA 36 E2 A1 34 8F C9 AE 80 72 3A 80 A9 E1 65 ..6..4....r:...e
E3 5F BA 78 34 A3 1B 50 E8 B5 C6 FC C6 DD E4 65 ._.x4..P.......e
4B 2B FE B7 C4 D2 E1 6B F5 84 54 0D 02 03 01 00 K+.....k..T.....
01 A3 82 01 75 30 82 01 71 30 0F 06 03 55 1D 13 ....u0..q0...U..
01 01 FF 04 05 30 03 01 01 FF 30 1F 06 03 55 1D .....0....0...U.
23 04 18 30 16 80 14 81 82 2F D8 C6 7D 2D 6E F8 #..0...../..}-n.
F9 47 C8 A2 84 D4 19 26 0D DE 08 30 1D 06 03 55 .G.....&...0...U
1D 0E 04 16 04 14 39 F2 78 9E DB D6 B0 9D 05 56 ......9.x......V
68 33 B4 F0 D0 1F 56 BB 07 0A 30 55 06 03 55 1D h3....V...0U..U.
20 04 4E 30 4C 30 4A 06 06 60 4C 01 02 03 1C 30  .N0L0J..`L....0
40 30 3E 06 08 2B 06 01 05 05 07 02 01 16 32 68 @0>..+........2h
74 74 70 3A 2F 2F 69 63 70 2D 62 72 61 73 69 6C ttp://icp-brasil
2E 63 65 72 74 69 73 69 67 6E 2E 63 6F 6D 2E 62 .certisign.com.b
72 2F 72 65 70 6F 73 69 74 6F 72 69 6F 2F 64 70 r/repositorio/dp
90 00                                           ..

P:28206; T:0x140027481172032 12:45:41.520 [opensc-pkcs11] apdu.c:382:sc_single_transmit: returning with: 0 (Success)
P:28206; T:0x140027481172032 12:45:41.520 [opensc-pkcs11] apdu.c:539:sc_transmit: returning with: 0 (Success)
P:28206; T:0x140027481172032 12:45:41.520 [opensc-pkcs11] card.c:515:sc_unlock: called
P:28206; T:0x140027481172032 12:45:41.520 [opensc-pkcs11] iso7816.c:164:iso7816_read_binary: returning with: 256
P:28206; T:0x140027481172032 12:45:41.520 [opensc-pkcs11] apdu.c:550:sc_transmit_apdu: called
P:28206; T:0x140027481172032 12:45:41.520 [opensc-pkcs11] card.c:466:sc_lock: called
P:28206; T:0x140027481172032 12:45:41.520 [opensc-pkcs11] card.c:505:sc_lock: returning with: 0 (Success)
P:28206; T:0x140027481172032 12:45:41.520 [opensc-pkcs11] apdu.c:515:sc_transmit: called
P:28206; T:0x140027481172032 12:45:41.520 [opensc-pkcs11] apdu.c:363:sc_single_transmit: called
P:28206; T:0x140027481172032 12:45:41.520 [opensc-pkcs11] apdu.c:367:sc_single_transmit: CLA:1, INS:B0, P1:4, P2:0, data(0) (nil)
P:28206; T:0x140027481172032 12:45:41.520 [opensc-pkcs11] reader-pcsc.c:347:pcsc_transmit: reader 'Giesecke & Devrient GmbH StarSign CUT S [.] (03201229036013) 00 00'
P:28206; T:0x140027481172032 12:45:41.520 [opensc-pkcs11] reader-pcsc.c:348:pcsc_transmit: 
Outgoing APDU (5 bytes):
01 B0 04 00 00 .....

P:28206; T:0x140027481172032 12:45:41.520 [opensc-pkcs11] reader-pcsc.c:260:pcsc_internal_transmit: called
P:28206; T:0x140027481172032 12:45:41.525 [opensc-pkcs11] reader-pcsc.c:357:pcsc_transmit: 
Incoming APDU (258 bytes):
63 30 81 B6 06 03 55 1D 1F 04 81 AE 30 81 AB 30 c0....U.....0..0
54 A0 52 A0 50 86 4E 68 74 74 70 3A 2F 2F 69 63 T.R.P.Nhttp://ic
70 2D 62 72 61 73 69 6C 2E 63 65 72 74 69 73 69 p-brasil.certisi
67 6E 2E 63 6F 6D 2E 62 72 2F 72 65 70 6F 73 69 gn.com.br/reposi
74 6F 72 69 6F 2F 6C 63 72 2F 41 43 43 65 72 74 torio/lcr/ACCert
69 73 69 67 6E 47 37 2F 4C 61 74 65 73 74 43 52 isignG7/LatestCR
4C 2E 63 72 6C 30 53 A0 51 A0 4F 86 4D 68 74 74 L.crl0S.Q.O.Mhtt
70 3A 2F 2F 69 63 70 2D 62 72 61 73 69 6C 2E 6F p://icp-brasil.o
75 74 72 61 6C 63 72 2E 63 6F 6D 2E 62 72 2F 72 utralcr.com.br/r
65 70 6F 73 69 74 6F 72 69 6F 2F 6C 63 72 2F 41 epositorio/lcr/A
43 43 65 72 74 69 73 69 67 6E 47 37 2F 4C 61 74 CCertisignG7/Lat
65 73 74 43 52 4C 2E 63 72 6C 30 0E 06 03 55 1D estCRL.crl0...U.
0F 01 01 FF 04 04 03 02 01 06 30 0D 06 09 2A 86 ..........0...*.
48 86 F7 0D 01 01 0D 05 00 03 82 02 01 00 11 19 H...............
64 DF 75 02 90 73 65 D7 5B 87 21 2D D4 8B B8 4E d.u..se.[.!-...N
37 30 63 08 29 5E DD 0D 03 93 55 E8 87 0E 92 83 70c.)^....U.....
90 00                                           ..

P:28206; T:0x140027481172032 12:45:41.525 [opensc-pkcs11] apdu.c:382:sc_single_transmit: returning with: 0 (Success)
P:28206; T:0x140027481172032 12:45:41.525 [opensc-pkcs11] apdu.c:539:sc_transmit: returning with: 0 (Success)
P:28206; T:0x140027481172032 12:45:41.525 [opensc-pkcs11] card.c:515:sc_unlock: called
P:28206; T:0x140027481172032 12:45:41.525 [opensc-pkcs11] iso7816.c:164:iso7816_read_binary: returning with: 256
P:28206; T:0x140027481172032 12:45:41.525 [opensc-pkcs11] apdu.c:550:sc_transmit_apdu: called
P:28206; T:0x140027481172032 12:45:41.525 [opensc-pkcs11] card.c:466:sc_lock: called
P:28206; T:0x140027481172032 12:45:41.525 [opensc-pkcs11] card.c:505:sc_lock: returning with: 0 (Success)
P:28206; T:0x140027481172032 12:45:41.525 [opensc-pkcs11] apdu.c:515:sc_transmit: called
P:28206; T:0x140027481172032 12:45:41.525 [opensc-pkcs11] apdu.c:363:sc_single_transmit: called
P:28206; T:0x140027481172032 12:45:41.525 [opensc-pkcs11] apdu.c:367:sc_single_transmit: CLA:1, INS:B0, P1:5, P2:0, data(0) (nil)
P:28206; T:0x140027481172032 12:45:41.525 [opensc-pkcs11] reader-pcsc.c:347:pcsc_transmit: reader 'Giesecke & Devrient GmbH StarSign CUT S [.] (03201229036013) 00 00'
P:28206; T:0x140027481172032 12:45:41.525 [opensc-pkcs11] reader-pcsc.c:348:pcsc_transmit: 
Outgoing APDU (5 bytes):
01 B0 05 00 00 .....

P:28206; T:0x140027481172032 12:45:41.525 [opensc-pkcs11] reader-pcsc.c:260:pcsc_internal_transmit: called
P:28206; T:0x140027481172032 12:45:41.530 [opensc-pkcs11] reader-pcsc.c:357:pcsc_transmit: 
Incoming APDU (258 bytes):
5C 8F 45 18 90 EC AD 33 0A 45 72 19 B1 D0 6D 9E \.E....3.Er...m.
82 5F 87 9C 74 1D 36 D1 EE FD 6A 07 6C 24 89 C9 ._..t.6...j.l$..
3C 77 45 6A D3 91 12 B5 39 5E 7E 4A 6A BD 0F 7A <wEj....9^~Jj..z
E7 4D 7B FF 31 9B 91 7A D0 B6 F7 F5 19 AA 2D F3 .M{.1..z......-.
F1 87 78 79 F7 12 73 AC 6D F3 59 E2 DC 4D 83 49 ..xy..s.m.Y..M.I
89 59 FD 77 7F E7 EA 96 E6 9C 47 29 A2 CC 76 E8 .Y.w......G)..v.
09 62 B4 E9 F6 30 FC 78 63 04 1A D1 CB FC 1D A9 .b...0.xc.......
1C FC B9 B3 F7 1A CA EF 5B 51 01 FC 13 CC 70 ED ........[Q....p.
ED 66 CC 3F 4E 21 52 ED B1 B1 36 3A 7F 09 D6 2F .f.?N!R...6:.../
15 3F 8C B0 44 55 D3 ED 27 A1 58 1A E2 7E 62 5A .?..DU..'.X..~bZ
EB D0 12 74 1C 3C AE 5D 1B 64 9E 54 81 F6 09 3D ...t.<.].d.T...=
83 BC 42 5B B7 17 7E 29 5F DF B0 C8 5B A8 00 F1 ..B[..~)_...[...
35 AA B7 37 BB 8D 9E 50 55 99 CE 09 7B 95 8E 51 5..7...PU...{..Q
97 A2 55 B0 C3 F5 69 18 23 0E 9B 06 5A 20 5B 7F ..U...i.#...Z [.
DB EC 82 48 F1 A1 D7 4A F3 AC B5 21 C9 BD 41 4C ...H...J...!..AL
88 C8 66 E2 19 9D DD F9 D4 4D B3 E1 95 F1 5D 42 ..f......M....]B
90 00                                           ..

P:28206; T:0x140027481172032 12:45:41.530 [opensc-pkcs11] apdu.c:382:sc_single_transmit: returning with: 0 (Success)
P:28206; T:0x140027481172032 12:45:41.530 [opensc-pkcs11] apdu.c:539:sc_transmit: returning with: 0 (Success)
P:28206; T:0x140027481172032 12:45:41.530 [opensc-pkcs11] card.c:515:sc_unlock: called
P:28206; T:0x140027481172032 12:45:41.530 [opensc-pkcs11] iso7816.c:164:iso7816_read_binary: returning with: 256
P:28206; T:0x140027481172032 12:45:41.530 [opensc-pkcs11] apdu.c:550:sc_transmit_apdu: called
P:28206; T:0x140027481172032 12:45:41.530 [opensc-pkcs11] card.c:466:sc_lock: called
P:28206; T:0x140027481172032 12:45:41.530 [opensc-pkcs11] card.c:505:sc_lock: returning with: 0 (Success)
P:28206; T:0x140027481172032 12:45:41.530 [opensc-pkcs11] apdu.c:515:sc_transmit: called
P:28206; T:0x140027481172032 12:45:41.530 [opensc-pkcs11] apdu.c:363:sc_single_transmit: called
P:28206; T:0x140027481172032 12:45:41.530 [opensc-pkcs11] apdu.c:367:sc_single_transmit: CLA:1, INS:B0, P1:6, P2:0, data(0) (nil)
P:28206; T:0x140027481172032 12:45:41.530 [opensc-pkcs11] reader-pcsc.c:347:pcsc_transmit: reader 'Giesecke & Devrient GmbH StarSign CUT S [.] (03201229036013) 00 00'
P:28206; T:0x140027481172032 12:45:41.530 [opensc-pkcs11] reader-pcsc.c:348:pcsc_transmit: 
Outgoing APDU (5 bytes):
01 B0 06 00 DE .....

P:28206; T:0x140027481172032 12:45:41.530 [opensc-pkcs11] reader-pcsc.c:260:pcsc_internal_transmit: called
P:28206; T:0x140027481172032 12:45:41.535 [opensc-pkcs11] reader-pcsc.c:357:pcsc_transmit: 
Incoming APDU (224 bytes):
D8 33 9E 78 A0 6C 1B 48 50 A2 71 D4 33 B1 FF 4F .3.x.l.HP.q.3..O
1D 68 8D 43 09 A6 A1 74 1B B8 72 C0 63 BF AE 31 .h.C...t..r.c..1
3F 48 E2 7E 2E DE 67 DC 5E 28 06 7A 69 E0 D7 A9 ?H.~..g.^(.zi...
6D 59 11 9A 9F 8F 56 82 D2 CD B5 2B 6C D2 F5 3B mY....V....+l..;
88 A0 60 E3 73 38 39 B3 09 48 79 A1 F8 13 1F 5C ..`.s89..Hy....\
49 AB 8D AD 18 9E 61 AE F6 15 2D 31 56 D5 11 77 I.....a...-1V..w
CA B9 18 8C 54 67 DC DB 82 FE C2 DA CA 05 97 F9 ....Tg..........
7C C2 A4 B2 32 31 27 66 F4 58 D1 BA 78 72 B1 75 |...21'f.X..xr.u
A5 C4 7F B7 2D 97 6D 1B DA 45 6E D2 85 A8 35 3F ....-.m..En...5?
05 1F 7C 0C EB 7D 70 77 63 93 01 13 1C 00 E8 51 ..|..}pwc......Q
B5 24 66 D9 48 E4 FD EA 44 38 A0 5C 66 06 43 90 .$f.H...D8.\f.C.
DA E1 F4 FB DB FF 08 12 54 C6 84 F2 C2 56 2F 36 ........T....V/6
5B 9A E6 55 F4 F2 AE 81 75 1E 9F 8A 85 60 06 07 [..U....u....`..
A9 4A E0 74 D7 98 63 4B E8 49 CC 37 AE CB 90 00 .J.t..cK.I.7....

P:28206; T:0x140027481172032 12:45:41.535 [opensc-pkcs11] apdu.c:382:sc_single_transmit: returning with: 0 (Success)
P:28206; T:0x140027481172032 12:45:41.535 [opensc-pkcs11] apdu.c:539:sc_transmit: returning with: 0 (Success)
P:28206; T:0x140027481172032 12:45:41.535 [opensc-pkcs11] card.c:515:sc_unlock: called
P:28206; T:0x140027481172032 12:45:41.535 [opensc-pkcs11] iso7816.c:164:iso7816_read_binary: returning with: 222
P:28206; T:0x140027481172032 12:45:41.535 [opensc-pkcs11] card.c:515:sc_unlock: called
P:28206; T:0x140027481172032 12:45:41.535 [opensc-pkcs11] card.c:664:sc_read_binary: returning with: 1758
P:28206; T:0x140027481172032 12:45:41.535 [opensc-pkcs11] card.c:515:sc_unlock: called
P:28206; T:0x140027481172032 12:45:41.535 [opensc-pkcs11] reader-pcsc.c:770:pcsc_unlock: called
P:28206; T:0x140027481172032 12:45:41.535 [opensc-pkcs11] pkcs15.c:2639:sc_pkcs15_read_file: returning with: 0 (Success)
P:28206; T:0x140027481172032 12:45:41.535 [opensc-pkcs11] pkcs15-cert.c:88:parse_x509_cert: called
P:28206; T:0x140027481172032 12:45:41.535 [opensc-pkcs11] asn1.c:1730:asn1_decode: called, left=1754, depth 0
P:28206; T:0x140027481172032 12:45:41.535 [opensc-pkcs11] asn1.c:1754:asn1_decode: Looking for 'tbsCertificate', tag 0x20000010
P:28206; T:0x140027481172032 12:45:41.535 [opensc-pkcs11] asn1.c:1500:asn1_decode_entry: decoding 'tbsCertificate', raw data:A003020102020875185112E7862BB630...
P:28206; T:0x140027481172032 12:45:41.535 [opensc-pkcs11] asn1.c:1730:asn1_decode:  called, left=1218, depth 1
P:28206; T:0x140027481172032 12:45:41.535 [opensc-pkcs11] asn1.c:1754:asn1_decode: Looking for 'version', tag 0xa0000000, OPTIONAL
P:28206; T:0x140027481172032 12:45:41.535 [opensc-pkcs11] asn1.c:1500:asn1_decode_entry:  decoding 'version', raw data:020102
P:28206; T:0x140027481172032 12:45:41.535 [opensc-pkcs11] asn1.c:1730:asn1_decode:   called, left=3, depth 2
P:28206; T:0x140027481172032 12:45:41.535 [opensc-pkcs11] asn1.c:1754:asn1_decode: Looking for 'version', tag 0x2
P:28206; T:0x140027481172032 12:45:41.535 [opensc-pkcs11] asn1.c:1500:asn1_decode_entry:   decoding 'version', raw data:02
P:28206; T:0x140027481172032 12:45:41.535 [opensc-pkcs11] asn1.c:1529:asn1_decode_entry:   decoding 'version' returned 2
P:28206; T:0x140027481172032 12:45:41.535 [opensc-pkcs11] asn1.c:1811:asn1_decode: returning with: 0 (Success)
P:28206; T:0x140027481172032 12:45:41.535 [opensc-pkcs11] asn1.c:1754:asn1_decode: Looking for 'serialNumber', tag 0x2
P:28206; T:0x140027481172032 12:45:41.535 [opensc-pkcs11] asn1.c:1500:asn1_decode_entry:  decoding 'serialNumber', raw data:75185112E7862BB6
P:28206; T:0x140027481172032 12:45:41.535 [opensc-pkcs11] asn1.c:1754:asn1_decode: Looking for 'signature', tag 0x20000010
P:28206; T:0x140027481172032 12:45:41.535 [opensc-pkcs11] asn1.c:1500:asn1_decode_entry:  decoding 'signature', raw data:06092A864886F70D01010D0500
P:28206; T:0x140027481172032 12:45:41.535 [opensc-pkcs11] asn1.c:1754:asn1_decode: Looking for 'issuer', tag 0x20000010
P:28206; T:0x140027481172032 12:45:41.535 [opensc-pkcs11] asn1.c:1500:asn1_decode_entry:  decoding 'issuer', raw data:310B3009060355040613024252311330...
P:28206; T:0x140027481172032 12:45:41.535 [opensc-pkcs11] asn1.c:1754:asn1_decode: Looking for 'validity', tag 0x20000010
P:28206; T:0x140027481172032 12:45:41.535 [opensc-pkcs11] asn1.c:1500:asn1_decode_entry:  decoding 'validity', raw data:170D3136313131393032303030305A17...
P:28206; T:0x140027481172032 12:45:41.535 [opensc-pkcs11] asn1.c:1754:asn1_decode: Looking for 'subject', tag 0x20000010
P:28206; T:0x140027481172032 12:45:41.535 [opensc-pkcs11] asn1.c:1500:asn1_decode_entry:  decoding 'subject', raw data:310B3009060355040613024252311330...
P:28206; T:0x140027481172032 12:45:41.535 [opensc-pkcs11] asn1.c:1754:asn1_decode: Looking for 'subjectPublicKeyInfo', tag 0x20000010
P:28206; T:0x140027481172032 12:45:41.535 [opensc-pkcs11] asn1.c:1500:asn1_decode_entry:  decoding 'subjectPublicKeyInfo', raw data:300D06092A864886F70D010101050003...
P:28206; T:0x140027481172032 12:45:41.535 [opensc-pkcs11] pkcs15-pubkey.c:1335:sc_pkcs15_pubkey_from_spki_fields: sc_pkcs15_pubkey_from_spki_fields() called: 0x55cd05b4c09f:546
300D06092A864886F70D010101050003 82020F003082020A0282020100DB31E3 34689E8C89AE5488A5354637E3764874
4392A2789460C53A2C65F6549B775A7B 30B0AD924B35BDCF0BBC2EF99386C4A0 D255D7374132520091157DEA9D4D30B0
AA6C099E246CDE85C8591DF6B7E521F6 8868340C8844E69AF960F34BFB5EB033 4344F8B37AE67EBDCE91B1EA1FEDCDFB
E5B2988966B64699BF6E04F46A2A87E9 6E410935FA3E5B7C54B3B2D66045DC3A 779EB91D27314BA75E288314BBD81981
0D0B29B9CF55BD380505F8A825D19ED4 EA0059EA6B892488FF859A328E2C0276 0C93DE7405590A13C211FAA7E5DDDB0F
7052BE85D1004FC21B900C066D3F08BE A5F401DEEF36CB29992CE97CC56A4E68 84E792D9C626EBD2C90DF5622AB2DC24
34E34C35A436F18C7A72A6C670E4C59B 9E7658D7E830B6C4519378DE7A1F0CCE ADB008778658D2174D725EFB024DD9E8
FD7F74717DDB58CBB20DDA285C86F9E1 7156B5CF6B665D96445FE9D19862691A BE1620E33A2737C9533411D5F46CABC7
70EC05D9BE0E40E9C9C27AE4831403FC C53F36F78469FD1F309FA68A98CCECFC F56E621E79199137A9993CD954541801
0F6A8F8096608BA2513ACBA1C60D34E6 3BA8755A489ADA98F39BE3126579E510 BE8038356CD1324EFD473B4AA6528E97
2C581C4DB8DC9FA1256ED8CC321BA757 6BA0BA36E2A1348FC9AE80723A80A9E1 65E35FBA7834A31B50E8B5C6FCC6DDE4
654B2BFEB7C4D2E16BF584540D020301 0001
P:28206; T:0x140027481172032 12:45:41.535 [opensc-pkcs11] asn1.c:1730:asn1_decode: called, left=546, depth 0
P:28206; T:0x140027481172032 12:45:41.536 [opensc-pkcs11] asn1.c:1754:asn1_decode: Looking for 'algorithm', tag 0x20000010
P:28206; T:0x140027481172032 12:45:41.536 [opensc-pkcs11] asn1.c:1500:asn1_decode_entry: decoding 'algorithm', raw data:06092A864886F70D0101010500
P:28206; T:0x140027481172032 12:45:41.536 [opensc-pkcs11] pkcs15-algo.c:515:sc_asn1_decode_algorithm_id: called
P:28206; T:0x140027481172032 12:45:41.536 [opensc-pkcs11] asn1.c:1730:asn1_decode:  called, left=13, depth 1
P:28206; T:0x140027481172032 12:45:41.536 [opensc-pkcs11] asn1.c:1754:asn1_decode: Looking for 'algorithm', tag 0x6
P:28206; T:0x140027481172032 12:45:41.536 [opensc-pkcs11] asn1.c:1500:asn1_decode_entry:  decoding 'algorithm', raw data:2A864886F70D010101
P:28206; T:0x140027481172032 12:45:41.536 [opensc-pkcs11] asn1.c:1754:asn1_decode: Looking for 'nullParam', tag 0x5, OPTIONAL
P:28206; T:0x140027481172032 12:45:41.536 [opensc-pkcs11] asn1.c:1500:asn1_decode_entry:  decoding 'nullParam', raw data:
P:28206; T:0x140027481172032 12:45:41.536 [opensc-pkcs11] asn1.c:1811:asn1_decode: returning with: 0 (Success)
P:28206; T:0x140027481172032 12:45:41.536 [opensc-pkcs11] pkcs15-algo.c:523:sc_asn1_decode_algorithm_id: decoded OID '1.2.840.113549.1.1.1'
P:28206; T:0x140027481172032 12:45:41.536 [opensc-pkcs11] pkcs15-algo.c:540:sc_asn1_decode_algorithm_id: returning with: 0 (Success)
P:28206; T:0x140027481172032 12:45:41.536 [opensc-pkcs11] asn1.c:1754:asn1_decode: Looking for 'subjectPublicKey', tag 0x3
P:28206; T:0x140027481172032 12:45:41.536 [opensc-pkcs11] asn1.c:1500:asn1_decode_entry: decoding 'subjectPublicKey', raw data:003082020A0282020100DB31E334689E...
P:28206; T:0x140027481172032 12:45:41.536 [opensc-pkcs11] asn1.c:1811:asn1_decode: returning with: 0 (Success)
P:28206; T:0x140027481172032 12:45:41.536 [opensc-pkcs11] pkcs15-pubkey.c:1380:sc_pkcs15_pubkey_from_spki_fields: DEE pk_alg.algorithm=0
P:28206; T:0x140027481172032 12:45:41.536 [opensc-pkcs11] pkcs15-pubkey.c:568:sc_pkcs15_decode_pubkey_rsa: called
P:28206; T:0x140027481172032 12:45:41.536 [opensc-pkcs11] asn1.c:1730:asn1_decode: called, left=526, depth 0
P:28206; T:0x140027481172032 12:45:41.536 [opensc-pkcs11] asn1.c:1754:asn1_decode: Looking for 'publicKeyCoefficients', tag 0x20000010
P:28206; T:0x140027481172032 12:45:41.536 [opensc-pkcs11] asn1.c:1500:asn1_decode_entry: decoding 'publicKeyCoefficients', raw data:0282020100DB31E334689E8C89AE5488...
P:28206; T:0x140027481172032 12:45:41.536 [opensc-pkcs11] asn1.c:1730:asn1_decode:  called, left=522, depth 1
P:28206; T:0x140027481172032 12:45:41.536 [opensc-pkcs11] asn1.c:1754:asn1_decode: Looking for 'modulus', tag 0x2
P:28206; T:0x140027481172032 12:45:41.536 [opensc-pkcs11] asn1.c:1500:asn1_decode_entry:  decoding 'modulus', raw data:00DB31E334689E8C89AE5488A5354637...
P:28206; T:0x140027481172032 12:45:41.536 [opensc-pkcs11] asn1.c:1754:asn1_decode: Looking for 'exponent', tag 0x2
P:28206; T:0x140027481172032 12:45:41.536 [opensc-pkcs11] asn1.c:1500:asn1_decode_entry:  decoding 'exponent', raw data:010001
P:28206; T:0x140027481172032 12:45:41.536 [opensc-pkcs11] asn1.c:1811:asn1_decode: returning with: 0 (Success)
P:28206; T:0x140027481172032 12:45:41.536 [opensc-pkcs11] asn1.c:1811:asn1_decode: returning with: 0 (Success)
P:28206; T:0x140027481172032 12:45:41.536 [opensc-pkcs11] pkcs15-pubkey.c:579:sc_pkcs15_decode_pubkey_rsa: returning with: 0 (Success)
P:28206; T:0x140027481172032 12:45:41.536 [opensc-pkcs11] pkcs15-pubkey.c:1450:sc_pkcs15_pubkey_from_spki_fields: returning with: 0 (Success)
P:28206; T:0x140027481172032 12:45:41.536 [opensc-pkcs11] asn1.c:1754:asn1_decode: Looking for 'extensions', tag 0xa0000003, OPTIONAL
P:28206; T:0x140027481172032 12:45:41.536 [opensc-pkcs11] asn1.c:1500:asn1_decode_entry:  decoding 'extensions', raw data:30820171300F0603551D130101FF0405...
P:28206; T:0x140027481172032 12:45:41.536 [opensc-pkcs11] asn1.c:1730:asn1_decode:   called, left=373, depth 2
P:28206; T:0x140027481172032 12:45:41.536 [opensc-pkcs11] asn1.c:1754:asn1_decode: Looking for 'x509v3', tag 0x20000010, OPTIONAL
P:28206; T:0x140027481172032 12:45:41.536 [opensc-pkcs11] asn1.c:1500:asn1_decode_entry:   decoding 'x509v3', raw data:300F0603551D130101FF040530030101...
P:28206; T:0x140027481172032 12:45:41.536 [opensc-pkcs11] asn1.c:1811:asn1_decode: returning with: 0 (Success)
P:28206; T:0x140027481172032 12:45:41.536 [opensc-pkcs11] asn1.c:1811:asn1_decode: returning with: 0 (Success)
P:28206; T:0x140027481172032 12:45:41.536 [opensc-pkcs11] asn1.c:1754:asn1_decode: Looking for 'signatureAlgorithm', tag 0x20000010
P:28206; T:0x140027481172032 12:45:41.536 [opensc-pkcs11] asn1.c:1500:asn1_decode_entry: decoding 'signatureAlgorithm', raw data:06092A864886F70D01010D0500
P:28206; T:0x140027481172032 12:45:41.536 [opensc-pkcs11] pkcs15-algo.c:515:sc_asn1_decode_algorithm_id: called
P:28206; T:0x140027481172032 12:45:41.536 [opensc-pkcs11] asn1.c:1730:asn1_decode:  called, left=13, depth 1
P:28206; T:0x140027481172032 12:45:41.536 [opensc-pkcs11] asn1.c:1754:asn1_decode: Looking for 'algorithm', tag 0x6
P:28206; T:0x140027481172032 12:45:41.536 [opensc-pkcs11] asn1.c:1500:asn1_decode_entry:  decoding 'algorithm', raw data:2A864886F70D01010D
P:28206; T:0x140027481172032 12:45:41.536 [opensc-pkcs11] asn1.c:1754:asn1_decode: Looking for 'nullParam', tag 0x5, OPTIONAL
P:28206; T:0x140027481172032 12:45:41.536 [opensc-pkcs11] asn1.c:1500:asn1_decode_entry:  decoding 'nullParam', raw data:
P:28206; T:0x140027481172032 12:45:41.536 [opensc-pkcs11] asn1.c:1811:asn1_decode: returning with: 0 (Success)
P:28206; T:0x140027481172032 12:45:41.536 [opensc-pkcs11] pkcs15-algo.c:523:sc_asn1_decode_algorithm_id: decoded OID '1.2.840.113549.1.1.13'
P:28206; T:0x140027481172032 12:45:41.536 [opensc-pkcs11] pkcs15-algo.c:540:sc_asn1_decode_algorithm_id: returning with: 0 (Success)
P:28206; T:0x140027481172032 12:45:41.536 [opensc-pkcs11] asn1.c:1754:asn1_decode: Looking for 'signatureValue', tag 0x3
P:28206; T:0x140027481172032 12:45:41.536 [opensc-pkcs11] asn1.c:1500:asn1_decode_entry: decoding 'signatureValue', raw data:00111964DF7502907365D75B87212DD4...
P:28206; T:0x140027481172032 12:45:41.536 [opensc-pkcs11] asn1.c:1811:asn1_decode: returning with: 0 (Success)
P:28206; T:0x140027481172032 12:45:41.536 [opensc-pkcs11] asn1.c:1839:asn1_encode_entry: encoding 'serialNumber'
P:28206; T:0x140027481172032 12:45:41.536 [opensc-pkcs11] asn1.c:1844:asn1_encode_entry: type=4, tag=0x02, parm=0x55cd05b46760, len=8
P:28206; T:0x140027481172032 12:45:41.536 [opensc-pkcs11] asn1.c:2037:asn1_encode_entry: length of encoded item=10
P:28206; T:0x140027481172032 12:45:41.536 [opensc-pkcs11] asn1.c:1839:asn1_encode_entry: encoding 'subject'
P:28206; T:0x140027481172032 12:45:41.536 [opensc-pkcs11] asn1.c:1844:asn1_encode_entry: type=4, tag=0x20000010, parm=0x55cd05b1bbf0, len=111
P:28206; T:0x140027481172032 12:45:41.536 [opensc-pkcs11] asn1.c:2037:asn1_encode_entry: length of encoded item=113
P:28206; T:0x140027481172032 12:45:41.536 [opensc-pkcs11] asn1.c:1839:asn1_encode_entry: encoding 'issuer'
P:28206; T:0x140027481172032 12:45:41.536 [opensc-pkcs11] asn1.c:1844:asn1_encode_entry: type=4, tag=0x20000010, parm=0x55cd05b46e80, len=114
P:28206; T:0x140027481172032 12:45:41.536 [opensc-pkcs11] asn1.c:2037:asn1_encode_entry: length of encoded item=116
P:28206; T:0x140027481172032 12:45:41.536 [opensc-pkcs11] pkcs15-cert.c:137:parse_x509_cert: returning with: 0 (Success)
P:28206; T:0x140027481172032 12:45:41.536 [opensc-pkcs11] pkcs15-cert.c:408:sc_pkcs15_read_certificate: returning with: 0 (Success)
P:28206; T:0x140027481172032 12:45:41.536 [opensc-pkcs11] pkcs15-cert.c:88:parse_x509_cert: called
P:28206; T:0x140027481172032 12:45:41.536 [opensc-pkcs11] asn1.c:1730:asn1_decode: called, left=1754, depth 0
P:28206; T:0x140027481172032 12:45:41.536 [opensc-pkcs11] asn1.c:1754:asn1_decode: Looking for 'tbsCertificate', tag 0x20000010
P:28206; T:0x140027481172032 12:45:41.536 [opensc-pkcs11] asn1.c:1500:asn1_decode_entry: decoding 'tbsCertificate', raw data:A003020102020875185112E7862BB630...
P:28206; T:0x140027481172032 12:45:41.536 [opensc-pkcs11] asn1.c:1730:asn1_decode:  called, left=1218, depth 1
P:28206; T:0x140027481172032 12:45:41.537 [opensc-pkcs11] asn1.c:1754:asn1_decode: Looking for 'version', tag 0xa0000000, OPTIONAL
P:28206; T:0x140027481172032 12:45:41.537 [opensc-pkcs11] asn1.c:1500:asn1_decode_entry:  decoding 'version', raw data:020102
P:28206; T:0x140027481172032 12:45:41.537 [opensc-pkcs11] asn1.c:1730:asn1_decode:   called, left=3, depth 2
P:28206; T:0x140027481172032 12:45:41.537 [opensc-pkcs11] asn1.c:1754:asn1_decode: Looking for 'version', tag 0x2
P:28206; T:0x140027481172032 12:45:41.537 [opensc-pkcs11] asn1.c:1500:asn1_decode_entry:   decoding 'version', raw data:02
P:28206; T:0x140027481172032 12:45:41.537 [opensc-pkcs11] asn1.c:1529:asn1_decode_entry:   decoding 'version' returned 2
P:28206; T:0x140027481172032 12:45:41.537 [opensc-pkcs11] asn1.c:1811:asn1_decode: returning with: 0 (Success)
P:28206; T:0x140027481172032 12:45:41.537 [opensc-pkcs11] asn1.c:1754:asn1_decode: Looking for 'serialNumber', tag 0x2
P:28206; T:0x140027481172032 12:45:41.537 [opensc-pkcs11] asn1.c:1500:asn1_decode_entry:  decoding 'serialNumber', raw data:75185112E7862BB6
P:28206; T:0x140027481172032 12:45:41.537 [opensc-pkcs11] asn1.c:1754:asn1_decode: Looking for 'signature', tag 0x20000010
P:28206; T:0x140027481172032 12:45:41.537 [opensc-pkcs11] asn1.c:1500:asn1_decode_entry:  decoding 'signature', raw data:06092A864886F70D01010D0500
P:28206; T:0x140027481172032 12:45:41.537 [opensc-pkcs11] asn1.c:1754:asn1_decode: Looking for 'issuer', tag 0x20000010
P:28206; T:0x140027481172032 12:45:41.537 [opensc-pkcs11] asn1.c:1500:asn1_decode_entry:  decoding 'issuer', raw data:310B3009060355040613024252311330...
P:28206; T:0x140027481172032 12:45:41.537 [opensc-pkcs11] asn1.c:1754:asn1_decode: Looking for 'validity', tag 0x20000010
P:28206; T:0x140027481172032 12:45:41.537 [opensc-pkcs11] asn1.c:1500:asn1_decode_entry:  decoding 'validity', raw data:170D3136313131393032303030305A17...
P:28206; T:0x140027481172032 12:45:41.537 [opensc-pkcs11] asn1.c:1754:asn1_decode: Looking for 'subject', tag 0x20000010
P:28206; T:0x140027481172032 12:45:41.537 [opensc-pkcs11] asn1.c:1500:asn1_decode_entry:  decoding 'subject', raw data:310B3009060355040613024252311330...
P:28206; T:0x140027481172032 12:45:41.537 [opensc-pkcs11] asn1.c:1754:asn1_decode: Looking for 'subjectPublicKeyInfo', tag 0x20000010
P:28206; T:0x140027481172032 12:45:41.537 [opensc-pkcs11] asn1.c:1500:asn1_decode_entry:  decoding 'subjectPublicKeyInfo', raw data:300D06092A864886F70D010101050003...
P:28206; T:0x140027481172032 12:45:41.537 [opensc-pkcs11] pkcs15-pubkey.c:1335:sc_pkcs15_pubkey_from_spki_fields: sc_pkcs15_pubkey_from_spki_fields() called: 0x55cd05b4c78f:546
300D06092A864886F70D010101050003 82020F003082020A0282020100DB31E3 34689E8C89AE5488A5354637E3764874
4392A2789460C53A2C65F6549B775A7B 30B0AD924B35BDCF0BBC2EF99386C4A0 D255D7374132520091157DEA9D4D30B0
AA6C099E246CDE85C8591DF6B7E521F6 8868340C8844E69AF960F34BFB5EB033 4344F8B37AE67EBDCE91B1EA1FEDCDFB
E5B2988966B64699BF6E04F46A2A87E9 6E410935FA3E5B7C54B3B2D66045DC3A 779EB91D27314BA75E288314BBD81981
0D0B29B9CF55BD380505F8A825D19ED4 EA0059EA6B892488FF859A328E2C0276 0C93DE7405590A13C211FAA7E5DDDB0F
7052BE85D1004FC21B900C066D3F08BE A5F401DEEF36CB29992CE97CC56A4E68 84E792D9C626EBD2C90DF5622AB2DC24
34E34C35A436F18C7A72A6C670E4C59B 9E7658D7E830B6C4519378DE7A1F0CCE ADB008778658D2174D725EFB024DD9E8
FD7F74717DDB58CBB20DDA285C86F9E1 7156B5CF6B665D96445FE9D19862691A BE1620E33A2737C9533411D5F46CABC7
70EC05D9BE0E40E9C9C27AE4831403FC C53F36F78469FD1F309FA68A98CCECFC F56E621E79199137A9993CD954541801
0F6A8F8096608BA2513ACBA1C60D34E6 3BA8755A489ADA98F39BE3126579E510 BE8038356CD1324EFD473B4AA6528E97
2C581C4DB8DC9FA1256ED8CC321BA757 6BA0BA36E2A1348FC9AE80723A80A9E1 65E35FBA7834A31B50E8B5C6FCC6DDE4
654B2BFEB7C4D2E16BF584540D020301 0001
P:28206; T:0x140027481172032 12:45:41.537 [opensc-pkcs11] asn1.c:1730:asn1_decode: called, left=546, depth 0
P:28206; T:0x140027481172032 12:45:41.537 [opensc-pkcs11] asn1.c:1754:asn1_decode: Looking for 'algorithm', tag 0x20000010
P:28206; T:0x140027481172032 12:45:41.537 [opensc-pkcs11] asn1.c:1500:asn1_decode_entry: decoding 'algorithm', raw data:06092A864886F70D0101010500
P:28206; T:0x140027481172032 12:45:41.537 [opensc-pkcs11] pkcs15-algo.c:515:sc_asn1_decode_algorithm_id: called
P:28206; T:0x140027481172032 12:45:41.537 [opensc-pkcs11] asn1.c:1730:asn1_decode:  called, left=13, depth 1
P:28206; T:0x140027481172032 12:45:41.537 [opensc-pkcs11] asn1.c:1754:asn1_decode: Looking for 'algorithm', tag 0x6
P:28206; T:0x140027481172032 12:45:41.537 [opensc-pkcs11] asn1.c:1500:asn1_decode_entry:  decoding 'algorithm', raw data:2A864886F70D010101
P:28206; T:0x140027481172032 12:45:41.537 [opensc-pkcs11] asn1.c:1754:asn1_decode: Looking for 'nullParam', tag 0x5, OPTIONAL
P:28206; T:0x140027481172032 12:45:41.537 [opensc-pkcs11] asn1.c:1500:asn1_decode_entry:  decoding 'nullParam', raw data:
P:28206; T:0x140027481172032 12:45:41.537 [opensc-pkcs11] asn1.c:1811:asn1_decode: returning with: 0 (Success)
P:28206; T:0x140027481172032 12:45:41.537 [opensc-pkcs11] pkcs15-algo.c:523:sc_asn1_decode_algorithm_id: decoded OID '1.2.840.113549.1.1.1'
P:28206; T:0x140027481172032 12:45:41.537 [opensc-pkcs11] pkcs15-algo.c:540:sc_asn1_decode_algorithm_id: returning with: 0 (Success)
P:28206; T:0x140027481172032 12:45:41.537 [opensc-pkcs11] asn1.c:1754:asn1_decode: Looking for 'subjectPublicKey', tag 0x3
P:28206; T:0x140027481172032 12:45:41.537 [opensc-pkcs11] asn1.c:1500:asn1_decode_entry: decoding 'subjectPublicKey', raw data:003082020A0282020100DB31E334689E...
P:28206; T:0x140027481172032 12:45:41.537 [opensc-pkcs11] asn1.c:1811:asn1_decode: returning with: 0 (Success)
P:28206; T:0x140027481172032 12:45:41.537 [opensc-pkcs11] pkcs15-pubkey.c:1380:sc_pkcs15_pubkey_from_spki_fields: DEE pk_alg.algorithm=0
P:28206; T:0x140027481172032 12:45:41.537 [opensc-pkcs11] pkcs15-pubkey.c:568:sc_pkcs15_decode_pubkey_rsa: called
P:28206; T:0x140027481172032 12:45:41.537 [opensc-pkcs11] asn1.c:1730:asn1_decode: called, left=526, depth 0
P:28206; T:0x140027481172032 12:45:41.537 [opensc-pkcs11] asn1.c:1754:asn1_decode: Looking for 'publicKeyCoefficients', tag 0x20000010
P:28206; T:0x140027481172032 12:45:41.537 [opensc-pkcs11] asn1.c:1500:asn1_decode_entry: decoding 'publicKeyCoefficients', raw data:0282020100DB31E334689E8C89AE5488...
P:28206; T:0x140027481172032 12:45:41.537 [opensc-pkcs11] asn1.c:1730:asn1_decode:  called, left=522, depth 1
P:28206; T:0x140027481172032 12:45:41.537 [opensc-pkcs11] asn1.c:1754:asn1_decode: Looking for 'modulus', tag 0x2
P:28206; T:0x140027481172032 12:45:41.537 [opensc-pkcs11] asn1.c:1500:asn1_decode_entry:  decoding 'modulus', raw data:00DB31E334689E8C89AE5488A5354637...
P:28206; T:0x140027481172032 12:45:41.537 [opensc-pkcs11] asn1.c:1754:asn1_decode: Looking for 'exponent', tag 0x2
P:28206; T:0x140027481172032 12:45:41.537 [opensc-pkcs11] asn1.c:1500:asn1_decode_entry:  decoding 'exponent', raw data:010001
P:28206; T:0x140027481172032 12:45:41.537 [opensc-pkcs11] asn1.c:1811:asn1_decode: returning with: 0 (Success)
P:28206; T:0x140027481172032 12:45:41.537 [opensc-pkcs11] asn1.c:1811:asn1_decode: returning with: 0 (Success)
P:28206; T:0x140027481172032 12:45:41.537 [opensc-pkcs11] pkcs15-pubkey.c:579:sc_pkcs15_decode_pubkey_rsa: returning with: 0 (Success)
P:28206; T:0x140027481172032 12:45:41.537 [opensc-pkcs11] pkcs15-pubkey.c:1450:sc_pkcs15_pubkey_from_spki_fields: returning with: 0 (Success)
P:28206; T:0x140027481172032 12:45:41.537 [opensc-pkcs11] asn1.c:1754:asn1_decode: Looking for 'extensions', tag 0xa0000003, OPTIONAL
P:28206; T:0x140027481172032 12:45:41.537 [opensc-pkcs11] asn1.c:1500:asn1_decode_entry:  decoding 'extensions', raw data:30820171300F0603551D130101FF0405...
P:28206; T:0x140027481172032 12:45:41.537 [opensc-pkcs11] asn1.c:1730:asn1_decode:   called, left=373, depth 2
P:28206; T:0x140027481172032 12:45:41.537 [opensc-pkcs11] asn1.c:1754:asn1_decode: Looking for 'x509v3', tag 0x20000010, OPTIONAL
P:28206; T:0x140027481172032 12:45:41.537 [opensc-pkcs11] asn1.c:1500:asn1_decode_entry:   decoding 'x509v3', raw data:300F0603551D130101FF040530030101...
P:28206; T:0x140027481172032 12:45:41.537 [opensc-pkcs11] asn1.c:1811:asn1_decode: returning with: 0 (Success)
P:28206; T:0x140027481172032 12:45:41.537 [opensc-pkcs11] asn1.c:1811:asn1_decode: returning with: 0 (Success)
P:28206; T:0x140027481172032 12:45:41.537 [opensc-pkcs11] asn1.c:1754:asn1_decode: Looking for 'signatureAlgorithm', tag 0x20000010
P:28206; T:0x140027481172032 12:45:41.537 [opensc-pkcs11] asn1.c:1500:asn1_decode_entry: decoding 'signatureAlgorithm', raw data:06092A864886F70D01010D0500
P:28206; T:0x140027481172032 12:45:41.537 [opensc-pkcs11] pkcs15-algo.c:515:sc_asn1_decode_algorithm_id: called
P:28206; T:0x140027481172032 12:45:41.537 [opensc-pkcs11] asn1.c:1730:asn1_decode:  called, left=13, depth 1
P:28206; T:0x140027481172032 12:45:41.537 [opensc-pkcs11] asn1.c:1754:asn1_decode: Looking for 'algorithm', tag 0x6
P:28206; T:0x140027481172032 12:45:41.537 [opensc-pkcs11] asn1.c:1500:asn1_decode_entry:  decoding 'algorithm', raw data:2A864886F70D01010D
P:28206; T:0x140027481172032 12:45:41.537 [opensc-pkcs11] asn1.c:1754:asn1_decode: Looking for 'nullParam', tag 0x5, OPTIONAL
P:28206; T:0x140027481172032 12:45:41.537 [opensc-pkcs11] asn1.c:1500:asn1_decode_entry:  decoding 'nullParam', raw data:
P:28206; T:0x140027481172032 12:45:41.537 [opensc-pkcs11] asn1.c:1811:asn1_decode: returning with: 0 (Success)
P:28206; T:0x140027481172032 12:45:41.537 [opensc-pkcs11] pkcs15-algo.c:523:sc_asn1_decode_algorithm_id: decoded OID '1.2.840.113549.1.1.13'
P:28206; T:0x140027481172032 12:45:41.537 [opensc-pkcs11] pkcs15-algo.c:540:sc_asn1_decode_algorithm_id: returning with: 0 (Success)
P:28206; T:0x140027481172032 12:45:41.537 [opensc-pkcs11] asn1.c:1754:asn1_decode: Looking for 'signatureValue', tag 0x3
P:28206; T:0x140027481172032 12:45:41.537 [opensc-pkcs11] asn1.c:1500:asn1_decode_entry: decoding 'signatureValue', raw data:00111964DF7502907365D75B87212DD4...
P:28206; T:0x140027481172032 12:45:41.537 [opensc-pkcs11] asn1.c:1811:asn1_decode: returning with: 0 (Success)
P:28206; T:0x140027481172032 12:45:41.537 [opensc-pkcs11] asn1.c:1839:asn1_encode_entry: encoding 'serialNumber'
P:28206; T:0x140027481172032 12:45:41.537 [opensc-pkcs11] asn1.c:1844:asn1_encode_entry: type=4, tag=0x02, parm=0x55cd05b46760, len=8
P:28206; T:0x140027481172032 12:45:41.537 [opensc-pkcs11] asn1.c:2037:asn1_encode_entry: length of encoded item=10
P:28206; T:0x140027481172032 12:45:41.538 [opensc-pkcs11] asn1.c:1839:asn1_encode_entry: encoding 'subject'
P:28206; T:0x140027481172032 12:45:41.538 [opensc-pkcs11] asn1.c:1844:asn1_encode_entry: type=4, tag=0x20000010, parm=0x55cd05b1bbf0, len=111
P:28206; T:0x140027481172032 12:45:41.538 [opensc-pkcs11] asn1.c:2037:asn1_encode_entry: length of encoded item=113
P:28206; T:0x140027481172032 12:45:41.538 [opensc-pkcs11] asn1.c:1839:asn1_encode_entry: encoding 'issuer'
P:28206; T:0x140027481172032 12:45:41.538 [opensc-pkcs11] asn1.c:1844:asn1_encode_entry: type=4, tag=0x20000010, parm=0x55cd05b46e80, len=114
P:28206; T:0x140027481172032 12:45:41.538 [opensc-pkcs11] asn1.c:2037:asn1_encode_entry: length of encoded item=116
P:28206; T:0x140027481172032 12:45:41.538 [opensc-pkcs11] pkcs15-cert.c:137:parse_x509_cert: returning with: 0 (Success)
P:28206; T:0x140027481172032 12:45:41.538 [opensc-pkcs11] pkcs15-cert.c:364:sc_pkcs15_pubkey_from_cert: returning with: 0 (Success)
P:28206; T:0x140027481172032 12:45:41.538 [opensc-pkcs11] framework-pkcs15.c:655:pkcs15_cert_extract_label: pkcs15_cert_extract_label() called. Current label: AC OAB G3 emitido por AC Certisign G7
P:28206; T:0x140027481172032 12:45:41.538 [opensc-pkcs11] pkcs15-cert.c:381:sc_pkcs15_read_certificate: called
P:28206; T:0x140027481172032 12:45:41.538 [opensc-pkcs11] pkcs15.c:2485:sc_pkcs15_read_file: called
P:28206; T:0x140027481172032 12:45:41.538 [opensc-pkcs11] pkcs15.c:2486:sc_pkcs15_read_file: path=3f0050153fff43021371, index=0, count=1701
P:28206; T:0x140027481172032 12:45:41.538 [opensc-pkcs11] card.c:466:sc_lock: called
P:28206; T:0x140027481172032 12:45:41.538 [opensc-pkcs11] reader-pcsc.c:728:pcsc_lock: called
P:28206; T:0x140027481172032 12:45:41.538 [opensc-pkcs11] card.c:505:sc_lock: returning with: 0 (Success)
P:28206; T:0x140027481172032 12:45:41.538 [opensc-pkcs11] card.c:836:sc_select_file: called; type=2, path=3f0050153fff43021371
P:28206; T:0x140027481172032 12:45:41.538 [opensc-pkcs11] card-starsign.c:135:starsign_select_file: STARSIGN SELECT FILE EXECUTING type=2 len=10
P:28206; T:0x140027481172032 12:45:41.538 [opensc-pkcs11] card-starsign.c:142:starsign_select_file: STARSIGN SELECT FILE: Attempting full path selection from MF
P:28206; T:0x140027481172032 12:45:41.538 [opensc-pkcs11] apdu.c:550:sc_transmit_apdu: called
P:28206; T:0x140027481172032 12:45:41.538 [opensc-pkcs11] card.c:466:sc_lock: called
P:28206; T:0x140027481172032 12:45:41.538 [opensc-pkcs11] card.c:505:sc_lock: returning with: 0 (Success)
P:28206; T:0x140027481172032 12:45:41.538 [opensc-pkcs11] apdu.c:515:sc_transmit: called
P:28206; T:0x140027481172032 12:45:41.538 [opensc-pkcs11] apdu.c:363:sc_single_transmit: called
P:28206; T:0x140027481172032 12:45:41.538 [opensc-pkcs11] apdu.c:367:sc_single_transmit: CLA:1, INS:A4, P1:8, P2:C, data(10) 0x55cd05b4a650
P:28206; T:0x140027481172032 12:45:41.538 [opensc-pkcs11] reader-pcsc.c:347:pcsc_transmit: reader 'Giesecke & Devrient GmbH StarSign CUT S [.] (03201229036013) 00 00'
P:28206; T:0x140027481172032 12:45:41.538 [opensc-pkcs11] reader-pcsc.c:348:pcsc_transmit: 
Outgoing APDU (15 bytes):
01 A4 08 0C 0A 3F 00 50 15 3F FF 43 02 13 71 .....?.P.?.C..q

P:28206; T:0x140027481172032 12:45:41.538 [opensc-pkcs11] reader-pcsc.c:260:pcsc_internal_transmit: called
P:28206; T:0x140027481172032 12:45:41.542 [opensc-pkcs11] reader-pcsc.c:357:pcsc_transmit: 
Incoming APDU (2 bytes):
6A 81 j.

P:28206; T:0x140027481172032 12:45:41.542 [opensc-pkcs11] apdu.c:382:sc_single_transmit: returning with: 0 (Success)
P:28206; T:0x140027481172032 12:45:41.542 [opensc-pkcs11] apdu.c:539:sc_transmit: returning with: 0 (Success)
P:28206; T:0x140027481172032 12:45:41.542 [opensc-pkcs11] card.c:515:sc_unlock: called
P:28206; T:0x140027481172032 12:45:41.542 [opensc-pkcs11] iso7816.c:128:iso7816_check_sw: Function not supported
P:28206; T:0x140027481172032 12:45:41.542 [opensc-pkcs11] card-starsign.c:153:starsign_select_file: STARSIGN SELECT FILE: Full path selection failed (-1208), falling back to component-by-component
P:28206; T:0x140027481172032 12:45:41.542 [opensc-pkcs11] card-starsign.c:171:starsign_select_file: STARSIGN SELECT FILE: IGNORING virtual DF 3FFF
P:28206; T:0x140027481172032 12:45:41.542 [opensc-pkcs11] apdu.c:550:sc_transmit_apdu: called
P:28206; T:0x140027481172032 12:45:41.542 [opensc-pkcs11] card.c:466:sc_lock: called
P:28206; T:0x140027481172032 12:45:41.542 [opensc-pkcs11] card.c:505:sc_lock: returning with: 0 (Success)
P:28206; T:0x140027481172032 12:45:41.542 [opensc-pkcs11] apdu.c:515:sc_transmit: called
P:28206; T:0x140027481172032 12:45:41.542 [opensc-pkcs11] apdu.c:363:sc_single_transmit: called
P:28206; T:0x140027481172032 12:45:41.542 [opensc-pkcs11] apdu.c:367:sc_single_transmit: CLA:1, INS:A4, P1:0, P2:C, data(2) 0x55cd05b4a656
P:28206; T:0x140027481172032 12:45:41.542 [opensc-pkcs11] reader-pcsc.c:347:pcsc_transmit: reader 'Giesecke & Devrient GmbH StarSign CUT S [.] (03201229036013) 00 00'
P:28206; T:0x140027481172032 12:45:41.542 [opensc-pkcs11] reader-pcsc.c:348:pcsc_transmit: 
Outgoing APDU (7 bytes):
01 A4 00 0C 02 43 02 .....C.

P:28206; T:0x140027481172032 12:45:41.542 [opensc-pkcs11] reader-pcsc.c:260:pcsc_internal_transmit: called
P:28206; T:0x140027481172032 12:45:41.576 [opensc-pkcs11] reader-pcsc.c:357:pcsc_transmit: 
Incoming APDU (2 bytes):
6A 82 j.

P:28206; T:0x140027481172032 12:45:41.576 [opensc-pkcs11] apdu.c:382:sc_single_transmit: returning with: 0 (Success)
P:28206; T:0x140027481172032 12:45:41.576 [opensc-pkcs11] apdu.c:539:sc_transmit: returning with: 0 (Success)
P:28206; T:0x140027481172032 12:45:41.576 [opensc-pkcs11] card.c:515:sc_unlock: called
P:28206; T:0x140027481172032 12:45:41.576 [opensc-pkcs11] iso7816.c:128:iso7816_check_sw: File or application not found
P:28206; T:0x140027481172032 12:45:41.576 [opensc-pkcs11] card-starsign.c:185:starsign_select_file: STARSIGN SELECT FILE: P1=0x00 failed, retrying with P1=0x01 (Select DF) for FID 4302
P:28206; T:0x140027481172032 12:45:41.576 [opensc-pkcs11] apdu.c:550:sc_transmit_apdu: called
P:28206; T:0x140027481172032 12:45:41.576 [opensc-pkcs11] card.c:466:sc_lock: called
P:28206; T:0x140027481172032 12:45:41.577 [opensc-pkcs11] card.c:505:sc_lock: returning with: 0 (Success)
P:28206; T:0x140027481172032 12:45:41.577 [opensc-pkcs11] apdu.c:515:sc_transmit: called
P:28206; T:0x140027481172032 12:45:41.577 [opensc-pkcs11] apdu.c:363:sc_single_transmit: called
P:28206; T:0x140027481172032 12:45:41.577 [opensc-pkcs11] apdu.c:367:sc_single_transmit: CLA:1, INS:A4, P1:1, P2:C, data(2) 0x55cd05b4a656
P:28206; T:0x140027481172032 12:45:41.577 [opensc-pkcs11] reader-pcsc.c:347:pcsc_transmit: reader 'Giesecke & Devrient GmbH StarSign CUT S [.] (03201229036013) 00 00'
P:28206; T:0x140027481172032 12:45:41.577 [opensc-pkcs11] reader-pcsc.c:348:pcsc_transmit: 
Outgoing APDU (7 bytes):
01 A4 01 0C 02 43 02 .....C.

P:28206; T:0x140027481172032 12:45:41.577 [opensc-pkcs11] reader-pcsc.c:260:pcsc_internal_transmit: called
P:28206; T:0x140027481172032 12:45:41.613 [opensc-pkcs11] reader-pcsc.c:357:pcsc_transmit: 
Incoming APDU (2 bytes):
6A 82 j.

P:28206; T:0x140027481172032 12:45:41.613 [opensc-pkcs11] apdu.c:382:sc_single_transmit: returning with: 0 (Success)
P:28206; T:0x140027481172032 12:45:41.613 [opensc-pkcs11] apdu.c:539:sc_transmit: returning with: 0 (Success)
P:28206; T:0x140027481172032 12:45:41.613 [opensc-pkcs11] card.c:515:sc_unlock: called
P:28206; T:0x140027481172032 12:45:41.613 [opensc-pkcs11] iso7816.c:128:iso7816_check_sw: File or application not found
P:28206; T:0x140027481172032 12:45:41.613 [opensc-pkcs11] card-starsign.c:197:starsign_select_file: STARSIGN SELECT FILE: P1=0x01 failed, retrying with P1=0x02 (Select EF) for FID 4302
P:28206; T:0x140027481172032 12:45:41.613 [opensc-pkcs11] apdu.c:550:sc_transmit_apdu: called
P:28206; T:0x140027481172032 12:45:41.613 [opensc-pkcs11] card.c:466:sc_lock: called
P:28206; T:0x140027481172032 12:45:41.613 [opensc-pkcs11] card.c:505:sc_lock: returning with: 0 (Success)
P:28206; T:0x140027481172032 12:45:41.613 [opensc-pkcs11] apdu.c:515:sc_transmit: called
P:28206; T:0x140027481172032 12:45:41.613 [opensc-pkcs11] apdu.c:363:sc_single_transmit: called
P:28206; T:0x140027481172032 12:45:41.613 [opensc-pkcs11] apdu.c:367:sc_single_transmit: CLA:1, INS:A4, P1:2, P2:C, data(2) 0x55cd05b4a656
P:28206; T:0x140027481172032 12:45:41.613 [opensc-pkcs11] reader-pcsc.c:347:pcsc_transmit: reader 'Giesecke & Devrient GmbH StarSign CUT S [.] (03201229036013) 00 00'
P:28206; T:0x140027481172032 12:45:41.613 [opensc-pkcs11] reader-pcsc.c:348:pcsc_transmit: 
Outgoing APDU (7 bytes):
01 A4 02 0C 02 43 02 .....C.

P:28206; T:0x140027481172032 12:45:41.613 [opensc-pkcs11] reader-pcsc.c:260:pcsc_internal_transmit: called
P:28206; T:0x140027481172032 12:45:41.646 [opensc-pkcs11] reader-pcsc.c:357:pcsc_transmit: 
Incoming APDU (2 bytes):
6A 82 j.

P:28206; T:0x140027481172032 12:45:41.646 [opensc-pkcs11] apdu.c:382:sc_single_transmit: returning with: 0 (Success)
P:28206; T:0x140027481172032 12:45:41.646 [opensc-pkcs11] apdu.c:539:sc_transmit: returning with: 0 (Success)
P:28206; T:0x140027481172032 12:45:41.646 [opensc-pkcs11] card.c:515:sc_unlock: called
P:28206; T:0x140027481172032 12:45:41.646 [opensc-pkcs11] iso7816.c:128:iso7816_check_sw: File or application not found
P:28206; T:0x140027481172032 12:45:41.646 [opensc-pkcs11] card.c:858:sc_select_file: 'SELECT' error: -1201 (File not found)
P:28206; T:0x140027481172032 12:45:41.646 [opensc-pkcs11] card.c:515:sc_unlock: called
P:28206; T:0x140027481172032 12:45:41.646 [opensc-pkcs11] reader-pcsc.c:770:pcsc_unlock: called
P:28206; T:0x140027481172032 12:45:41.646 [opensc-pkcs11] pkcs15.c:2646:sc_pkcs15_read_file: returning with: -1201 (File not found)
P:28206; T:0x140027481172032 12:45:41.646 [opensc-pkcs11] pkcs15-cert.c:388:sc_pkcs15_read_certificate: Unable to read certificate file.: -1201 (File not found)
P:28206; T:0x140027481172032 12:45:41.646 [opensc-pkcs11] pkcs15.c:2147:sc_pkcs15_parse_df: called; path=3f0050154407, type=7, enum=0
P:28206; T:0x140027481172032 12:45:41.646 [opensc-pkcs11] pkcs15.c:2485:sc_pkcs15_read_file: called
P:28206; T:0x140027481172032 12:45:41.646 [opensc-pkcs11] pkcs15.c:2486:sc_pkcs15_read_file: path=3f0050154407, index=0, count=-1
P:28206; T:0x140027481172032 12:45:41.646 [opensc-pkcs11] card.c:466:sc_lock: called
P:28206; T:0x140027481172032 12:45:41.646 [opensc-pkcs11] reader-pcsc.c:728:pcsc_lock: called
P:28206; T:0x140027481172032 12:45:41.647 [opensc-pkcs11] card.c:505:sc_lock: returning with: 0 (Success)
P:28206; T:0x140027481172032 12:45:41.647 [opensc-pkcs11] card.c:836:sc_select_file: called; type=2, path=3f0050154407
P:28206; T:0x140027481172032 12:45:41.647 [opensc-pkcs11] card-starsign.c:135:starsign_select_file: STARSIGN SELECT FILE EXECUTING type=2 len=6
P:28206; T:0x140027481172032 12:45:41.647 [opensc-pkcs11] card-starsign.c:142:starsign_select_file: STARSIGN SELECT FILE: Attempting full path selection from MF
P:28206; T:0x140027481172032 12:45:41.647 [opensc-pkcs11] apdu.c:550:sc_transmit_apdu: called
P:28206; T:0x140027481172032 12:45:41.647 [opensc-pkcs11] card.c:466:sc_lock: called
P:28206; T:0x140027481172032 12:45:41.647 [opensc-pkcs11] card.c:505:sc_lock: returning with: 0 (Success)
P:28206; T:0x140027481172032 12:45:41.647 [opensc-pkcs11] apdu.c:515:sc_transmit: called
P:28206; T:0x140027481172032 12:45:41.647 [opensc-pkcs11] apdu.c:363:sc_single_transmit: called
P:28206; T:0x140027481172032 12:45:41.647 [opensc-pkcs11] apdu.c:367:sc_single_transmit: CLA:1, INS:A4, P1:8, P2:C, data(6) 0x55cd05b1ebe0
P:28206; T:0x140027481172032 12:45:41.647 [opensc-pkcs11] reader-pcsc.c:347:pcsc_transmit: reader 'Giesecke & Devrient GmbH StarSign CUT S [.] (03201229036013) 00 00'
P:28206; T:0x140027481172032 12:45:41.647 [opensc-pkcs11] reader-pcsc.c:348:pcsc_transmit: 
Outgoing APDU (11 bytes):
01 A4 08 0C 06 3F 00 50 15 44 07 .....?.P.D.

P:28206; T:0x140027481172032 12:45:41.647 [opensc-pkcs11] reader-pcsc.c:260:pcsc_internal_transmit: called
P:28206; T:0x140027481172032 12:45:41.650 [opensc-pkcs11] reader-pcsc.c:357:pcsc_transmit: 
Incoming APDU (2 bytes):
6A 81 j.

P:28206; T:0x140027481172032 12:45:41.651 [opensc-pkcs11] apdu.c:382:sc_single_transmit: returning with: 0 (Success)
P:28206; T:0x140027481172032 12:45:41.651 [opensc-pkcs11] apdu.c:539:sc_transmit: returning with: 0 (Success)
P:28206; T:0x140027481172032 12:45:41.651 [opensc-pkcs11] card.c:515:sc_unlock: called
P:28206; T:0x140027481172032 12:45:41.651 [opensc-pkcs11] iso7816.c:128:iso7816_check_sw: Function not supported
P:28206; T:0x140027481172032 12:45:41.651 [opensc-pkcs11] card-starsign.c:153:starsign_select_file: STARSIGN SELECT FILE: Full path selection failed (-1208), falling back to component-by-component
P:28206; T:0x140027481172032 12:45:41.651 [opensc-pkcs11] apdu.c:550:sc_transmit_apdu: called
P:28206; T:0x140027481172032 12:45:41.651 [opensc-pkcs11] card.c:466:sc_lock: called
P:28206; T:0x140027481172032 12:45:41.651 [opensc-pkcs11] card.c:505:sc_lock: returning with: 0 (Success)
P:28206; T:0x140027481172032 12:45:41.651 [opensc-pkcs11] apdu.c:515:sc_transmit: called
P:28206; T:0x140027481172032 12:45:41.651 [opensc-pkcs11] apdu.c:363:sc_single_transmit: called
P:28206; T:0x140027481172032 12:45:41.651 [opensc-pkcs11] apdu.c:367:sc_single_transmit: CLA:1, INS:A4, P1:0, P2:C, data(2) 0x55cd05b1ebe4
P:28206; T:0x140027481172032 12:45:41.651 [opensc-pkcs11] reader-pcsc.c:347:pcsc_transmit: reader 'Giesecke & Devrient GmbH StarSign CUT S [.] (03201229036013) 00 00'
P:28206; T:0x140027481172032 12:45:41.651 [opensc-pkcs11] reader-pcsc.c:348:pcsc_transmit: 
Outgoing APDU (7 bytes):
01 A4 00 0C 02 44 07 .....D.

P:28206; T:0x140027481172032 12:45:41.651 [opensc-pkcs11] reader-pcsc.c:260:pcsc_internal_transmit: called
P:28206; T:0x140027481172032 12:45:41.687 [opensc-pkcs11] reader-pcsc.c:357:pcsc_transmit: 
Incoming APDU (2 bytes):
6A 82 j.

P:28206; T:0x140027481172032 12:45:41.687 [opensc-pkcs11] apdu.c:382:sc_single_transmit: returning with: 0 (Success)
P:28206; T:0x140027481172032 12:45:41.687 [opensc-pkcs11] apdu.c:539:sc_transmit: returning with: 0 (Success)
P:28206; T:0x140027481172032 12:45:41.687 [opensc-pkcs11] card.c:515:sc_unlock: called
P:28206; T:0x140027481172032 12:45:41.687 [opensc-pkcs11] iso7816.c:128:iso7816_check_sw: File or application not found
P:28206; T:0x140027481172032 12:45:41.687 [opensc-pkcs11] card-starsign.c:185:starsign_select_file: STARSIGN SELECT FILE: P1=0x00 failed, retrying with P1=0x01 (Select DF) for FID 4407
P:28206; T:0x140027481172032 12:45:41.687 [opensc-pkcs11] apdu.c:550:sc_transmit_apdu: called
P:28206; T:0x140027481172032 12:45:41.687 [opensc-pkcs11] card.c:466:sc_lock: called
P:28206; T:0x140027481172032 12:45:41.687 [opensc-pkcs11] card.c:505:sc_lock: returning with: 0 (Success)
P:28206; T:0x140027481172032 12:45:41.687 [opensc-pkcs11] apdu.c:515:sc_transmit: called
P:28206; T:0x140027481172032 12:45:41.687 [opensc-pkcs11] apdu.c:363:sc_single_transmit: called
P:28206; T:0x140027481172032 12:45:41.687 [opensc-pkcs11] apdu.c:367:sc_single_transmit: CLA:1, INS:A4, P1:1, P2:C, data(2) 0x55cd05b1ebe4
P:28206; T:0x140027481172032 12:45:41.687 [opensc-pkcs11] reader-pcsc.c:347:pcsc_transmit: reader 'Giesecke & Devrient GmbH StarSign CUT S [.] (03201229036013) 00 00'
P:28206; T:0x140027481172032 12:45:41.687 [opensc-pkcs11] reader-pcsc.c:348:pcsc_transmit: 
Outgoing APDU (7 bytes):
01 A4 01 0C 02 44 07 .....D.

P:28206; T:0x140027481172032 12:45:41.687 [opensc-pkcs11] reader-pcsc.c:260:pcsc_internal_transmit: called
P:28206; T:0x140027481172032 12:45:41.720 [opensc-pkcs11] reader-pcsc.c:357:pcsc_transmit: 
Incoming APDU (2 bytes):
6A 82 j.

P:28206; T:0x140027481172032 12:45:41.720 [opensc-pkcs11] apdu.c:382:sc_single_transmit: returning with: 0 (Success)
P:28206; T:0x140027481172032 12:45:41.720 [opensc-pkcs11] apdu.c:539:sc_transmit: returning with: 0 (Success)
P:28206; T:0x140027481172032 12:45:41.720 [opensc-pkcs11] card.c:515:sc_unlock: called
P:28206; T:0x140027481172032 12:45:41.720 [opensc-pkcs11] iso7816.c:128:iso7816_check_sw: File or application not found
P:28206; T:0x140027481172032 12:45:41.720 [opensc-pkcs11] card-starsign.c:197:starsign_select_file: STARSIGN SELECT FILE: P1=0x01 failed, retrying with P1=0x02 (Select EF) for FID 4407
P:28206; T:0x140027481172032 12:45:41.720 [opensc-pkcs11] apdu.c:550:sc_transmit_apdu: called
P:28206; T:0x140027481172032 12:45:41.720 [opensc-pkcs11] card.c:466:sc_lock: called
P:28206; T:0x140027481172032 12:45:41.720 [opensc-pkcs11] card.c:505:sc_lock: returning with: 0 (Success)
P:28206; T:0x140027481172032 12:45:41.720 [opensc-pkcs11] apdu.c:515:sc_transmit: called
P:28206; T:0x140027481172032 12:45:41.720 [opensc-pkcs11] apdu.c:363:sc_single_transmit: called
P:28206; T:0x140027481172032 12:45:41.720 [opensc-pkcs11] apdu.c:367:sc_single_transmit: CLA:1, INS:A4, P1:2, P2:C, data(2) 0x55cd05b1ebe4
P:28206; T:0x140027481172032 12:45:41.720 [opensc-pkcs11] reader-pcsc.c:347:pcsc_transmit: reader 'Giesecke & Devrient GmbH StarSign CUT S [.] (03201229036013) 00 00'
P:28206; T:0x140027481172032 12:45:41.720 [opensc-pkcs11] reader-pcsc.c:348:pcsc_transmit: 
Outgoing APDU (7 bytes):
01 A4 02 0C 02 44 07 .....D.

P:28206; T:0x140027481172032 12:45:41.720 [opensc-pkcs11] reader-pcsc.c:260:pcsc_internal_transmit: called
P:28206; T:0x140027481172032 12:45:41.755 [opensc-pkcs11] reader-pcsc.c:357:pcsc_transmit: 
Incoming APDU (2 bytes):
6A 82 j.

P:28206; T:0x140027481172032 12:45:41.755 [opensc-pkcs11] apdu.c:382:sc_single_transmit: returning with: 0 (Success)
P:28206; T:0x140027481172032 12:45:41.755 [opensc-pkcs11] apdu.c:539:sc_transmit: returning with: 0 (Success)
P:28206; T:0x140027481172032 12:45:41.755 [opensc-pkcs11] card.c:515:sc_unlock: called
P:28206; T:0x140027481172032 12:45:41.755 [opensc-pkcs11] iso7816.c:128:iso7816_check_sw: File or application not found
P:28206; T:0x140027481172032 12:45:41.755 [opensc-pkcs11] card.c:858:sc_select_file: 'SELECT' error: -1201 (File not found)
P:28206; T:0x140027481172032 12:45:41.755 [opensc-pkcs11] card.c:515:sc_unlock: called
P:28206; T:0x140027481172032 12:45:41.755 [opensc-pkcs11] reader-pcsc.c:770:pcsc_unlock: called
P:28206; T:0x140027481172032 12:45:41.755 [opensc-pkcs11] pkcs15.c:2646:sc_pkcs15_read_file: returning with: -1201 (File not found)
P:28206; T:0x140027481172032 12:45:41.755 [opensc-pkcs11] pkcs15.c:2179:sc_pkcs15_parse_df: pkcs15 read file failed: -1201 (File not found)
P:28206; T:0x140027481172032 12:45:41.755 [opensc-pkcs11] framework-pkcs15.c:903:pkcs15_create_pkcs11_objects: Found 0 data objects
P:28206; T:0x140027481172032 12:45:41.755 [opensc-pkcs11] pkcs15.c:2147:sc_pkcs15_parse_df: called; path=3f0050154403, type=3, enum=0
P:28206; T:0x140027481172032 12:45:41.755 [opensc-pkcs11] pkcs15.c:2485:sc_pkcs15_read_file: called
P:28206; T:0x140027481172032 12:45:41.755 [opensc-pkcs11] pkcs15.c:2486:sc_pkcs15_read_file: path=3f0050154403, index=0, count=-1
P:28206; T:0x140027481172032 12:45:41.755 [opensc-pkcs11] card.c:466:sc_lock: called
P:28206; T:0x140027481172032 12:45:41.755 [opensc-pkcs11] reader-pcsc.c:728:pcsc_lock: called
P:28206; T:0x140027481172032 12:45:41.755 [opensc-pkcs11] card.c:505:sc_lock: returning with: 0 (Success)
P:28206; T:0x140027481172032 12:45:41.755 [opensc-pkcs11] card.c:836:sc_select_file: called; type=2, path=3f0050154403
P:28206; T:0x140027481172032 12:45:41.755 [opensc-pkcs11] card-starsign.c:135:starsign_select_file: STARSIGN SELECT FILE EXECUTING type=2 len=6
P:28206; T:0x140027481172032 12:45:41.755 [opensc-pkcs11] card-starsign.c:142:starsign_select_file: STARSIGN SELECT FILE: Attempting full path selection from MF
P:28206; T:0x140027481172032 12:45:41.755 [opensc-pkcs11] apdu.c:550:sc_transmit_apdu: called
P:28206; T:0x140027481172032 12:45:41.755 [opensc-pkcs11] card.c:466:sc_lock: called
P:28206; T:0x140027481172032 12:45:41.755 [opensc-pkcs11] card.c:505:sc_lock: returning with: 0 (Success)
P:28206; T:0x140027481172032 12:45:41.755 [opensc-pkcs11] apdu.c:515:sc_transmit: called
P:28206; T:0x140027481172032 12:45:41.755 [opensc-pkcs11] apdu.c:363:sc_single_transmit: called
P:28206; T:0x140027481172032 12:45:41.755 [opensc-pkcs11] apdu.c:367:sc_single_transmit: CLA:1, INS:A4, P1:8, P2:C, data(6) 0x55cd05b1eb00
P:28206; T:0x140027481172032 12:45:41.755 [opensc-pkcs11] reader-pcsc.c:347:pcsc_transmit: reader 'Giesecke & Devrient GmbH StarSign CUT S [.] (03201229036013) 00 00'
P:28206; T:0x140027481172032 12:45:41.755 [opensc-pkcs11] reader-pcsc.c:348:pcsc_transmit: 
Outgoing APDU (11 bytes):
01 A4 08 0C 06 3F 00 50 15 44 03 .....?.P.D.

P:28206; T:0x140027481172032 12:45:41.755 [opensc-pkcs11] reader-pcsc.c:260:pcsc_internal_transmit: called
P:28206; T:0x140027481172032 12:45:41.759 [opensc-pkcs11] reader-pcsc.c:357:pcsc_transmit: 
Incoming APDU (2 bytes):
6A 81 j.

P:28206; T:0x140027481172032 12:45:41.759 [opensc-pkcs11] apdu.c:382:sc_single_transmit: returning with: 0 (Success)
P:28206; T:0x140027481172032 12:45:41.759 [opensc-pkcs11] apdu.c:539:sc_transmit: returning with: 0 (Success)
P:28206; T:0x140027481172032 12:45:41.759 [opensc-pkcs11] card.c:515:sc_unlock: called
P:28206; T:0x140027481172032 12:45:41.759 [opensc-pkcs11] iso7816.c:128:iso7816_check_sw: Function not supported
P:28206; T:0x140027481172032 12:45:41.759 [opensc-pkcs11] card-starsign.c:153:starsign_select_file: STARSIGN SELECT FILE: Full path selection failed (-1208), falling back to component-by-component
P:28206; T:0x140027481172032 12:45:41.759 [opensc-pkcs11] apdu.c:550:sc_transmit_apdu: called
P:28206; T:0x140027481172032 12:45:41.759 [opensc-pkcs11] card.c:466:sc_lock: called
P:28206; T:0x140027481172032 12:45:41.759 [opensc-pkcs11] card.c:505:sc_lock: returning with: 0 (Success)
P:28206; T:0x140027481172032 12:45:41.759 [opensc-pkcs11] apdu.c:515:sc_transmit: called
P:28206; T:0x140027481172032 12:45:41.759 [opensc-pkcs11] apdu.c:363:sc_single_transmit: called
P:28206; T:0x140027481172032 12:45:41.759 [opensc-pkcs11] apdu.c:367:sc_single_transmit: CLA:1, INS:A4, P1:0, P2:C, data(2) 0x55cd05b1eb04
P:28206; T:0x140027481172032 12:45:41.759 [opensc-pkcs11] reader-pcsc.c:347:pcsc_transmit: reader 'Giesecke & Devrient GmbH StarSign CUT S [.] (03201229036013) 00 00'
P:28206; T:0x140027481172032 12:45:41.759 [opensc-pkcs11] reader-pcsc.c:348:pcsc_transmit: 
Outgoing APDU (7 bytes):
01 A4 00 0C 02 44 03 .....D.

P:28206; T:0x140027481172032 12:45:41.759 [opensc-pkcs11] reader-pcsc.c:260:pcsc_internal_transmit: called
P:28206; T:0x140027481172032 12:45:41.793 [opensc-pkcs11] reader-pcsc.c:357:pcsc_transmit: 
Incoming APDU (2 bytes):
6A 82 j.

P:28206; T:0x140027481172032 12:45:41.793 [opensc-pkcs11] apdu.c:382:sc_single_transmit: returning with: 0 (Success)
P:28206; T:0x140027481172032 12:45:41.793 [opensc-pkcs11] apdu.c:539:sc_transmit: returning with: 0 (Success)
P:28206; T:0x140027481172032 12:45:41.793 [opensc-pkcs11] card.c:515:sc_unlock: called
P:28206; T:0x140027481172032 12:45:41.794 [opensc-pkcs11] iso7816.c:128:iso7816_check_sw: File or application not found
P:28206; T:0x140027481172032 12:45:41.794 [opensc-pkcs11] card-starsign.c:185:starsign_select_file: STARSIGN SELECT FILE: P1=0x00 failed, retrying with P1=0x01 (Select DF) for FID 4403
P:28206; T:0x140027481172032 12:45:41.794 [opensc-pkcs11] apdu.c:550:sc_transmit_apdu: called
P:28206; T:0x140027481172032 12:45:41.794 [opensc-pkcs11] card.c:466:sc_lock: called
P:28206; T:0x140027481172032 12:45:41.794 [opensc-pkcs11] card.c:505:sc_lock: returning with: 0 (Success)
P:28206; T:0x140027481172032 12:45:41.794 [opensc-pkcs11] apdu.c:515:sc_transmit: called
P:28206; T:0x140027481172032 12:45:41.794 [opensc-pkcs11] apdu.c:363:sc_single_transmit: called
P:28206; T:0x140027481172032 12:45:41.794 [opensc-pkcs11] apdu.c:367:sc_single_transmit: CLA:1, INS:A4, P1:1, P2:C, data(2) 0x55cd05b1eb04
P:28206; T:0x140027481172032 12:45:41.794 [opensc-pkcs11] reader-pcsc.c:347:pcsc_transmit: reader 'Giesecke & Devrient GmbH StarSign CUT S [.] (03201229036013) 00 00'
P:28206; T:0x140027481172032 12:45:41.794 [opensc-pkcs11] reader-pcsc.c:348:pcsc_transmit: 
Outgoing APDU (7 bytes):
01 A4 01 0C 02 44 03 .....D.

P:28206; T:0x140027481172032 12:45:41.794 [opensc-pkcs11] reader-pcsc.c:260:pcsc_internal_transmit: called
P:28206; T:0x140027481172032 12:45:41.828 [opensc-pkcs11] reader-pcsc.c:357:pcsc_transmit: 
Incoming APDU (2 bytes):
6A 82 j.

P:28206; T:0x140027481172032 12:45:41.828 [opensc-pkcs11] apdu.c:382:sc_single_transmit: returning with: 0 (Success)
P:28206; T:0x140027481172032 12:45:41.828 [opensc-pkcs11] apdu.c:539:sc_transmit: returning with: 0 (Success)
P:28206; T:0x140027481172032 12:45:41.828 [opensc-pkcs11] card.c:515:sc_unlock: called
P:28206; T:0x140027481172032 12:45:41.828 [opensc-pkcs11] iso7816.c:128:iso7816_check_sw: File or application not found
P:28206; T:0x140027481172032 12:45:41.828 [opensc-pkcs11] card-starsign.c:197:starsign_select_file: STARSIGN SELECT FILE: P1=0x01 failed, retrying with P1=0x02 (Select EF) for FID 4403
P:28206; T:0x140027481172032 12:45:41.828 [opensc-pkcs11] apdu.c:550:sc_transmit_apdu: called
P:28206; T:0x140027481172032 12:45:41.828 [opensc-pkcs11] card.c:466:sc_lock: called
P:28206; T:0x140027481172032 12:45:41.828 [opensc-pkcs11] card.c:505:sc_lock: returning with: 0 (Success)
P:28206; T:0x140027481172032 12:45:41.828 [opensc-pkcs11] apdu.c:515:sc_transmit: called
P:28206; T:0x140027481172032 12:45:41.828 [opensc-pkcs11] apdu.c:363:sc_single_transmit: called
P:28206; T:0x140027481172032 12:45:41.828 [opensc-pkcs11] apdu.c:367:sc_single_transmit: CLA:1, INS:A4, P1:2, P2:C, data(2) 0x55cd05b1eb04
P:28206; T:0x140027481172032 12:45:41.828 [opensc-pkcs11] reader-pcsc.c:347:pcsc_transmit: reader 'Giesecke & Devrient GmbH StarSign CUT S [.] (03201229036013) 00 00'
P:28206; T:0x140027481172032 12:45:41.828 [opensc-pkcs11] reader-pcsc.c:348:pcsc_transmit: 
Outgoing APDU (7 bytes):
01 A4 02 0C 02 44 03 .....D.

P:28206; T:0x140027481172032 12:45:41.828 [opensc-pkcs11] reader-pcsc.c:260:pcsc_internal_transmit: called
P:28206; T:0x140027481172032 12:45:41.862 [opensc-pkcs11] reader-pcsc.c:357:pcsc_transmit: 
Incoming APDU (2 bytes):
6A 82 j.

P:28206; T:0x140027481172032 12:45:41.863 [opensc-pkcs11] apdu.c:382:sc_single_transmit: returning with: 0 (Success)
P:28206; T:0x140027481172032 12:45:41.863 [opensc-pkcs11] apdu.c:539:sc_transmit: returning with: 0 (Success)
P:28206; T:0x140027481172032 12:45:41.863 [opensc-pkcs11] card.c:515:sc_unlock: called
P:28206; T:0x140027481172032 12:45:41.863 [opensc-pkcs11] iso7816.c:128:iso7816_check_sw: File or application not found
P:28206; T:0x140027481172032 12:45:41.863 [opensc-pkcs11] card.c:858:sc_select_file: 'SELECT' error: -1201 (File not found)
P:28206; T:0x140027481172032 12:45:41.863 [opensc-pkcs11] card.c:515:sc_unlock: called
P:28206; T:0x140027481172032 12:45:41.863 [opensc-pkcs11] reader-pcsc.c:770:pcsc_unlock: called
P:28206; T:0x140027481172032 12:45:41.863 [opensc-pkcs11] pkcs15.c:2646:sc_pkcs15_read_file: returning with: -1201 (File not found)
P:28206; T:0x140027481172032 12:45:41.863 [opensc-pkcs11] pkcs15.c:2179:sc_pkcs15_parse_df: pkcs15 read file failed: -1201 (File not found)
P:28206; T:0x140027481172032 12:45:41.863 [opensc-pkcs11] framework-pkcs15.c:903:pkcs15_create_pkcs11_objects: Found 0 Generic secret keys
P:28206; T:0x140027481172032 12:45:41.863 [opensc-pkcs11] framework-pkcs15.c:1013:pkcs15_bind_related_objects: Looking for objects related to object 0
P:28206; T:0x140027481172032 12:45:41.863 [opensc-pkcs11] framework-pkcs15.c:918:__pkcs15_prkey_bind_related: Object is a private key and has id 2cda5770ba19033f
P:28206; T:0x140027481172032 12:45:41.863 [opensc-pkcs11] framework-pkcs15.c:943:__pkcs15_prkey_bind_related: Associating object 2 as public key
P:28206; T:0x140027481172032 12:45:41.863 [opensc-pkcs11] framework-pkcs15.c:1013:pkcs15_bind_related_objects: Looking for objects related to object 1
P:28206; T:0x140027481172032 12:45:41.863 [opensc-pkcs11] framework-pkcs15.c:918:__pkcs15_prkey_bind_related: Object is a private key and has id 444945474f205249424549524f20444520534f555a4120323032342d31302d30392032303a32323a3235
P:28206; T:0x140027481172032 12:45:41.863 [opensc-pkcs11] framework-pkcs15.c:1013:pkcs15_bind_related_objects: Looking for objects related to object 2
P:28206; T:0x140027481172032 12:45:41.863 [opensc-pkcs11] framework-pkcs15.c:1013:pkcs15_bind_related_objects: Looking for objects related to object 3
P:28206; T:0x140027481172032 12:45:41.863 [opensc-pkcs11] framework-pkcs15.c:963:__pkcs15_cert_bind_related: Object is a certificate and has id 6a3bcf3abf73e203ae24cf9f02cd30f12ffe7e66
P:28206; T:0x140027481172032 12:45:41.863 [opensc-pkcs11] framework-pkcs15.c:1013:pkcs15_bind_related_objects: Looking for objects related to object 4
P:28206; T:0x140027481172032 12:45:41.863 [opensc-pkcs11] framework-pkcs15.c:1349:_pkcs15_create_typed_objects: found 5 FW objects
P:28206; T:0x140027481172032 12:45:41.863 [opensc-pkcs11] framework-pkcs15.c:1694:pkcs15_create_tokens: Found 5 FW objects objects
P:28206; T:0x140027481172032 12:45:41.863 [opensc-pkcs11] framework-pkcs15.c:1710:pkcs15_create_tokens: Found 2 authentication objects
P:28206; T:0x140027481172032 12:45:41.863 [opensc-pkcs11] framework-pkcs15.c:1726:pkcs15_create_tokens: Found authentication object 'User Pin'
P:28206; T:0x140027481172032 12:45:41.863 [opensc-pkcs11] slot.c:480:slot_allocate: Allocated slot 0x0 for card in reader Giesecke & Devrient GmbH StarSign CUT S [.] (03201229036013) 00 00
P:28206; T:0x140027481172032 12:45:41.863 [opensc-pkcs11] framework-pkcs15.c:1146:pkcs15_init_slot: Called
P:28206; T:0x140027481172032 12:45:41.863 [opensc-pkcs11] card.c:1105:sc_card_ctl: called with cmd=11
P:28206; T:0x140027481172032 12:45:41.863 [opensc-pkcs11] card.c:1112:sc_card_ctl: card_ctl(11) not supported
P:28206; T:0x140027481172032 12:45:41.863 [opensc-pkcs11] framework-pkcs15.c:1243:pkcs15_init_slot: Initialized slot 0x0 with token DIEGO RIBEIRO DE SOUZA          A.E.T. Europe B.V.              PKCS#15         001f00310028e510
P:28206; T:0x140027481172032 12:45:41.863 [opensc-pkcs11] framework-pkcs15.c:1536:_add_pin_related_objects: Add objects related to PIN('User Pin',ID:02)
P:28206; T:0x140027481172032 12:45:41.863 [opensc-pkcs11] framework-pkcs15.c:1547:_add_pin_related_objects: ObjID(0x55cd05b46980,DIEGO RIBEIRO DE SOUZA (18/10/2021 ~ 17/10/2024),101):02
P:28206; T:0x140027481172032 12:45:41.863 [opensc-pkcs11] framework-pkcs15.c:1555:_add_pin_related_objects: Slot:0x55cd05b13360, obj:0x55cd05b46980  Adding private key 0 to PIN 'User Pin'
P:28206; T:0x140027481172032 12:45:41.863 [opensc-pkcs11] framework-pkcs15.c:1077:pkcs15_add_object: Slot:0 Setting object handle of 0x0 to 0x55cd05b46980
P:28206; T:0x140027481172032 12:45:41.863 [opensc-pkcs11] framework-pkcs15.c:1077:pkcs15_add_object: Slot:0 Setting object handle of 0x0 to 0x55cd05b48d90
P:28206; T:0x140027481172032 12:45:41.863 [opensc-pkcs11] framework-pkcs15.c:1547:_add_pin_related_objects: ObjID(0x7f5aa0002920,,101):02
P:28206; T:0x140027481172032 12:45:41.863 [opensc-pkcs11] framework-pkcs15.c:1555:_add_pin_related_objects: Slot:0x55cd05b13360, obj:0x7f5aa0002920  Adding private key 1 to PIN 'User Pin'
P:28206; T:0x140027481172032 12:45:41.863 [opensc-pkcs11] framework-pkcs15.c:1077:pkcs15_add_object: Slot:0 Setting object handle of 0x0 to 0x7f5aa0002920
P:28206; T:0x140027481172032 12:45:41.864 [opensc-pkcs11] framework-pkcs15.c:1077:pkcs15_add_object: Slot:0 Setting object handle of 0x0 to 0x55cd05b4c4b0
P:28206; T:0x140027481172032 12:45:41.864 [opensc-pkcs11] framework-pkcs15.c:1778:pkcs15_create_tokens: Add public objects to slot 0x55cd05b13360
P:28206; T:0x140027481172032 12:45:41.864 [opensc-pkcs11] framework-pkcs15.c:1599:_add_public_objects: 6 public objects to process
P:28206; T:0x140027481172032 12:45:41.864 [opensc-pkcs11] framework-pkcs15.c:1627:_add_public_objects: Add public object(0x55cd05b4bf70,AC OAB G3 emitido por AC Certisign G7,401)
P:28206; T:0x140027481172032 12:45:41.864 [opensc-pkcs11] framework-pkcs15.c:1077:pkcs15_add_object: Slot:0 Setting object handle of 0x0 to 0x55cd05b4bf70
P:28206; T:0x140027481172032 12:45:41.864 [opensc-pkcs11] framework-pkcs15.c:1077:pkcs15_add_object: Slot:0 Setting object handle of 0x0 to 0x55cd05b4bfd0
P:28206; T:0x140027481172032 12:45:41.864 [opensc-pkcs11] framework-pkcs15.c:1782:pkcs15_create_tokens: All tokens created
P:28206; T:0x140027481172032 12:45:41.864 [opensc-pkcs11] slot.c:404:card_detect: Giesecke & Devrient GmbH StarSign CUT S [.] (03201229036013) 00 00: Detection ended
P:28206; T:0x140027481172032 12:45:41.864 [opensc-pkcs11] slot.c:462:card_detect_all: All cards detected
P:28206; T:0x140027481172032 12:45:41.864 [opensc-pkcs11] pkcs11-global.c:377:C_Initialize: C_Initialize() = CKR_OK
P:28206; T:0x140027481172032 12:45:41.864 [opensc-pkcs11] pkcs11-global.c:516:C_GetSlotList: C_GetSlotList(token=0, plug-n-play)
P:28206; T:0x140027481172032 12:45:41.864 [opensc-pkcs11] pkcs11-global.c:518:C_GetSlotList: VSS C_GetSlotList before ctx_detect_detect
P:28206; T:0x140027481172032 12:45:41.864 [opensc-pkcs11] reader-pcsc.c:1426:pcsc_detect_readers: called
P:28206; T:0x140027481172032 12:45:41.864 [opensc-pkcs11] reader-pcsc.c:1439:pcsc_detect_readers: Probing PC/SC readers
P:28206; T:0x140027481172032 12:45:41.864 [opensc-pkcs11] reader-pcsc.c:1610:pcsc_detect_readers: returning with: 0 (Success)
P:28206; T:0x140027481172032 12:45:41.864 [opensc-pkcs11] pkcs11-global.c:524:C_GetSlotList: VSS C_GetSlotList after ctx_detect_readers
P:28206; T:0x140027481172032 12:45:41.864 [opensc-pkcs11] slot.c:421:card_detect_all: Detect all cards
P:28206; T:0x140027481172032 12:45:41.864 [opensc-pkcs11] slot.c:224:card_detect: Giesecke & Devrient GmbH StarSign CUT S [.] (03201229036013) 00 00: Detecting smart card
P:28206; T:0x140027481172032 12:45:41.864 [opensc-pkcs11] ctx.c:1086:sc_wait_for_event: called
P:28206; T:0x140027481172032 12:45:41.864 [opensc-pkcs11] reader-pcsc.c:1661:pcsc_wait_for_event: called
P:28206; T:0x140027481172032 12:45:41.864 [opensc-pkcs11] reader-pcsc.c:1750:pcsc_wait_for_event: reuse reader 'Giesecke & Devrient GmbH StarSign CUT S [.] (03201229036013) 00 00'
P:28206; T:0x140027481172032 12:45:41.864 [opensc-pkcs11] reader-pcsc.c:1750:pcsc_wait_for_event: reuse reader '\\?PnP?\Notification'
P:28206; T:0x140027481172032 12:45:41.866 [opensc-pkcs11] reader-pcsc.c:1790:pcsc_wait_for_event: Looping...
P:28206; T:0x140027481172032 12:45:41.866 [opensc-pkcs11] reader-pcsc.c:1796:pcsc_wait_for_event: 'Giesecke & Devrient GmbH StarSign CUT S [.] (03201229036013) 00 00' before=0x00000120 now=0x00000120
P:28206; T:0x140027481172032 12:45:41.866 [opensc-pkcs11] reader-pcsc.c:1796:pcsc_wait_for_event: '\\?PnP?\Notification' before=0x00040000 now=0x00040000
P:28206; T:0x140027481172032 12:45:41.867 [opensc-pkcs11] reader-pcsc.c:1960:pcsc_wait_for_event: returning with: -1112 (Timeout while waiting for event from card reader)
P:28206; T:0x140027481172032 12:45:41.867 [opensc-pkcs11] sc.c:339:sc_detect_card_presence: called
P:28206; T:0x140027481172032 12:45:41.867 [opensc-pkcs11] reader-pcsc.c:514:pcsc_detect_card_presence: called
P:28206; T:0x140027481172032 12:45:41.867 [opensc-pkcs11] reader-pcsc.c:384:refresh_attributes: Giesecke & Devrient GmbH StarSign CUT S [.] (03201229036013) 00 00 check
P:28206; T:0x140027481172032 12:45:41.868 [opensc-pkcs11] reader-pcsc.c:423:refresh_attributes: returning with: 0 (Success)
P:28206; T:0x140027481172032 12:45:41.868 [opensc-pkcs11] reader-pcsc.c:522:pcsc_detect_card_presence: returning with: 5
P:28206; T:0x140027481172032 12:45:41.868 [opensc-pkcs11] sc.c:350:sc_detect_card_presence: returning with: 5
P:28206; T:0x140027481172032 12:45:41.868 [opensc-pkcs11] slot.c:255:card_detect: Giesecke & Devrient GmbH StarSign CUT S [.] (03201229036013) 00 00: card present, no change detected
P:28206; T:0x140027481172032 12:45:41.868 [opensc-pkcs11] slot.c:462:card_detect_all: All cards detected
P:28206; T:0x140027481172032 12:45:41.868 [opensc-pkcs11] pkcs11-global.c:560:C_GetSlotList: VSS C_GetSlotList after card_detect_all
P:28206; T:0x140027481172032 12:45:41.868 [opensc-pkcs11] pkcs11-global.c:563:C_GetSlotList: was only a size inquiry (1)
P:28206; T:0x140027481172032 12:45:41.868 [opensc-pkcs11] pkcs11-global.c:516:C_GetSlotList: C_GetSlotList(token=0, refresh)
P:28206; T:0x140027481172032 12:45:41.868 [opensc-pkcs11] pkcs11-global.c:518:C_GetSlotList: VSS C_GetSlotList before ctx_detect_detect
P:28206; T:0x140027481172032 12:45:41.868 [opensc-pkcs11] pkcs11-global.c:524:C_GetSlotList: VSS C_GetSlotList after ctx_detect_readers
P:28206; T:0x140027481172032 12:45:41.868 [opensc-pkcs11] slot.c:421:card_detect_all: Detect all cards
P:28206; T:0x140027481172032 12:45:41.868 [opensc-pkcs11] slot.c:224:card_detect: Giesecke & Devrient GmbH StarSign CUT S [.] (03201229036013) 00 00: Detecting smart card
P:28206; T:0x140027481172032 12:45:41.868 [opensc-pkcs11] ctx.c:1086:sc_wait_for_event: called
P:28206; T:0x140027481172032 12:45:41.869 [opensc-pkcs11] reader-pcsc.c:1661:pcsc_wait_for_event: called
P:28206; T:0x140027481172032 12:45:41.869 [opensc-pkcs11] reader-pcsc.c:1750:pcsc_wait_for_event: reuse reader 'Giesecke & Devrient GmbH StarSign CUT S [.] (03201229036013) 00 00'
P:28206; T:0x140027481172032 12:45:41.869 [opensc-pkcs11] reader-pcsc.c:1750:pcsc_wait_for_event: reuse reader '\\?PnP?\Notification'
P:28206; T:0x140027481172032 12:45:41.870 [opensc-pkcs11] reader-pcsc.c:1790:pcsc_wait_for_event: Looping...
P:28206; T:0x140027481172032 12:45:41.870 [opensc-pkcs11] reader-pcsc.c:1796:pcsc_wait_for_event: 'Giesecke & Devrient GmbH StarSign CUT S [.] (03201229036013) 00 00' before=0x00000120 now=0x00000120
P:28206; T:0x140027481172032 12:45:41.870 [opensc-pkcs11] reader-pcsc.c:1796:pcsc_wait_for_event: '\\?PnP?\Notification' before=0x00040000 now=0x00040000
P:28206; T:0x140027481172032 12:45:41.871 [opensc-pkcs11] reader-pcsc.c:1960:pcsc_wait_for_event: returning with: -1112 (Timeout while waiting for event from card reader)
P:28206; T:0x140027481172032 12:45:41.871 [opensc-pkcs11] sc.c:339:sc_detect_card_presence: called
P:28206; T:0x140027481172032 12:45:41.871 [opensc-pkcs11] reader-pcsc.c:514:pcsc_detect_card_presence: called
P:28206; T:0x140027481172032 12:45:41.871 [opensc-pkcs11] reader-pcsc.c:384:refresh_attributes: Giesecke & Devrient GmbH StarSign CUT S [.] (03201229036013) 00 00 check
P:28206; T:0x140027481172032 12:45:41.872 [opensc-pkcs11] reader-pcsc.c:423:refresh_attributes: returning with: 0 (Success)
P:28206; T:0x140027481172032 12:45:41.872 [opensc-pkcs11] reader-pcsc.c:522:pcsc_detect_card_presence: returning with: 5
P:28206; T:0x140027481172032 12:45:41.872 [opensc-pkcs11] sc.c:350:sc_detect_card_presence: returning with: 5
P:28206; T:0x140027481172032 12:45:41.872 [opensc-pkcs11] slot.c:255:card_detect: Giesecke & Devrient GmbH StarSign CUT S [.] (03201229036013) 00 00: card present, no change detected
P:28206; T:0x140027481172032 12:45:41.872 [opensc-pkcs11] slot.c:462:card_detect_all: All cards detected
P:28206; T:0x140027481172032 12:45:41.872 [opensc-pkcs11] pkcs11-global.c:560:C_GetSlotList: VSS C_GetSlotList after card_detect_all
P:28206; T:0x140027481172032 12:45:41.872 [opensc-pkcs11] pkcs11-global.c:568:C_GetSlotList: VSS C_GetSlotList after slot->id reassigned
P:28206; T:0x140027481172032 12:45:41.872 [opensc-pkcs11] pkcs11-global.c:581:C_GetSlotList: returned 1 slots
P:28206; T:0x140027481172032 12:45:41.872 [opensc-pkcs11] pkcs11-global.c:582:C_GetSlotList: VSS Returning a new slot list
P:28206; T:0x140027481172032 12:45:41.872 [opensc-pkcs11] pkcs11-global.c:631:C_GetSlotInfo: C_GetSlotInfo(0x0)
P:28206; T:0x140027481172032 12:45:41.872 [opensc-pkcs11] slot.c:421:card_detect_all: Detect all cards
P:28206; T:0x140027481172032 12:45:41.872 [opensc-pkcs11] slot.c:224:card_detect: Giesecke & Devrient GmbH StarSign CUT S [.] (03201229036013) 00 00: Detecting smart card
P:28206; T:0x140027481172032 12:45:41.872 [opensc-pkcs11] ctx.c:1086:sc_wait_for_event: called
P:28206; T:0x140027481172032 12:45:41.872 [opensc-pkcs11] reader-pcsc.c:1661:pcsc_wait_for_event: called
P:28206; T:0x140027481172032 12:45:41.872 [opensc-pkcs11] reader-pcsc.c:1750:pcsc_wait_for_event: reuse reader 'Giesecke & Devrient GmbH StarSign CUT S [.] (03201229036013) 00 00'
P:28206; T:0x140027481172032 12:45:41.872 [opensc-pkcs11] reader-pcsc.c:1750:pcsc_wait_for_event: reuse reader '\\?PnP?\Notification'
P:28206; T:0x140027481172032 12:45:41.873 [opensc-pkcs11] reader-pcsc.c:1790:pcsc_wait_for_event: Looping...
P:28206; T:0x140027481172032 12:45:41.873 [opensc-pkcs11] reader-pcsc.c:1796:pcsc_wait_for_event: 'Giesecke & Devrient GmbH StarSign CUT S [.] (03201229036013) 00 00' before=0x00000120 now=0x00000120
P:28206; T:0x140027481172032 12:45:41.873 [opensc-pkcs11] reader-pcsc.c:1796:pcsc_wait_for_event: '\\?PnP?\Notification' before=0x00040000 now=0x00040000
P:28206; T:0x140027481172032 12:45:41.874 [opensc-pkcs11] reader-pcsc.c:1960:pcsc_wait_for_event: returning with: -1112 (Timeout while waiting for event from card reader)
P:28206; T:0x140027481172032 12:45:41.875 [opensc-pkcs11] sc.c:339:sc_detect_card_presence: called
P:28206; T:0x140027481172032 12:45:41.875 [opensc-pkcs11] reader-pcsc.c:514:pcsc_detect_card_presence: called
P:28206; T:0x140027481172032 12:45:41.875 [opensc-pkcs11] reader-pcsc.c:384:refresh_attributes: Giesecke & Devrient GmbH StarSign CUT S [.] (03201229036013) 00 00 check
P:28206; T:0x140027481172032 12:45:41.876 [opensc-pkcs11] reader-pcsc.c:423:refresh_attributes: returning with: 0 (Success)
P:28206; T:0x140027481172032 12:45:41.876 [opensc-pkcs11] reader-pcsc.c:522:pcsc_detect_card_presence: returning with: 5
P:28206; T:0x140027481172032 12:45:41.876 [opensc-pkcs11] sc.c:350:sc_detect_card_presence: returning with: 5
P:28206; T:0x140027481172032 12:45:41.876 [opensc-pkcs11] slot.c:255:card_detect: Giesecke & Devrient GmbH StarSign CUT S [.] (03201229036013) 00 00: card present, no change detected
P:28206; T:0x140027481172032 12:45:41.876 [opensc-pkcs11] slot.c:462:card_detect_all: All cards detected
P:28206; T:0x140027481172032 12:45:41.876 [opensc-pkcs11] pkcs11-global.c:643:C_GetSlotInfo: VSS C_GetSlotInfo found
P:28206; T:0x140027481172032 12:45:41.876 [opensc-pkcs11] pkcs11-global.c:644:C_GetSlotInfo: C_GetSlotInfo() get slot rv CKR_OK
P:28206; T:0x140027481172032 12:45:41.876 [opensc-pkcs11] slot.c:224:card_detect: Giesecke & Devrient GmbH StarSign CUT S [.] (03201229036013) 00 00: Detecting smart card
P:28206; T:0x140027481172032 12:45:41.876 [opensc-pkcs11] ctx.c:1086:sc_wait_for_event: called
P:28206; T:0x140027481172032 12:45:41.876 [opensc-pkcs11] reader-pcsc.c:1661:pcsc_wait_for_event: called
P:28206; T:0x140027481172032 12:45:41.876 [opensc-pkcs11] reader-pcsc.c:1750:pcsc_wait_for_event: reuse reader 'Giesecke & Devrient GmbH StarSign CUT S [.] (03201229036013) 00 00'
P:28206; T:0x140027481172032 12:45:41.876 [opensc-pkcs11] reader-pcsc.c:1750:pcsc_wait_for_event: reuse reader '\\?PnP?\Notification'
P:28206; T:0x140027481172032 12:45:41.877 [opensc-pkcs11] reader-pcsc.c:1790:pcsc_wait_for_event: Looping...
P:28206; T:0x140027481172032 12:45:41.877 [opensc-pkcs11] reader-pcsc.c:1796:pcsc_wait_for_event: 'Giesecke & Devrient GmbH StarSign CUT S [.] (03201229036013) 00 00' before=0x00000120 now=0x00000120
P:28206; T:0x140027481172032 12:45:41.877 [opensc-pkcs11] reader-pcsc.c:1796:pcsc_wait_for_event: '\\?PnP?\Notification' before=0x00040000 now=0x00040000
P:28206; T:0x140027481172032 12:45:41.878 [opensc-pkcs11] reader-pcsc.c:1960:pcsc_wait_for_event: returning with: -1112 (Timeout while waiting for event from card reader)
P:28206; T:0x140027481172032 12:45:41.878 [opensc-pkcs11] sc.c:339:sc_detect_card_presence: called
P:28206; T:0x140027481172032 12:45:41.878 [opensc-pkcs11] reader-pcsc.c:514:pcsc_detect_card_presence: called
P:28206; T:0x140027481172032 12:45:41.878 [opensc-pkcs11] reader-pcsc.c:384:refresh_attributes: Giesecke & Devrient GmbH StarSign CUT S [.] (03201229036013) 00 00 check
P:28206; T:0x140027481172032 12:45:41.879 [opensc-pkcs11] reader-pcsc.c:423:refresh_attributes: returning with: 0 (Success)
P:28206; T:0x140027481172032 12:45:41.879 [opensc-pkcs11] reader-pcsc.c:522:pcsc_detect_card_presence: returning with: 5
P:28206; T:0x140027481172032 12:45:41.879 [opensc-pkcs11] sc.c:350:sc_detect_card_presence: returning with: 5
P:28206; T:0x140027481172032 12:45:41.879 [opensc-pkcs11] slot.c:255:card_detect: Giesecke & Devrient GmbH StarSign CUT S [.] (03201229036013) 00 00: card present, no change detected
P:28206; T:0x140027481172032 12:45:41.879 [opensc-pkcs11] pkcs11-global.c:653:C_GetSlotInfo: C_GetSlotInfo() card detect rv 0x0
P:28206; T:0x140027481172032 12:45:41.879 [opensc-pkcs11] pkcs11-global.c:670:C_GetSlotInfo: C_GetSlotInfo() flags 0x7
P:28206; T:0x140027481172032 12:45:41.879 [opensc-pkcs11] pkcs11-global.c:674:C_GetSlotInfo: C_GetSlotInfo(0x0) = CKR_OK
Using slot 0 with a present token (0x0)
P:28206; T:0x140027481172032 12:45:41.879 [opensc-pkcs11] pkcs11-session.c:58:C_OpenSession: C_OpenSession(0x0)
P:28206; T:0x140027481172032 12:45:41.879 [opensc-pkcs11] slot.c:502:slot_get_token: Slot(id=0x0): get token
P:28206; T:0x140027481172032 12:45:41.879 [opensc-pkcs11] slot.c:520:slot_get_token: Slot-get-token returns OK
P:28206; T:0x140027481172032 12:45:41.879 [opensc-pkcs11] pkcs11-session.c:94:C_OpenSession: C_OpenSession handle: 0x55cd05b4c3b0
P:28206; T:0x140027481172032 12:45:41.879 [opensc-pkcs11] pkcs11-session.c:97:C_OpenSession: C_OpenSession() = CKR_OK
P:28206; T:0x140027481172032 12:45:41.879 [opensc-pkcs11] framework-pkcs15.c:555:C_GetTokenInfo: C_GetTokenInfo(0)
P:28206; T:0x140027481172032 12:45:41.879 [opensc-pkcs11] slot.c:502:slot_get_token: Slot(id=0x0): get token
P:28206; T:0x140027481172032 12:45:41.879 [opensc-pkcs11] slot.c:520:slot_get_token: Slot-get-token returns OK
P:28206; T:0x140027481172032 12:45:41.880 [opensc-pkcs11] framework-pkcs15.c:580:C_GetTokenInfo: C_GetTokenInfo() auth. object 0x55cd05b4fde0, token-info flags 0x40C
P:28206; T:0x140027481172032 12:45:41.880 [opensc-pkcs11] pkcs15-pin.c:698:sc_pkcs15_get_pin_info: called
P:28206; T:0x140027481172032 12:45:41.880 [opensc-pkcs11] card.c:466:sc_lock: called
P:28206; T:0x140027481172032 12:45:41.880 [opensc-pkcs11] reader-pcsc.c:728:pcsc_lock: called
P:28206; T:0x140027481172032 12:45:41.880 [opensc-pkcs11] card.c:505:sc_lock: returning with: 0 (Success)
P:28206; T:0x140027481172032 12:45:41.880 [opensc-pkcs11] card.c:836:sc_select_file: called; type=0, path=3f00
P:28206; T:0x140027481172032 12:45:41.880 [opensc-pkcs11] card-starsign.c:135:starsign_select_file: STARSIGN SELECT FILE EXECUTING type=0 len=2
P:28206; T:0x140027481172032 12:45:41.880 [opensc-pkcs11] card.c:871:sc_select_file: returning with: 0 (Success)
P:28206; T:0x140027481172032 12:45:41.880 [opensc-pkcs11] sec.c:210:sc_pin_cmd: called
P:28206; T:0x140027481172032 12:45:41.880 [opensc-pkcs11] iso7816.c:1301:iso7816_pin_cmd: Card does not support PIN status queries
P:28206; T:0x140027481172032 12:45:41.880 [opensc-pkcs11] sec.c:266:sc_pin_cmd: returning with: -1408 (Not supported)
P:28206; T:0x140027481172032 12:45:41.880 [opensc-pkcs11] card.c:515:sc_unlock: called
P:28206; T:0x140027481172032 12:45:41.880 [opensc-pkcs11] reader-pcsc.c:770:pcsc_unlock: called
P:28206; T:0x140027481172032 12:45:41.880 [opensc-pkcs11] pkcs15-pin.c:732:sc_pkcs15_get_pin_info: returning with: -1408 (Not supported)
P:28206; T:0x140027481172032 12:45:41.880 [opensc-pkcs11] framework-pkcs15.c:614:C_GetTokenInfo: C_GetTokenInfo(0) returns CKR_OK
Logging in to "DIEGO RIBEIRO DE SOUZA".
Please enter User PIN: error: util_getpass error
Aborting.
